t,gt_x,gt_y,odom_x,odom_y,ekf_x,ekf_y,ekf_theta,Pxx,Pxy,Pxt,Pyy,Pyt,Ptt,lambda_min,warn
1.486,0.5,0.9,0.499874,0.9,0.499874,0.9,-0.000892395,0.00250021,0,0,0.0025,-5.0593e-08,0.000402,5.49493e+06,0
1.506,0.5,0.9,0.4999,0.9,0.49557,0.908304,-0.000566212,0.00233369,-2.04505e-10,1.24281e-11,0.00233333,-3.63159e-08,0.000399437,5.49493e+06,0
1.526,0.500001,0.9,0.499512,0.9,0.495182,0.908305,-0.00114671,0.00233404,-4.04164e-10,-7.52679e-11,0.00233333,-1.91198e-07,0.000401439,5.49493e+06,0
1.546,0.500003,0.9,0.499986,0.9,0.491993,0.915559,-0.00156579,0.00218853,-9.45603e-10,2.0402e-10,0.0021875,1.11172e-08,0.000398889,5.48629e+06,0
1.566,0.500005,0.9,0.500099,0.9,0.492105,0.915559,-0.00179706,0.00218874,-1.27126e-09,2.74065e-10,0.0021875,5.58518e-08,0.000400893,5.48629e+06,0
1.586,0.502558,0.9,0.503822,0.899998,0.495829,0.915552,-0.000278557,0.00219385,-1.04522e-08,2.9565e-09,0.00218751,1.54853e-06,0.000402898,5.48629e+06,0
1.606,0.507098,0.9,0.508226,0.900001,0.500233,0.915551,0.000521998,0.00220062,-1.2321e-08,3.45077e-09,0.00218753,3.32287e-06,0.000404903,5.48629e+06,0
1.626,0.512438,0.9,0.5135,0.900009,0.505506,0.915554,0.00106005,0.00220985,-7.50363e-09,2.33613e-09,0.00218757,5.45826e-06,0.000406909,5.48629e+06,0
1.646,0.518578,0.9,0.519929,0.90002,0.508208,0.922028,0.000893573,0.00209167,2.81291e-09,2.97248e-10,0.00205897,7.6643e-06,0.000404239,5.45212e+06,0
1.666,0.525518,0.9,0.526486,0.900033,0.514765,0.922034,0.00112146,0.0021052,1.4846e-08,-2.07131e-09,0.00205909,1.0315e-05,0.000406247,5.45212e+06,0
1.686,0.533258,0.9,0.535024,0.900049,0.523303,0.922043,0.000695089,0.002127,3.91434e-08,-5.96119e-09,0.00205929,1.37836e-05,0.000408256,5.45212e+06,0
1.706,0.541798,0.9,0.543829,0.900058,0.532108,0.92205,-0.000469478,0.00215007,5.50162e-08,-8.45993e-09,0.00205957,1.73785e-05,0.000410265,5.45212e+06,0
1.726,0.551138,0.9,0.553184,0.900065,0.537305,0.927006,-9.62358e-05,0.00205141,3.1715e-08,-5.35766e-09,0.00194544,2.00162e-05,0.000407515,5.2725e+06,0
1.746,0.561096,0.9,0.562816,0.900071,0.546937,0.927005,-0.000970802,0.00207862,2.90673e-08,-4.97997e-09,0.00194586,2.39417e-05,0.000409526,5.2725e+06,0
1.766,0.571096,0.9,0.57288,0.900076,0.557001,0.926996,-0.000466235,0.00210812,6.49484e-10,-9.79077e-10,0.00194639,2.80632e-05,0.000411538,5.2725e+06,0
1.786,0.581096,0.9,0.582734,0.900084,0.566855,0.926991,-0.000125944,0.0021365,-1.24448e-08,9.11823e-10,0.00194698,3.21192e-05,0.000413552,5.2725e+06,0
1.806,0.591096,0.9,0.592739,0.900096,0.57686,0.92699,0.00022785,0.00216569,-1.60659e-08,1.43297e-09,0.00194766,3.62572e-05,0.000415566,5.2725e+06,0
1.826,0.601096,0.9,0.60257,0.900112,0.586691,0.926992,0.000712983,0.00219394,-9.70476e-09,5.02162e-10,0.00194842,4.0343e-05,0.000417581,5.2725e+06,0
1.846,0.611096,0.9,0.612171,0.900125,0.590777,0.930291,-0.00037983,0.00209158,8.08123e-09,-2.01028e-09,0.00184639,4.17272e-05,0.000414631,4.99892e+06,0
1.866,0.621096,0.9,0.622028,0.900132,0.600634,0.930287,-0.000627603,0.00211997,-2.55248e-09,-4.57831e-10,0.00184726,4.5815e-05,0.000416648,4.99892e+06,0
1.886,0.631096,0.9,0.631893,0.900137,0.610499,0.930281,-0.000760351,0.0021484,-2.0092e-08,2.12166e-09,0.0018482,4.99257e-05,0.000418666,4.99892e+06,0
1.906,0.641096,0.9,0.641655,0.900144,0.620261,0.930273,-0.000454641,0.00217629,-4.08771e-08,5.22946e-09,0.00184921,5.40136e-05,0.000420685,4.99892e+06,0
1.926,0.651096,0.9,0.651664,0.90015,0.624839,0.932742,-0.000830411,0.0020781,-5.00032e-08,6.87919e-09,0.0017574,5.48544e-05,0.000417631,4.78436e+06,0
1.946,0.661096,0.9,0.661752,0.90015,0.634927,0.932733,-0.00154409,0.00210774,-7.40498e-08,1.0378e-08,0.00175855,5.90684e-05,0.000419652,4.78436e+06,0
1.966,0.671096,0.9,0.671276,0.900149,0.644452,0.932719,-0.00128433,0.00213439,-1.14171e-07,1.65501e-08,0.00175971,6.30664e-05,0.000421674,4.78436e+06,0
1.986,0.681096,0.9,0.68153,0.900147,0.654706,0.932705,-0.00154548,0.00216494,-1.52348e-07,2.21039e-08,0.00176105,6.73915e-05,0.000423697,4.78436e+06,0
2.006,0.691096,0.9,0.691866,0.90014,0.665041,0.932689,-0.00225389,0.00219593,-1.9888e-07,2.88723e-08,0.00176249,7.17717e-05,0.000425721,4.78436e+06,0
2.026,0.701096,0.9,0.701013,0.900132,0.674188,0.932669,-0.00196009,0.00222067,-2.52809e-07,3.76503e-08,0.00176383,7.56673e-05,0.000427746,4.78436e+06,0
2.046,0.711096,0.9,0.710956,0.900124,0.677005,0.934557,-0.00218165,0.00211704,-2.79223e-07,4.34091e-08,0.00168052,7.53694e-05,0.000424455,4.54227e+06,0
2.066,0.721095,0.9,0.720285,0.900114,0.686333,0.934537,-0.0022904,0.00214268,-3.33157e-07,5.2049e-08,0.00168196,7.93305e-05,0.000426482,4.54227e+06,0
2.086,0.731093,0.9,0.730675,0.900109,0.696724,0.934513,-0.00104117,0.00217399,-4.02327e-07,6.22003e-08,0.00168366,8.37636e-05,0.00042851,4.54227e+06,0
2.106,0.741089,0.9,0.741523,0.900107,0.707571,0.934501,-0.00171785,0.00220791,-4.35968e-07,6.7042e-08,0.00168553,8.84138e-05,0.000430539,4.54227e+06,0
2.126,0.751085,0.9,0.751673,0.900098,0.711209,0.936009,-0.00226482,0.00210686,-4.38674e-07,7.03834e-08,0.00160962,8.76435e-05,0.00042713,4.24147e+06,0
2.146,0.76108,0.9,0.761486,0.900085,0.721022,0.935987,-0.00272091,0.00213502,-4.99716e-07,7.98785e-08,0.00161138,9.18369e-05,0.000429161,4.24147e+06,0
2.166,0.771075,0.9,0.771544,0.900069,0.731081,0.935959,-0.00260083,0.0021645,-5.76483e-07,9.16266e-08,0.00161327,9.61558e-05,0.000431193,4.24147e+06,0
2.186,0.781069,0.9,0.781374,0.900059,0.74091,0.935934,-0.0016754,0.00219274,-6.46481e-07,1.02653e-07,0.0016152,0.000100397,0.000433226,4.24147e+06,0
2.206,0.791062,0.9,0.790877,0.900059,0.750414,0.935918,-0.000597316,0.00221929,-6.8831e-07,1.09555e-07,0.00161715,0.000104516,0.000435261,4.24147e+06,0
2.226,0.801056,0.9,0.800718,0.90007,0.760673,0.937203,0.000496008,0.00211526,-6.37748e-07,1.06652e-07,0.00154743,0.000102905,0.000431658,3.12293e+06,0
2.246,0.811051,0.9,0.810555,0.900084,0.77051,0.937208,-0.000124274,0.00214355,-6.23191e-07,1.04549e-07,0.0015495,0.000107153,0.000433695,3.12293e+06,0
2.266,0.821046,0.9,0.820587,0.900096,0.780542,0.937207,0.000121154,0.00217288,-6.25649e-07,1.05093e-07,0.00155169,0.000111507,0.000435732,3.12293e+06,0
2.286,0.831043,0.9,0.830096,0.900109,0.790051,0.937208,9.77356e-05,0.00219945,-6.21564e-07,1.04594e-07,0.00155385,0.000115654,0.000437771,3.12293e+06,0
2.306,0.84104,0.9,0.840106,0.900126,0.80006,0.937209,0.000745856,0.00222866,-6.17779e-07,1.04169e-07,0.00155621,0.000120039,0.000439811,3.12293e+06,0
2.326,0.851038,0.9,0.850638,0.900151,0.812473,0.938068,0.0012864,0.00212735,-5.37367e-07,9.59412e-08,0.00149203,0.000118078,0.000436009,2.70353e+06,0
2.346,0.861036,0.9,0.860707,0.900177,0.822542,0.938081,0.00113069,0.00215689,-4.99996e-07,9.02965e-08,0.00149445,0.000122471,0.000438051,2.70353e+06,0
2.366,0.871034,0.9,0.871456,0.900205,0.833291,0.938093,0.00130159,0.00219023,-4.62867e-07,8.49749e-08,0.00149714,0.000127184,0.000440095,2.70353e+06,0
2.386,0.881033,0.9,0.881581,0.900227,0.843416,0.938107,0.000282708,0.00222007,-4.24904e-07,7.91772e-08,0.00149976,0.000131644,0.000442139,2.70353e+06,0
2.406,0.891032,0.9,0.891515,0.900242,0.85335,0.938109,-0.000168914,0.00224888,-4.16356e-07,7.79376e-08,0.00150242,0.00013604,0.000444185,2.70353e+06,0
2.426,0.901031,0.9,0.900811,0.90025,0.864178,0.938694,-0.000920665,0.00213858,-3.82346e-07,7.50407e-08,0.00144253,0.000132885,0.00044017,2.51977e+06,0
2.446,0.91103,0.9,0.911545,0.900252,0.874912,0.938684,-0.00181505,0.00217184,-4.10801e-07,7.93929e-08,0.00144543,0.000137614,0.000442218,2.51977e+06,0
2.466,0.921029,0.9,0.922236,0.900248,0.885603,0.938665,-0.00207446,0.00220485,-4.67106e-07,8.79767e-08,0.00144843,0.000142346,0.000444267,2.51977e+06,0
2.486,0.931029,0.9,0.932085,0.900246,0.895452,0.938644,-0.00152885,0.0022332,-5.22054e-07,9.7057e-08,0.00145127,0.000146727,0.000446317,2.51977e+06,0
2.506,0.941029,0.9,0.942178,0.900245,0.905544,0.938629,-0.00169028,0.00226287,-5.64089e-07,1.03947e-07,0.00145428,0.000151236,0.000448369,2.51977e+06,0
2.526,0.951028,0.9,0.952318,0.900247,0.918104,0.939092,-0.00117258,0.00215537,-5.61395e-07,1.06981e-07,0.00139862,0.000147857,0.000444138,2.3084e+06,0
2.546,0.961028,0.9,0.962279,0.90025,0.928065,0.93908,-0.00167743,0.00218432,-5.92495e-07,1.12172e-07,0.00140161,0.000152286,0.000446192,2.3084e+06,0
2.566,0.971028,0.9,0.971834,0.900252,0.93762,0.939064,-0.00140415,0.00221113,-6.33879e-07,1.19328e-07,0.00140456,0.000156555,0.000448247,2.3084e+06,0
2.586,0.981028,0.9,0.982205,0.900257,0.947991,0.93905,-0.00107318,0.00224232,-6.74099e-07,1.25861e-07,0.00140786,0.00016121,0.000450303,2.3084e+06,0
2.606,0.991027,0.9,0.992226,0.900262,0.958012,0.939039,-0.0014,0.00227159,-7.0247e-07,1.30709e-07,0.00141114,0.000165728,0.000452361,2.3084e+06,0
2.626,1.00103,0.9,1.00281,0.900265,0.9686,0.939024,-0.00157234,0.00230402,-7.43953e-07,1.3742e-07,0.0014147,0.000170525,0.00045442,2.3084e+06,0
2.646,1.01103,0.9,1.01267,0.900267,0.980502,0.939416,-0.00165191,0.00219008,-7.17851e-07,1.3838e-07,0.00136221,0.000166221,0.000449877,2.1573e+06,0
2.666,1.02103,0.9,1.02301,0.900276,0.990848,0.939399,-0.000442567,0.00222113,-7.648e-07,1.46075e-07,0.0013657,0.000170882,0.000451938,2.1573e+06,0
2.686,1.03103,0.9,1.03353,0.900288,1.00137,0.939395,-0.0011847,0.00225317,-7.76624e-07,1.48186e-07,0.00136934,0.000175643,0.000454,2.1573e+06,0
2.706,1.04103,0.9,1.04423,0.900301,1.01207,0.939382,-0.000360127,0.00228622,-8.11903e-07,1.53946e-07,0.00137315,0.000180507,0.000456064,2.1573e+06,0
2.726,1.05103,0.9,1.05395,0.900315,1.02445,0.939619,-0.000790044,0.00217371,-7.47934e-07,1.48963e-07,0.00132384,0.000175838,0.000451389,2.00807e+06,0
2.746,1.06103,0.9,1.06442,0.900333,1.03492,0.939611,-0.000243807,0.00220545,-7.69961e-07,1.52703e-07,0.00132757,0.000180571,0.000453455,2.00807e+06,0
2.766,1.07103,0.9,1.07439,0.900354,1.04489,0.939608,0.000266825,0.00223447,-7.75062e-07,1.53813e-07,0.00133122,0.000185101,0.000455522,2.00807e+06,0
2.786,1.08103,0.9,1.08411,0.900383,1.05461,0.939611,0.00132434,0.00226214,-7.66675e-07,1.52639e-07,0.00133486,0.000189537,0.000457591,2.00807e+06,0
2.806,1.09103,0.9,1.09424,0.900414,1.06474,0.939624,0.000472371,0.00229198,-7.28218e-07,1.4651e-07,0.00133874,0.000194179,0.000459661,2.00807e+06,0
2.826,1.10103,0.9,1.10426,0.900433,1.07729,0.939643,-0.00137897,0.00218043,-6.51409e-07,1.38308e-07,0.00129218,0.000189154,0.000454762,1.82227e+06,0
2.846,1.11103,0.9,1.1145,0.900436,1.08753,0.939629,-0.00282985,0.00221088,-6.89248e-07,1.44733e-07,0.0012961,0.000193818,0.000456834,1.82227e+06,0
2.866,1.12103,0.9,1.12427,0.900433,1.0973,0.939601,-0.00257053,0.00223882,-7.61415e-07,1.57374e-07,0.00129994,0.000198291,0.000458908,1.82227e+06,0
2.886,1.13103,0.9,1.13438,0.900433,1.10741,0.939575,-0.00239958,0.00226856,-8.31016e-07,1.69306e-07,0.00130399,0.00020294,0.000460983,1.82227e+06,0
2.906,1.14103,0.9,1.14478,0.900432,1.11781,0.93955,-0.00249208,0.00229992,-8.99321e-07,1.8082e-07,0.00130826,0.000207744,0.00046306,1.82227e+06,0
2.926,1.15103,0.9,1.15445,0.900437,1.12985,0.939377,-0.00165094,0.00218552,-8.8128e-07,1.84098e-07,0.00126386,0.000202068,0.000457932,1.63887e+06,0
2.946,1.16103,0.9,1.16479,0.900447,1.1402,0.93936,-0.00163475,0.00221656,-9.2709e-07,1.91928e-07,0.00126809,0.000206815,0.000460011,1.63887e+06,0
2.966,1.17103,0.9,1.17399,0.900463,1.1494,0.939345,9.43201e-06,0.00224155,-9.63008e-07,1.98857e-07,0.00127193,0.000211057,0.000462091,1.63887e+06,0
2.986,1.18103,0.9,1.18335,0.900488,1.15876,0.939345,9.66057e-05,0.00226735,-9.60923e-07,1.98827e-07,0.00127592,0.000215392,0.000464173,1.63887e+06,0
3.006,1.19103,0.9,1.19356,0.900513,1.16897,0.939346,-0.000445276,0.00229766,-9.56182e-07,1.98381e-07,0.00128037,0.000220143,0.000466256,1.63887e+06,0
3.026,1.20103,0.9,1.20337,0.900527,1.18145,0.939087,-0.00230385,0.00218426,-8.82939e-07,1.9222e-07,0.00123807,0.000214102,0.000460909,1.54756e+06,0
3.046,1.21103,0.9,1.21346,0.900533,1.19154,0.939064,-0.00219095,0.00221392,-9.44239e-07,2.02948e-07,0.00124244,0.000218765,0.000462994,1.54756e+06,0
3.066,1.22103,0.9,1.22379,0.900539,1.20187,0.939042,-0.00229837,0.00224488,-1.00491e-06,2.13438e-07,0.00124701,0.000223559,0.000465081,1.54756e+06,0
3.086,1.23103,0.9,1.23412,0.900544,1.2122,0.939018,-0.00247534,0.00227586,-1.06849e-06,2.24495e-07,0.00125167,0.000228376,0.00046717,1.54756e+06,0
3.106,1.24103,0.9,1.24385,0.900543,1.22193,0.938994,-0.00350916,0.00230357,-1.12929e-06,2.35761e-07,0.00125616,0.000232934,0.00046926,1.54756e+06,0
3.126,1.25103,0.9,1.25438,0.900537,1.2355,0.93872,-0.00358148,0.00219342,-1.1326e-06,2.43127e-07,0.00121594,0.000226772,0.000463685,1.46252e+06,0
3.146,1.26103,0.9,1.26415,0.900533,1.24526,0.938685,-0.00351111,0.00222131,-1.22203e-06,2.59357e-07,0.00122041,0.000231311,0.000465777,1.46252e+06,0
3.166,1.27103,0.9,1.27484,0.900527,1.25595,0.938647,-0.00375228,0.00225431,-1.32624e-06,2.76855e-07,0.00122541,0.000236303,0.00046787,1.46252e+06,0
3.186,1.28103,0.9,1.28478,0.900517,1.2659,0.93861,-0.00447206,0.00228318,-1.42285e-06,2.9434e-07,0.00123016,0.000240971,0.000469965,1.46252e+06,0
3.206,1.29103,0.9,1.29435,0.900501,1.27547,0.938567,-0.00488564,0.00231008,-1.5298e-06,3.14481e-07,0.00123482,0.000245484,0.000472062,1.46252e+06,0
3.226,1.30103,0.9,1.3045,0.900482,1.28862,0.938284,-0.00521941,0.00219699,-1.52531e-06,3.2469e-07,0.00119595,0.000238697,0.000466258,1.40883e+06,0
3.246,1.31103,0.9,1.31437,0.900458,1.29848,0.938232,-0.00624127,0.00222544,-1.65806e-06,3.4873e-07,0.0012007,0.000243312,0.000468357,1.40883e+06,0
3.266,1.32103,0.9,1.32515,0.900426,1.30926,0.938165,-0.00633304,0.00225897,-1.84683e-06,3.80272e-07,0.001206,0.000248376,0.000470458,1.40883e+06,0
3.286,1.33103,0.9,1.33481,0.900397,1.31892,0.938104,-0.00620711,0.00228633,-2.00096e-06,4.09092e-07,0.00121085,0.000252937,0.00047256,1.40883e+06,0
3.306,1.34103,0.9,1.34417,0.900371,1.32829,0.938046,-0.00597619,0.00231215,-2.14248e-06,4.36595e-07,0.00121563,0.000257378,0.000474664,1.40883e+06,0
3.326,1.35103,0.9,1.35495,0.90034,1.34228,0.937663,-0.0065035,0.00220237,-2.1314e-06,4.49336e-07,0.00117842,0.000250466,0.000468636,1.34309e+06,0
3.346,1.36103,0.9,1.36483,0.900312,1.35216,0.937599,-0.00625425,0.00223092,-2.29622e-06,4.79508e-07,0.00118342,0.000255115,0.000470742,1.34309e+06,0
3.366,1.37103,0.9,1.37438,0.900285,1.36171,0.937539,-0.00648257,0.00225766,-2.44342e-06,5.07649e-07,0.00118834,0.000259624,0.00047285,1.34309e+06,0
3.386,1.38103,0.9,1.38441,0.900256,1.37174,0.937474,-0.00631317,0.00228702,-2.61143e-06,5.38462e-07,0.0011936,0.000264387,0.000474959,1.34309e+06,0
3.406,1.39103,0.9,1.39459,0.900227,1.38191,0.93741,-0.00641837,0.00231711,-2.77867e-06,5.69014e-07,0.00119903,0.000269236,0.00047707,1.34309e+06,0
3.426,1.40103,0.9,1.40447,0.900202,1.3918,0.937347,-0.00563786,0.00234566,-2.93887e-06,5.99338e-07,0.0012044,0.00027397,0.000479183,1.34309e+06,0
3.446,1.41103,0.9,1.41434,0.900184,1.40403,0.937012,-0.00723533,0.00222677,-2.81239e-06,6.01929e-07,0.00116755,0.000265956,0.000472807,1.30265e+06,0
3.466,1.42103,0.9,1.42405,0.900174,1.41374,0.936942,-0.00626842,0.00225439,-2.98741e-06,6.35212e-07,0.00117277,0.000270566,0.000474922,1.30265e+06,0
3.486,1.43103,0.9,1.43422,0.900167,1.42391,0.936878,-0.00663381,0.0022845,-3.1521e-06,6.65563e-07,0.00117832,0.000275417,0.000477038,1.30265e+06,0
3.506,1.44103,0.9,1.44426,0.900153,1.43395,0.936812,-0.00770991,0.00231387,-3.32162e-06,6.97401e-07,0.0011839,0.000280226,0.000479157,1.30265e+06,0
3.526,1.45103,0.9,1.45399,0.900135,1.44687,0.936469,-0.0076508,0.00219808,-3.21046e-06,7.05423e-07,0.00114834,0.000272008,0.000472692,1.23931e+06,0
3.546,1.46103,0.9,1.46452,0.900114,1.4574,0.936388,-0.00831298,0.00223019,-3.42641e-06,7.43592e-07,0.00115413,0.000277007,0.000474812,1.23931e+06,0
3.566,1.47103,0.9,1.47457,0.900089,1.46746,0.936304,-0.00860388,0.00225963,-3.64016e-06,7.83348e-07,0.00115975,0.000281801,0.000476934,1.23931e+06,0
3.586,1.48103,0.9,1.4844,0.900062,1.47728,0.93622,-0.00883554,0.00228783,-3.85087e-06,8.23729e-07,0.00116533,0.000286505,0.000479058,1.23931e+06,0
3.606,1.49103,0.9,1.49485,0.900034,1.48773,0.936128,-0.00837535,0.00231952,-4.09531e-06,8.68087e-07,0.00117138,0.000291537,0.000481184,1.23931e+06,0
3.626,1.50103,0.9,1.50495,0.900004,1.50053,0.93576,-0.00972671,0.00220505,-3.9444e-06,8.74603e-07,0.00113687,0.00028308,0.000474497,1.20252e+06,0
3.646,1.51103,0.9,1.51455,0.899969,1.51013,0.935667,-0.00982753,0.00223207,-4.17198e-06,9.18989e-07,0.00114235,0.000287655,0.000476624,1.20252e+06,0
3.666,1.52103,0.9,1.52467,0.899934,1.52025,0.935568,-0.00953553,0.00226187,-4.42648e-06,9.66485e-07,0.00114822,0.0002925,0.000478754,1.20252e+06,0
3.686,1.53103,0.9,1.53426,0.8999,1.52983,0.935476,-0.00974301,0.00228884,-4.64724e-06,1.01036e-06,0.00115388,0.000297113,0.000480885,1.20252e+06,0
3.706,1.54103,0.9,1.54428,0.899864,1.53985,0.935378,-0.00977443,0.00231811,-4.8928e-06,1.05742e-06,0.00115988,0.000301955,0.000483019,1.20252e+06,0
3.726,1.55103,0.9,1.55401,0.899831,1.55244,0.934965,-0.00941576,0.00220188,-4.68819e-06,1.06216e-06,0.00112593,0.00029295,0.000476123,1.10613e+06,0
3.746,1.56103,0.9,1.56412,0.899795,1.56255,0.93487,-0.0104127,0.0022316,-4.92903e-06,1.10758e-06,0.0011319,0.000297784,0.000478258,1.10613e+06,0
3.766,1.57103,0.9,1.57462,0.899747,1.57304,0.93476,-0.011418,0.00226352,-5.21663e-06,1.15999e-06,0.00113821,0.00030283,0.000480395,1.10613e+06,0
3.786,1.58103,0.9,1.5845,0.899688,1.58293,0.934647,-0.0130909,0.00229205,-5.49617e-06,1.21433e-06,0.00114425,0.000307602,0.000482534,1.10613e+06,0
3.806,1.59103,0.9,1.59417,0.89963,1.59259,0.934521,-0.0116778,0.00231942,-5.80331e-06,1.27553e-06,0.00115024,0.000312291,0.000484675,1.10613e+06,0
3.826,1.60103,0.9,1.60489,0.899568,1.60569,0.934144,-0.0126433,0.00220849,-5.62079e-06,1.28676e-06,0.00111752,0.000303373,0.00047757,1.013e+06,0
3.846,1.61103,0.9,1.61522,0.899503,1.61601,0.934014,-0.0129307,0.00223943,-5.95842e-06,1.34926e-06,0.00112385,0.000308329,0.000479713,1.013e+06,0
3.866,1.62103,0.9,1.62573,0.899437,1.62652,0.933878,-0.0125594,0.0022714,-6.31511e-06,1.41461e-06,0.00113038,0.000313397,0.000481857,1.013e+06,0
3.886,1.63103,0.9,1.63591,0.899376,1.6367,0.93375,-0.0121694,0.00230153,-6.63847e-06,1.47639e-06,0.00113682,0.000318329,0.000484004,1.013e+06,0
3.906,1.64103,0.9,1.64534,0.899319,1.64613,0.933635,-0.0128711,0.00232769,-6.90588e-06,1.53211e-06,0.00114287,0.000322921,0.000486152,1.013e+06,0
3.926,1.65103,0.9,1.65543,0.89925,1.65784,0.933122,-0.0138495,0.00221222,-6.61264e-06,1.53667e-06,0.00111025,0.000313291,0.000478833,890420,0
3.946,1.66103,0.9,1.66554,0.899175,1.66795,0.932982,-0.0141424,0.00224196,-6.96446e-06,1.60389e-06,0.00111664,0.000318158,0.000480984,890420,0
3.966,1.67103,0.9,1.67609,0.899093,1.67849,0.932833,-0.0144981,0.00227413,-7.35436e-06,1.67582e-06,0.00112341,0.000323258,0.000483136,890420,0
3.986,1.68103,0.9,1.68592,0.899021,1.68833,0.932691,-0.0133541,0.00230242,-7.7012e-06,1.74494e-06,0.00112982,0.00032804,0.00048529,890420,0
4.006,1.69103,0.9,1.69548,0.898955,1.69788,0.932563,-0.0135408,0.00232922,-7.99999e-06,1.80708e-06,0.00113614,0.000332707,0.000487446,890420,0
4.026,1.70103,0.9,1.7063,0.898874,1.71061,0.932096,-0.0146543,0.00221764,-7.67447e-06,1.80997e-06,0.00110443,0.000323046,0.000479927,853749,0
4.046,1.71103,0.9,1.71561,0.898799,1.71992,0.93196,-0.0147347,0.00224317,-7.9872e-06,1.87567e-06,0.00111049,0.000327543,0.000482085,853749,0
4.066,1.72103,0.9,1.72627,0.898719,1.73059,0.931802,-0.0134214,0.00227604,-8.39922e-06,1.95169e-06,0.00111754,0.000332716,0.000484245,853749,0
4.086,1.73103,0.9,1.73634,0.898652,1.74066,0.931667,-0.0131763,0.00230558,-8.73042e-06,2.0174e-06,0.0011243,0.000337624,0.000486407,853749,0
4.106,1.74103,0.9,1.74598,0.898584,1.75029,0.93154,-0.0143459,0.00233282,-9.02643e-06,2.07944e-06,0.00113085,0.000342345,0.000488571,853749,0
4.126,1.75103,0.9,1.75618,0.898499,1.76224,0.931098,-0.0155991,0.00221725,-8.58265e-06,2.07251e-06,0.00109908,0.000332005,0.000480853,831702,0
4.146,1.76103,0.9,1.76589,0.898415,1.77195,0.930946,-0.0150358,0.00224488,-8.94257e-06,2.14565e-06,0.00110558,0.000336708,0.000483018,831702,0
4.166,1.77103,0.9,1.77606,0.898332,1.78212,0.930793,-0.0147766,0.00227495,-9.32065e-06,2.21979e-06,0.00111249,0.000341652,0.000485186,831702,0
4.186,1.78103,0.9,1.78656,0.89825,1.79261,0.930638,-0.0141915,0.00230687,-9.71524e-06,2.29538e-06,0.00111972,0.00034678,0.000487356,831702,0
4.206,1.79103,0.9,1.79716,0.898169,1.80321,0.930488,-0.0145093,0.00233935,-1.00989e-05,2.369e-06,0.00112713,0.00035198,0.000489528,831702,0
4.226,1.80103,0.9,1.80754,0.89809,1.81534,0.930062,-0.0143219,0.00222403,-9.57289e-06,2.35391e-06,0.00109573,0.000341339,0.000481611,805786,0
4.246,1.81103,0.9,1.81715,0.898014,1.82496,0.929924,-0.0148635,0.00225114,-9.89092e-06,2.42056e-06,0.00110234,0.000346004,0.000483785,805786,0
4.266,1.82103,0.9,1.82674,0.897941,1.83454,0.929781,-0.0140758,0.00227811,-1.02187e-05,2.48984e-06,0.00110903,0.000350677,0.000485961,805786,0
4.286,1.83103,0.9,1.83696,0.897862,1.84477,0.929637,-0.0147522,0.00230849,-1.05696e-05,2.56012e-06,0.00111625,0.000355681,0.000488139,805786,0
4.306,1.84103,0.9,1.84655,0.897786,1.85435,0.929496,-0.0147467,0.00233545,-1.08918e-05,2.62951e-06,0.00112312,0.000360397,0.000490319,805786,0
4.326,1.85103,0.9,1.85682,0.8977,1.86643,0.929101,-0.0155633,0.00222001,-1.02908e-05,2.60466e-06,0.0010919,0.000349371,0.000482227,778712,0
4.346,1.86103,0.9,1.86591,0.897619,1.87552,0.92896,-0.0156193,0.00224445,-1.05974e-05,2.67323e-06,0.00109829,0.00035379,0.000484408,778712,0
4.366,1.87103,0.9,1.87622,0.897533,1.88583,0.928799,-0.0145889,0.00227528,-1.09938e-05,2.7516e-06,0.00110564,0.00035882,0.000486592,778712,0
4.386,1.88103,0.9,1.88643,0.897454,1.89605,0.92865,-0.0142633,0.00230563,-1.13542e-05,2.82455e-06,0.00111303,0.000363832,0.000488778,778712,0
4.406,1.89103,0.9,1.89676,0.897377,1.90637,0.928503,-0.0141455,0.00233656,-1.17119e-05,2.89692e-06,0.0011206,0.000368917,0.000490966,778712,0
4.426,1.90103,0.9,1.90635,0.89731,1.91773,0.928133,-0.0134442,0.00221732,-1.09735e-05,2.85456e-06,0.00108905,0.000357212,0.000482697,759390,0
4.446,1.91103,0.9,1.91656,0.897245,1.92793,0.927996,-0.012783,0.0022476,-1.13018e-05,2.92121e-06,0.00109639,0.000362178,0.000484886,759390,0
4.466,1.92103,0.9,1.92615,0.897187,1.93753,0.927874,-0.0127694,0.00227461,-1.1574e-05,2.9811e-06,0.00110339,0.00036687,0.000487078,759390,0
4.486,1.93103,0.9,1.93649,0.897129,1.94787,0.927742,-0.0119671,0.00230564,-1.18903e-05,3.04587e-06,0.00111104,0.000371948,0.000489272,759390,0
4.506,1.94103,0.9,1.94679,0.89708,1.95816,0.927618,-0.0110752,0.00233642,-1.21809e-05,3.10661e-06,0.00111875,0.000377028,0.000491468,759390,0
4.526,1.95103,0.9,1.95656,0.897031,1.97047,0.927292,-0.0123434,0.00221818,-1.13379e-05,3.04242e-06,0.00108743,0.000365074,0.00048303,721135,0
4.546,1.96103,0.9,1.96667,0.896981,1.98057,0.927168,-0.011116,0.00224789,-1.16278e-05,3.1031e-06,0.00109486,0.000369995,0.000485228,721135,0
4.566,1.97103,0.9,1.97682,0.896938,1.99073,0.927055,-0.0109607,0.00227791,-1.18877e-05,3.15836e-06,0.00110243,0.000374967,0.000487428,721135,0
4.586,1.98103,0.9,1.98754,0.896893,2.00145,0.926937,-0.0109844,0.00231107,-1.21727e-05,3.21611e-06,0.00111053,0.000380236,0.00048963,721135,0
4.606,1.99103,0.9,1.99746,0.896852,2.01136,0.926828,-0.0107978,0.0023398,-1.24143e-05,3.26994e-06,0.00111812,0.000385137,0.000491835,721135,0
4.626,2.00103,0.9,2.00767,0.896809,2.02427,0.926546,-0.0113322,0.00222345,-1.1564e-05,3.19887e-06,0.00108714,0.000373038,0.000483228,699012,0
4.646,2.01103,0.9,2.01809,0.896761,2.0347,0.926428,-0.0114043,0.00225494,-1.18428e-05,3.25644e-06,0.00109498,0.00037812,0.000485433,699012,0
4.666,2.02103,0.9,2.02823,0.896711,2.04483,0.926312,-0.0119857,0.00228484,-1.21066e-05,3.31306e-06,0.0011027,0.000383087,0.000487642,699012,0
4.686,2.03103,0.9,2.03773,0.896666,2.05434,0.926198,-0.0112114,0.00231137,-1.2349e-05,3.3691e-06,0.00111002,0.000387767,0.000489852,699012,0
4.706,2.04103,0.9,2.04783,0.896621,2.06444,0.926085,-0.011347,0.00234108,-1.26035e-05,3.4251e-06,0.00111791,0.000392763,0.000492065,699012,0
4.726,2.05103,0.9,2.05793,0.896576,2.07707,0.925807,-0.0111327,0.00222399,-1.17438e-05,3.34861e-06,0.00108686,0.00038028,0.0004833,678589,0
4.746,2.06103,0.9,2.06746,0.896533,2.0866,0.925701,-0.0114711,0.00225069,-1.19683e-05,3.40043e-06,0.00109416,0.000384935,0.000485514,678589,0
4.766,2.07103,0.9,2.07742,0.896487,2.09656,0.925587,-0.0114432,0.00227959,-1.22215e-05,3.4564e-06,0.00110187,0.000389816,0.000487731,678589,0
4.786,2.08103,0.9,2.08697,0.896444,2.1061,0.925478,-0.011169,0.00230637,-1.24518e-05,3.51023e-06,0.00110936,0.000394522,0.00048995,678589,0
4.806,2.09103,0.9,2.09754,0.896395,2.11667,0.92536,-0.0117958,0.00233869,-1.27285e-05,3.56863e-06,0.00111776,0.000399752,0.000492171,678589,0
4.826,2.10103,0.9,2.10824,0.896349,2.12998,0.92514,-0.0104542,0.00222527,-1.19042e-05,3.4906e-06,0.00108717,0.000387254,0.000483262,659543,0
4.846,2.11103,0.9,2.11858,0.896312,2.14032,0.925032,-0.0101961,0.00225629,-1.21501e-05,3.54339e-06,0.00109524,0.000392301,0.000485484,659543,0
4.866,2.12103,0.9,2.12894,0.896276,2.15068,0.924926,-0.0104429,0.00228745,-1.2389e-05,3.59526e-06,0.00110342,0.000397383,0.000487709,659543,0
4.886,2.13103,0.9,2.13911,0.896239,2.16085,0.92482,-0.010424,0.00231753,-1.26239e-05,3.64763e-06,0.00111156,0.000402396,0.000489936,659543,0
4.906,2.14103,0.9,2.14909,0.8962,2.17083,0.924716,-0.0111048,0.00234656,-1.28477e-05,3.69917e-06,0.00111964,0.000407337,0.000492166,659543,0
4.926,2.15103,0.9,2.15893,0.89616,2.18287,0.924505,-0.0115034,0.0022274,-1.19434e-05,3.60612e-06,0.00108825,0.000394071,0.000483101,650763,0
4.946,2.16103,0.9,2.16922,0.896123,2.19316,0.924387,-0.0113011,0.00225814,-1.22127e-05,3.66388e-06,0.00109641,0.000399094,0.000485332,650763,0
4.966,2.17103,0.9,2.17913,0.896081,2.20307,0.924275,-0.0126656,0.00228683,-1.24553e-05,3.71884e-06,0.00110437,0.000403958,0.000487565,650763,0
4.986,2.18103,0.9,2.18868,0.896036,2.21262,0.924154,-0.0125093,0.00231363,-1.27098e-05,3.77846e-06,0.00111214,0.000408672,0.000489801,650763,0
5.006,2.19103,0.9,2.19851,0.89599,2.22245,0.924031,-0.01231,0.00234186,-1.2975e-05,3.8393e-06,0.00112022,0.000413542,0.000492039,650763,0
5.026,2.20103,0.9,2.20835,0.895943,2.23475,0.923828,-0.0128749,0.00222327,-1.20893e-05,3.74513e-06,0.00108878,0.000399997,0.000482849,627576,0
5.046,2.21103,0.9,2.218,0.895897,2.2444,0.923704,-0.012138,0.0022506,-1.23547e-05,3.80578e-06,0.00109655,0.000404714,0.000485087,627576,0
5.066,2.22103,0.9,2.22794,0.895855,2.25434,0.923583,-0.011868,0.00227944,-1.26175e-05,3.86494e-06,0.00110465,0.000409593,0.000487329,627576,0
5.086,2.23103,0.9,2.23743,0.895823,2.26383,0.923471,-0.0104325,0.0023059,-1.28482e-05,3.92047e-06,0.00111247,0.000414275,0.000489573,627576,0
5.106,2.24103,0.9,2.24765,0.895793,2.27405,0.923364,-0.0109627,0.00233627,-1.30803e-05,3.97335e-06,0.00112099,0.000419338,0.00049182,627576,0
5.126,2.25103,0.9,2.25787,0.895765,2.28426,0.923252,-0.0101608,0.00236658,-1.33245e-05,4.02908e-06,0.00112961,0.000424421,0.000494069,627576,0
5.146,2.26103,0.9,2.26791,0.89574,2.29563,0.923013,-0.0104103,0.00224611,-1.23545e-05,3.91649e-06,0.00109773,0.000410391,0.00048459,618586,0
5.166,2.27103,0.9,2.27808,0.89572,2.30579,0.922907,-0.0091034,0.00227617,-1.25837e-05,3.96843e-06,0.00110612,0.000415377,0.00048684,618586,0
5.186,2.28103,0.9,2.28854,0.895706,2.31626,0.922812,-0.00910655,0.0023079,-1.27909e-05,4.0155e-06,0.00111487,0.000420533,0.000489093,618586,0
5.206,2.29103,0.9,2.29851,0.895695,2.32622,0.922721,-0.00869519,0.00233686,-1.29761e-05,4.06057e-06,0.0011233,0.000425469,0.000491348,618586,0
5.226,2.30103,0.9,2.30871,0.895687,2.33852,0.922507,-0.00858343,0.00222083,-1.20191e-05,3.93892e-06,0.00109192,0.000411541,0.000481924,597264,0
5.246,2.31103,0.9,2.31753,0.895679,2.34735,0.922431,-0.00884421,0.002244,-1.21517e-05,3.97611e-06,0.00109923,0.000415856,0.00048418,597264,0
5.266,2.32103,0.9,2.32772,0.895662,2.35754,0.922341,-0.0100565,0.0022742,-1.23404e-05,4.02044e-06,0.00110776,0.000420853,0.000486438,597264,0
5.286,2.33103,0.9,2.33862,0.895643,2.36844,0.922231,-0.00911338,0.0023084,-1.25938e-05,4.07445e-06,0.00111699,0.000426217,0.000488699,597264,0
5.306,2.34103,0.9,2.34822,0.895636,2.37803,0.922144,-0.0079899,0.00233544,-1.27634e-05,4.11791e-06,0.00112522,0.000430973,0.000490963,597264,0
5.326,2.35103,0.9,2.35792,0.89563,2.38957,0.921947,-0.0089853,0.00221692,-1.17899e-05,3.98624e-06,0.00109329,0.000416546,0.000481432,584080,0
5.346,2.36103,0.9,2.36801,0.895618,2.39966,0.921857,-0.00918954,0.00224656,-1.19778e-05,4.03058e-06,0.00110175,0.000421468,0.000483696,584080,0
5.366,2.37103,0.9,2.37785,0.895601,2.40949,0.921766,-0.00993454,0.00227484,-1.21595e-05,4.075e-06,0.00111009,0.00042629,0.000485963,584080,0
5.386,2.38103,0.9,2.38794,0.895582,2.41958,0.921666,-0.00962444,0.00230449,-1.23698e-05,4.12444e-06,0.00111874,0.000431261,0.000488233,584080,0
5.406,2.39103,0.9,2.39807,0.895566,2.42972,0.921569,-0.0092004,0.00233437,-1.2573e-05,4.17279e-06,0.00112754,0.000436276,0.000490505,584080,0
5.426,2.40103,0.9,2.40879,0.895555,2.44198,0.9214,-0.00860433,0.00222157,-1.16879e-05,4.04668e-06,0.0010963,0.000422077,0.000480871,568148,0
5.446,2.41103,0.9,2.41884,0.895549,2.45202,0.921314,-0.00836725,0.00225099,-1.18635e-05,4.08898e-06,0.00110483,0.000426976,0.000483144,568148,0
5.466,2.42103,0.9,2.42867,0.895543,2.46186,0.921232,-0.00793562,0.00227926,-1.20243e-05,4.12946e-06,0.00111328,0.000431796,0.00048542,568148,0
5.486,2.43103,0.9,2.43852,0.895539,2.47171,0.921154,-0.00770925,0.00230762,-1.21745e-05,4.16815e-06,0.00112184,0.000436648,0.000487698,568148,0
5.506,2.44103,0.9,2.44832,0.895532,2.48151,0.921078,-0.00858435,0.0023357,-1.23169e-05,4.20575e-06,0.00113044,0.000441498,0.000489979,568148,0
5.526,2.45103,0.9,2.45821,0.895516,2.49304,0.920906,-0.00932682,0.00221815,-1.14039e-05,4.06935e-06,0.00109831,0.000426641,0.000480245,549043,0
5.546,2.46103,0.9,2.46838,0.895498,2.5032,0.920812,-0.00909883,0.0022482,-1.16019e-05,4.11562e-06,0.00110703,0.000431593,0.000482526,549043,0
5.566,2.47103,0.9,2.47839,0.895479,2.51322,0.92072,-0.00936933,0.00227744,-1.1787e-05,4.16033e-06,0.00111573,0.000436496,0.000484811,549043,0
5.586,2.48103,0.9,2.48819,0.895464,2.52301,0.920629,-0.00854944,0.00230552,-1.19689e-05,4.20561e-06,0.00112433,0.00044132,0.000487098,549043,0
5.606,2.49103,0.9,2.49797,0.895453,2.53279,0.920545,-0.00855927,0.00233349,-1.21296e-05,4.2471e-06,0.00113301,0.000446157,0.000489388,549043,0
5.626,2.50103,0.9,2.50825,0.895438,2.54454,0.920394,-0.00924185,0.00221832,-1.1248e-05,4.10859e-06,0.00110103,0.000431253,0.000479567,535494,0
5.646,2.51103,0.9,2.51846,0.895416,2.55475,0.9203,-0.00985614,0.00224866,-1.14453e-05,4.15463e-06,0.00110989,0.000436226,0.000481857,535494,0
5.666,2.52103,0.9,2.52851,0.895387,2.5648,0.920201,-0.0107398,0.00227806,-1.16496e-05,4.20311e-06,0.00111871,0.00044114,0.00048415,535494,0
5.686,2.53103,0.9,2.53867,0.895358,2.57496,0.920092,-0.00972759,0.00230811,-1.1881e-05,4.25675e-06,0.00112773,0.000446137,0.000486446,535494,0
5.706,2.54103,0.9,2.54849,0.895334,2.58478,0.919996,-0.00984351,0.00233629,-1.20702e-05,4.30401e-06,0.00113654,0.00045099,0.000488745,535494,0
5.726,2.55103,0.9,2.55867,0.895309,2.59653,0.919868,-0.0098698,0.00222024,-1.1221e-05,4.16745e-06,0.00110424,0.000435787,0.000478834,507175,0
5.746,2.56103,0.9,2.56858,0.895284,2.60644,0.91977,-0.0100268,0.00224891,-1.14195e-05,4.21507e-06,0.00111292,0.000440608,0.000481133,507175,0
5.766,2.57103,0.9,2.5797,0.895255,2.61756,0.919659,-0.00988124,0.00228445,-1.16793e-05,4.26954e-06,0.00112279,0.000446038,0.000483434,507175,0
5.786,2.58103,0.9,2.58988,0.895231,2.62773,0.919558,-0.00971956,0.00231455,-1.18879e-05,4.31896e-06,0.00113192,0.000451035,0.000485739,507175,0
5.806,2.59103,0.9,2.59926,0.895207,2.63712,0.919467,-0.010017,0.00234047,-1.20578e-05,4.36409e-06,0.00114042,0.000455673,0.000488047,507175,0
5.826,2.60103,0.9,2.60958,0.895178,2.64892,0.919358,-0.0104041,0.00222467,-1.12179e-05,4.22528e-06,0.00110798,0.000440284,0.00047805,495647,0
5.846,2.61103,0.9,2.61978,0.895151,2.65912,0.919252,-0.00956282,0.0022549,-1.14421e-05,4.27683e-06,0.00111701,0.000445239,0.000480357,495647,0
5.866,2.62103,0.9,2.63001,0.895132,2.66936,0.919154,-0.00878831,0.00228537,-1.16456e-05,4.3247e-06,0.00112618,0.000450238,0.000482668,495647,0
5.886,2.63103,0.9,2.6397,0.89512,2.67904,0.919069,-0.00830737,0.00231283,-1.18064e-05,4.36662e-06,0.00113495,0.000454994,0.000484981,495647,0
5.906,2.64103,0.9,2.64924,0.895116,2.68858,0.91899,-0.0072793,0.00233956,-1.19503e-05,4.40591e-06,0.00114368,0.000459705,0.000487298,495647,0
5.926,2.65103,0.9,2.65909,0.895117,2.69965,0.918882,-0.00723284,0.00222135,-1.1034e-05,4.24926e-06,0.0011106,0.000443881,0.000477231,483540,0
5.946,2.66103,0.9,2.66879,0.895119,2.70935,0.918812,-0.00693329,0.00224891,-1.11606e-05,4.28358e-06,0.00111926,0.000448593,0.000479547,483540,0
5.966,2.67103,0.9,2.67875,0.895122,2.71931,0.918743,-0.00713513,0.00227786,-1.12874e-05,4.31755e-06,0.00112824,0.000453454,0.000481866,483540,0
5.986,2.68103,0.9,2.68848,0.895121,2.72904,0.918674,-0.00777859,0.00230556,-1.14112e-05,4.35185e-06,0.00113711,0.000458226,0.000484188,483540,0
6.006,2.69103,0.9,2.69849,0.895121,2.73905,0.918596,-0.00689733,0.00233479,-1.1559e-05,4.39044e-06,0.00114634,0.000463163,0.000486514,483540,0
6.026,2.70103,0.9,2.70769,0.895131,2.74957,0.918514,-0.00570983,0.00221378,-1.06516e-05,4.22799e-06,0.00111249,0.000446846,0.000476391,432816,0
6.046,2.71103,0.9,2.71754,0.895149,2.75941,0.918458,-0.00524489,0.00224211,-1.07464e-05,4.25562e-06,0.00112134,0.000451622,0.000478716,432816,0
6.066,2.72103,0.9,2.72765,0.895171,2.76952,0.918405,-0.00512541,0.00227186,-1.08352e-05,4.28185e-06,0.00113052,0.000456549,0.000481044,432816,0
6.086,2.73103,0.9,2.73824,0.895195,2.78011,0.918351,-0.00506324,0.00230429,-1.0931e-05,4.30883e-06,0.00114024,0.000461732,0.000483376,432816,0
6.106,2.74103,0.9,2.74813,0.895213,2.79001,0.918301,-0.00591247,0.0023329,-1.10099e-05,4.33392e-06,0.00114943,0.000466607,0.00048571,432816,0
6.126,2.75103,0.9,2.75886,0.895225,2.80125,0.918184,-0.00653312,0.0022203,-1.01704e-05,4.17043e-06,0.00111674,0.000450825,0.000475532,382060,0
6.146,2.76103,0.9,2.76881,0.895229,2.8112,0.918119,-0.00735628,0.00224921,-1.02881e-05,4.2022e-06,0.00112576,0.000455647,0.000477866,382060,0
6.166,2.77103,0.9,2.77887,0.895223,2.82126,0.918045,-0.00848953,0.00227869,-1.04286e-05,4.23842e-06,0.00113498,0.000460545,0.000480203,382060,0
6.186,2.78103,0.9,2.78855,0.895207,2.83094,0.917962,-0.00942257,0.00230615,-1.05825e-05,4.27875e-06,0.00114394,0.000465285,0.000482543,382060,0
6.206,2.79103,0.9,2.79869,0.895181,2.84108,0.917867,-0.0103953,0.0023361,-1.07763e-05,4.32577e-06,0.00115344,0.000470275,0.000484886,382060,0
6.226,2.80103,0.9,2.80859,0.895156,2.85069,0.917727,-0.00928398,0.00221853,-1.00417e-05,4.17917e-06,0.00111973,0.000453894,0.000474647,307341,0
6.246,2.81103,0.9,2.81822,0.895144,2.86032,0.917638,-0.00792006,0.00224572,-1.0213e-05,4.22247e-06,0.00112852,0.000458557,0.00047699,307341,0
6.266,2.82103,0.9,2.82839,0.895132,2.87049,0.917557,-0.0088628,0.0022758,-1.03709e-05,4.26176e-06,0.00113789,0.000463501,0.000479336,307341,0
6.286,2.83103,0.9,2.83804,0.895114,2.88013,0.917472,-0.00935569,0.00230309,-1.05316e-05,4.30365e-06,0.00114688,0.000468222,0.000481685,307341,0
6.306,2.84103,0.9,2.84796,0.895097,2.89006,0.917379,-0.00875295,0.00233185,-1.0714e-05,4.34929e-06,0.00115623,0.0004731,0.000484037,307341,0
6.326,2.85103,0.9,2.85706,0.895079,2.89878,0.917265,-0.0096852,0.00221069,-9.9171e-06,4.19055e-06,0.0011216,0.000456187,0.000473759,302432,0
6.346,2.86103,0.9,2.86723,0.895054,2.90894,0.917167,-0.00974377,0.00224074,-1.01202e-05,4.23808e-06,0.00113093,0.000461098,0.00047611,302432,0
6.366,2.87103,0.9,2.877,0.895031,2.91871,0.917071,-0.00939982,0.00226867,-1.03066e-05,4.28432e-06,0.00113999,0.000465846,0.000478465,302432,0
6.386,2.88103,0.9,2.88652,0.895008,2.92824,0.916982,-0.00980521,0.00229533,-1.04742e-05,4.32809e-06,0.00114891,0.000470503,0.000480823,302432,0
6.406,2.89103,0.9,2.89675,0.894979,2.93847,0.916882,-0.0103761,0.00232573,-1.06804e-05,4.37725e-06,0.00115858,0.000475521,0.000483184,302432,0
6.426,2.90103,0.9,2.90742,0.89495,2.94957,0.916774,-0.00942846,0.00221372,-9.99267e-06,4.23188e-06,0.00112524,0.000459217,0.000472876,292407,0
6.446,2.91103,0.9,2.9167,0.894928,2.95885,0.916687,-0.0094072,0.0022391,-1.01522e-05,4.27417e-06,0.0011338,0.000463703,0.000475236,292407,0
6.466,2.92103,0.9,2.92638,0.89491,2.96853,0.916596,-0.0087446,0.00226657,-1.03265e-05,4.3184e-06,0.00114282,0.000468404,0.0004776,292407,0
6.486,2.93103,0.9,2.93637,0.894891,2.97851,0.916508,-0.00920621,0.00229564,-1.04963e-05,4.36106e-06,0.00115223,0.000473275,0.000479967,292407,0
6.506,2.94103,0.9,2.94669,0.894874,2.98883,0.916413,-0.00853022,0.00232654,-1.06904e-05,4.40763e-06,0.00116205,0.000478331,0.000482338,292407,0
6.526,2.95103,0.9,2.95695,0.894859,2.99909,0.916326,-0.00863209,0.00235715,-1.08639e-05,4.45086e-06,0.00117192,0.000483388,0.000484711,287885,0
6.546,2.96103,0.9,2.9668,0.894849,3.00864,0.916225,-0.00751418,0.00223677,-1.00673e-05,4.28879e-06,0.00113692,0.000466173,0.000474173,287885,0
6.566,2.97103,0.9,2.97745,0.894845,3.01929,0.916145,-0.00751866,0.00226953,-1.02302e-05,4.3277e-06,0.0011469,0.000471326,0.000476546,287885,0
6.586,2.98103,0.9,2.98664,0.894844,3.02848,0.916076,-0.00671747,0.00229451,-1.03452e-05,4.36162e-06,0.00115561,0.000475813,0.000478922,287885,0
6.606,2.99103,0.9,2.99663,0.894849,3.03848,0.916009,-0.00656829,0.00232361,-1.04649e-05,4.39476e-06,0.00116517,0.000480705,0.000481301,287885,0
6.626,3.00103,0.9,3.00648,0.894854,3.04826,0.915882,-0.00644766,0.00220727,-9.66712e-06,4.2258e-06,0.00113061,0.000463706,0.000470929,287738,0
6.646,3.01103,0.9,3.01621,0.894863,3.05799,0.915819,-0.0058802,0.00223501,-9.7755e-06,4.25633e-06,0.00113968,0.000468396,0.000473307,287738,0
6.666,3.02103,0.9,3.02646,0.894875,3.06824,0.915759,-0.00587798,0.00226552,-9.88273e-06,4.28582e-06,0.00114933,0.000473353,0.000475688,287738,0
6.686,3.03103,0.9,3.03695,0.894878,3.07873,0.915697,-0.00764392,0.0022974,-9.99567e-06,4.31614e-06,0.00115932,0.000478453,0.000478073,287738,0
6.706,3.04103,0.9,3.04668,0.894868,3.08846,0.915623,-0.00849567,0.00232512,-1.01296e-05,4.3527e-06,0.00116867,0.000483216,0.000480462,287738,0
6.726,3.05103,0.9,3.05683,0.89486,3.09906,0.915548,-0.00716787,0.00221025,-9.41779e-06,4.19319e-06,0.00113416,0.000466209,0.000470056,278107,0
6.746,3.06103,0.9,3.06682,0.894855,3.10905,0.915476,-0.00773396,0.00223936,-9.55084e-06,4.22783e-06,0.00114353,0.000471015,0.000472443,278107,0
6.766,3.07103,0.9,3.07619,0.894851,3.11841,0.915404,-0.00708762,0.00226519,-9.67657e-06,4.26304e-06,0.00115239,0.000475549,0.000474834,278107,0
6.786,3.08103,0.9,3.08654,0.894844,3.12876,0.915331,-0.00842567,0.00229627,-9.8175e-06,4.29888e-06,0.00116229,0.000480577,0.000477228,278107,0
6.806,3.09103,0.9,3.0968,0.894835,3.13902,0.915244,-0.00715709,0.00232687,-9.9892e-06,4.34116e-06,0.0011722,0.000485589,0.000479626,278107,0
6.826,3.10103,0.9,3.10697,0.894831,3.1492,0.915171,-0.00775538,0.00235699,-1.01248e-05,4.37713e-06,0.00118214,0.000490587,0.000482027,278107,0
6.846,3.11103,0.9,3.11668,0.894831,3.15864,0.915089,-0.00611089,0.00223587,-9.36933e-06,4.20895e-06,0.0011463,0.000472865,0.0004714,275428,0
6.866,3.12103,0.9,3.12617,0.894838,3.16813,0.915031,-0.00631677,0.00226231,-9.4633e-06,4.23727e-06,0.00115531,0.00047745,0.0004738,275428,0
6.886,3.13103,0.9,3.13596,0.894845,3.17792,0.91497,-0.00601804,0.00229038,-9.56929e-06,4.2676e-06,0.00116471,0.000482208,0.000476203,275428,0
6.906,3.14103,0.9,3.14527,0.894852,3.18723,0.914914,-0.00631161,0.00231592,-9.656e-06,4.2953e-06,0.00117373,0.000486757,0.00047861,275428,0
6.926,3.15103,0.9,3.1558,0.89486,3.19847,0.914828,-0.0060311,0.00220428,-8.9451e-06,4.1271e-06,0.00113923,0.000469716,0.000468179,268334,0
6.946,3.16103,0.9,3.16596,0.894863,3.20863,0.914767,-0.00711859,0.00223432,-9.05526e-06,4.15678e-06,0.00114883,0.000474589,0.000470584,268334,0
6.966,3.17103,0.9,3.17603,0.894862,3.2187,0.914695,-0.00689006,0.00226387,-9.18934e-06,4.19153e-06,0.00115843,0.000479446,0.000472993,268334,0
6.986,3.18103,0.9,3.18591,0.894866,3.22857,0.914627,-0.00605985,0.00229234,-9.31124e-06,4.22473e-06,0.00116795,0.000484235,0.000475405,268334,0
7.006,3.19103,0.9,3.19547,0.894874,3.23814,0.914569,-0.00602377,0.0023192,-9.40526e-06,4.25332e-06,0.00117726,0.000488904,0.000477821,268334,0
7.026,3.20103,0.9,3.20525,0.89488,3.24815,0.914502,-0.00648444,0.00220307,-8.68882e-06,4.08184e-06,0.00114181,0.000471378,0.000467364,270804,0
7.046,3.21103,0.9,3.21518,0.89489,3.25808,0.914437,-0.00520809,0.00223184,-8.8042e-06,4.11292e-06,0.00115122,0.000476136,0.000469778,270804,0
7.066,3.22103,0.9,3.2251,0.894911,3.268,0.914386,-0.00441132,0.00226056,-8.88815e-06,4.1382e-06,0.00116071,0.000480917,0.000472196,270804,0
7.086,3.23103,0.9,3.23536,0.894938,3.27826,0.91434,-0.00395271,0.00229114,-8.95862e-06,4.1606e-06,0.00117063,0.000485885,0.000474618,270804,0
7.106,3.24103,0.9,3.24473,0.894964,3.28763,0.914303,-0.00427006,0.00231702,-9.00372e-06,4.17921e-06,0.00117978,0.000490459,0.000477043,270804,0
7.126,3.25103,0.9,3.25513,0.894987,3.29901,0.914214,-0.00486987,0.0022045,-8.29428e-06,4.00221e-06,0.00114475,0.000473121,0.000466575,261166,0
7.146,3.26103,0.9,3.26529,0.895006,3.30916,0.914165,-0.00504966,0.00223451,-8.37614e-06,4.02627e-06,0.00115441,0.000477982,0.000468998,261166,0
7.166,3.27103,0.9,3.27566,0.895022,3.31953,0.914113,-0.00570541,0.00226569,-8.46658e-06,4.05183e-06,0.00116437,0.00048297,0.000471425,261166,0
7.186,3.28103,0.9,3.28531,0.895031,3.32918,0.914058,-0.00591803,0.00229301,-8.55646e-06,4.07881e-06,0.00117374,0.000487647,0.000473856,261166,0
7.206,3.29103,0.9,3.29413,0.895039,3.338,0.914005,-0.0060053,0.00231613,-8.63168e-06,4.10456e-06,0.00118238,0.000491954,0.00047629,261166,0
7.226,3.30103,0.9,3.30357,0.895045,3.34886,0.91395,-0.00644249,0.00219861,-7.97721e-06,3.93449e-06,0.00114626,0.000474078,0.000465812,254094,0
7.246,3.31103,0.9,3.31418,0.895049,3.35947,0.913881,-0.00625007,0.00223113,-8.1123e-06,3.96732e-06,0.00115637,0.000479145,0.000468245,254094,0
7.266,3.32103,0.9,3.32414,0.895053,3.36942,0.913819,-0.00649739,0.00226006,-8.22351e-06,3.99747e-06,0.00116596,0.000483936,0.000470681,254094,0
7.286,3.33103,0.9,3.33417,0.895056,3.37946,0.913754,-0.00658638,0.00228942,-8.34226e-06,4.02918e-06,0.00117573,0.00048879,0.000473121,254094,0
7.306,3.34103,0.9,3.34383,0.895061,3.38912,0.91369,-0.00592624,0.00231676,-8.45206e-06,4.06031e-06,0.00118521,0.000493492,0.000475564,254094,0
7.326,3.35103,0.9,3.35329,0.895069,3.39945,0.913624,-0.00586654,0.00219922,-7.81208e-06,3.8913e-06,0.00114892,0.000475521,0.000465074,253985,0
7.346,3.36103,0.9,3.36328,0.895078,3.40945,0.913566,-0.00580219,0.00222836,-7.91593e-06,3.91957e-06,0.00115847,0.000480299,0.000467516,253985,0
7.366,3.37103,0.9,3.3727,0.895086,3.41887,0.913511,-0.00593494,0.00225445,-8.00395e-06,3.94613e-06,0.00116756,0.000484833,0.000469961,253985,0
7.386,3.38103,0.9,3.38274,0.895096,3.42891,0.913451,-0.00562575,0.00228386,-8.10966e-06,3.97517e-06,0.00117735,0.000489688,0.00047241,253985,0
7.406,3.39103,0.9,3.39219,0.895104,3.43836,0.913398,-0.00620226,0.00231013,-8.1936e-06,4.00132e-06,0.00118665,0.000494288,0.000474863,253985,0
7.426,3.40103,0.9,3.40195,0.895107,3.44883,0.91339,-0.00657362,0.00219492,-7.59126e-06,3.83624e-06,0.00115053,0.000476405,0.000464379,253853,0
7.446,3.41103,0.9,3.41149,0.895104,3.45837,0.913327,-0.00734956,0.00222165,-7.7002e-06,3.86637e-06,0.00115967,0.000480968,0.00046683,253853,0
7.466,3.42103,0.9,3.42202,0.895095,3.4689,0.913249,-0.00775268,0.00225374,-7.85775e-06,3.90352e-06,0.00116985,0.000486019,0.000469285,253853,0
7.486,3.43103,0.9,3.432,0.895086,3.47889,0.913172,-0.00742134,0.00228281,-8.00614e-06,3.94088e-06,0.0011796,0.000490841,0.000471743,253853,0
7.506,3.44103,0.9,3.44236,0.895078,3.48924,0.913095,-0.00738335,0.00231393,-8.15821e-06,3.9782e-06,0.00118982,0.000495867,0.000474205,253853,0
7.526,3.45103,0.9,3.45288,0.895071,3.50062,0.913067,-0.00717196,0.0022025,-7.61024e-06,3.82228e-06,0.00115423,0.000478234,0.000463707,249358,0
7.546,3.46103,0.9,3.46279,0.895061,3.51053,0.912996,-0.00807698,0.00223115,-7.74359e-06,3.85626e-06,0.00116375,0.000482964,0.000466166,249358,0
7.566,3.47103,0.9,3.47272,0.89505,3.52046,0.912916,-0.00734107,0.00225995,-7.89873e-06,3.8947e-06,0.00117339,0.000487733,0.00046863,249358,0
7.586,3.48103,0.9,3.48311,0.895044,3.53085,0.91284,-0.00696446,0.00229126,-8.05058e-06,3.93152e-06,0.00118358,0.000492745,0.000471098,249358,0
7.606,3.49103,0.9,3.49244,0.895038,3.54018,0.912775,-0.0076449,0.00231689,-8.16012e-06,3.9632e-06,0.00119281,0.000497281,0.000473569,249358,0
7.626,3.50103,0.9,3.50253,0.895026,3.55145,0.912772,-0.00774373,0.00220271,-7.60253e-06,3.80814e-06,0.00115661,0.000479352,0.000463059,242267,0
7.646,3.51103,0.9,3.51221,0.895013,3.56112,0.912698,-0.00792604,0.00223016,-7.74197e-06,3.8439e-06,0.00116593,0.000483974,0.000465528,242267,0
7.666,3.52103,0.9,3.52198,0.894994,3.57089,0.91262,-0.00903077,0.00225808,-7.88787e-06,3.88101e-06,0.00117543,0.000488663,0.000468001,242267,0
7.686,3.53103,0.9,3.53229,0.894965,3.5812,0.912527,-0.00948247,0.00228893,-8.08051e-06,3.92568e-06,0.00118556,0.000493633,0.000470478,242267,0
7.706,3.54103,0.9,3.54196,0.894935,3.59087,0.912435,-0.00978076,0.00231635,-8.25686e-06,3.96995e-06,0.00119516,0.000498331,0.000472959,242267,0
7.726,3.55103,0.9,3.55202,0.8949,3.60213,0.912478,-0.0101048,0.00220207,-7.74062e-06,3.82553e-06,0.00115877,0.000480315,0.000462446,239609,0
7.746,3.56103,0.9,3.56216,0.894862,3.61227,0.912376,-0.0101117,0.00223197,-7.9543e-06,3.874e-06,0.00116855,0.000485147,0.000464924,239609,0
7.766,3.57103,0.9,3.57257,0.894818,3.62268,0.912271,-0.0110165,0.0022634,-8.18012e-06,3.92407e-06,0.00117871,0.000490133,0.000467406,239609,0
7.786,3.58103,0.9,3.58279,0.894775,3.6329,0.912158,-0.0101984,0.00229375,-8.41874e-06,3.97785e-06,0.00118878,0.000495059,0.000469892,239609,0
7.806,3.59103,0.9,3.59317,0.894729,3.64327,0.912052,-0.0113569,0.00232498,-8.64305e-06,4.02876e-06,0.00119911,0.000500086,0.000472382,239609,0
7.826,3.60103,0.9,3.6031,0.894674,3.65383,0.912086,-0.0122128,0.00220894,-8.12016e-06,3.891e-06,0.00116232,0.000481883,0.000461848,239516,0
7.846,3.61103,0.9,3.6132,0.894615,3.66393,0.911963,-0.0119277,0.00223861,-8.38331e-06,3.94911e-06,0.0011721,0.000486693,0.000464335,239516,0
7.866,3.62103,0.9,3.6237,0.894555,3.67443,0.911838,-0.011992,0.00227057,-8.66134e-06,4.00849e-06,0.00118238,0.000491722,0.000466826,239516,0
7.886,3.63103,0.9,3.63378,0.894501,3.68451,0.911717,-0.0110694,0.00230015,-8.91568e-06,4.06614e-06,0.00119234,0.000496579,0.000469322,239516,0
7.906,3.64103,0.9,3.64376,0.894453,3.69449,0.911606,-0.0110399,0.00232921,-9.14144e-06,4.11926e-06,0.00120231,0.000501419,0.000471821,239516,0
7.926,3.65103,0.9,3.65305,0.894411,3.70453,0.911649,-0.0105423,0.00220932,-8.53258e-06,3.97638e-06,0.00116468,0.000482824,0.000461274,235003,0
7.946,3.66103,0.9,3.66336,0.894369,3.71484,0.91154,-0.0101585,0.00224015,-8.76362e-06,4.02773e-06,0.00117468,0.000487729,0.000463771,235003,0
7.966,3.67103,0.9,3.67399,0.894331,3.72547,0.911432,-0.00939191,0.00227284,-8.99968e-06,4.07911e-06,0.00118511,0.000492816,0.000466272,235003,0
7.986,3.68103,0.9,3.68405,0.894294,3.73553,0.911338,-0.0102779,0.00230232,-9.18847e-06,4.12445e-06,0.00119507,0.000497663,0.000468776,235003,0
8.006,3.69103,0.9,3.69444,0.894256,3.74592,0.911231,-0.00954493,0.00233361,-9.41366e-06,4.17582e-06,0.00120547,0.000502693,0.000471285,235003,0
8.026,3.70103,0.9,3.70347,0.894221,3.75549,0.911302,-0.0104645,0.00221192,-8.73702e-06,4.02468e-06,0.00116738,0.000483887,0.000460728,234925,0
8.046,3.71103,0.9,3.71394,0.894175,3.76595,0.911193,-0.0104577,0.00224366,-8.97349e-06,4.07644e-06,0.00117756,0.000488865,0.000463233,234925,0
8.066,3.72103,0.9,3.72416,0.894128,3.77617,0.911086,-0.0108369,0.00227399,-9.19629e-06,4.12724e-06,0.0011876,0.000493755,0.000465743,234925,0
8.086,3.73103,0.9,3.73345,0.894079,3.78546,0.910985,-0.0119655,0.00229947,-9.38388e-06,4.17551e-06,0.00119682,0.000498245,0.000468257,234925,0
8.106,3.74103,0.9,3.74341,0.894028,3.79542,0.910866,-0.0103238,0.0023284,-9.6286e-06,4.23269e-06,0.00120679,0.000503071,0.000470775,234925,0
8.126,3.75103,0.9,3.75341,0.893983,3.80635,0.910928,-0.0106911,0.00221233,-8.99018e-06,4.08845e-06,0.00116955,0.000484679,0.00046023,230361,0
8.146,3.76103,0.9,3.76347,0.893934,3.81641,0.910821,-0.0107897,0.00224178,-9.21134e-06,4.13928e-06,0.00117934,0.000489466,0.000462745,230361,0
8.166,3.77103,0.9,3.77361,0.893879,3.82655,0.910711,-0.0119542,0.00227173,-9.43841e-06,4.19132e-06,0.00118933,0.000494322,0.000465264,230361,0
8.186,3.78103,0.9,3.7834,0.893814,3.83634,0.910594,-0.0130408,0.00229973,-9.67385e-06,4.24716e-06,0.00119905,0.000499039,0.000467787,230361,0
8.206,3.79103,0.9,3.79349,0.893744,3.84644,0.910463,-0.0126343,0.00232943,-9.95186e-06,4.31021e-06,0.00120918,0.00050393,0.000470314,230361,0
8.226,3.80103,0.9,3.80294,0.893679,3.85634,0.910571,-0.0128485,0.00221031,-9.30729e-06,4.17177e-06,0.00117123,0.000485219,0.000459768,230289,0
8.246,3.81103,0.9,3.81389,0.893602,3.86728,0.910431,-0.0126023,0.00224482,-9.63606e-06,4.23789e-06,0.00118192,0.000490417,0.000462292,230289,0
8.266,3.82103,0.9,3.82395,0.893529,3.87734,0.910304,-0.0134315,0.00227428,-9.90201e-06,4.29795e-06,0.00119184,0.000495231,0.00046482,230289,0
8.286,3.83103,0.9,3.83405,0.893457,3.88744,0.910168,-0.0121422,0.002304,-1.01899e-05,4.36254e-06,0.00120189,0.000500096,0.000467352,230289,0
8.306,3.84103,0.9,3.84431,0.893389,3.8977,0.910044,-0.0125984,0.00233456,-1.04534e-05,4.42228e-06,0.00121221,0.000505061,0.000469889,230289,0
8.326,3.85103,0.9,3.8541,0.893322,3.90865,0.910169,-0.0123485,0.0022166,-9.77758e-06,4.28344e-06,0.00117438,0.00048642,0.000459332,220604,0
8.346,3.86103,0.9,3.86383,0.893259,3.91839,0.910049,-0.0116641,0.00224435,-1.00195e-05,4.34018e-06,0.0011839,0.000491058,0.000461865,220604,0
8.366,3.87103,0.9,3.87362,0.893199,3.92818,0.909935,-0.0116483,0.00227237,-1.02473e-05,4.39447e-06,0.00119356,0.000495748,0.000464403,220604,0
8.386,3.88103,0.9,3.88353,0.893137,3.93809,0.909819,-0.0117615,0.00230107,-1.04802e-05,4.44968e-06,0.00120344,0.000500525,0.000466944,220604,0
8.406,3.89103,0.9,3.89346,0.893078,3.94801,0.909702,-0.0111665,0.00232982,-1.07152e-05,4.5058e-06,0.00121343,0.000505334,0.00046949,220604,0
8.426,3.90103,0.9,3.90366,0.893019,3.95821,0.909589,-0.0114857,0.00236008,-1.09491e-05,4.56093e-06,0.00122379,0.000510301,0.00047204,220604,0
8.446,3.91103,0.9,3.91378,0.892955,3.96835,0.909736,-0.0118841,0.00224083,-1.02089e-05,4.41346e-06,0.00118549,0.000491416,0.0004613,222804,0
8.466,3.92103,0.9,3.92352,0.892888,3.97809,0.90962,-0.0124752,0.00226858,-1.04384e-05,4.46847e-06,0.00119511,0.000496081,0.000463846,222804,0
8.486,3.93103,0.9,3.93443,0.892812,3.989,0.909484,-0.0120774,0.00230284,-1.07489e-05,4.53324e-06,0.00120599,0.000501316,0.000466397,222804,0
8.506,3.94103,0.9,3.94418,0.892742,3.99874,0.909366,-0.0129462,0.00233065,-1.09811e-05,4.58984e-06,0.00121581,0.000506041,0.000468952,222804,0
8.526,3.95103,0.9,3.95451,0.892663,4.00982,0.909451,-0.0129102,0.00221614,-1.02971e-05,4.45098e-06,0.00117828,0.000487569,0.000458412,220498,0
8.546,3.96103,0.9,3.96399,0.892587,4.0193,0.909329,-0.0132697,0.00224257,-1.05359e-05,4.50876e-06,0.00118757,0.00049209,0.000460963,220498,0
8.566,3.97103,0.9,3.97408,0.892506,4.02938,0.909195,-0.0131046,0.00227218,-1.08169e-05,4.57216e-06,0.00119755,0.000496915,0.000463519,220498,0
8.586,3.98103,0.9,3.9831,0.892436,4.03841,0.909077,-0.0125758,0.00229631,-1.10326e-05,4.62872e-06,0.00120656,0.000501279,0.000466079,220498,0
8.606,3.99103,0.9,3.99247,0.89237,4.04777,0.908959,-0.0117564,0.00232213,-1.12545e-05,4.68537e-06,0.00121599,0.000505825,0.000468643,220498,0
8.626,4.00103,0.9,4.00258,0.892297,4.05849,0.909078,-0.0127612,0.0022074,-1.05043e-05,4.53713e-06,0.00117822,0.000487261,0.000458126,218186,0
8.646,4.01103,0.9,4.01252,0.892217,4.06843,0.908951,-0.0130394,0.00223624,-1.07648e-05,4.59699e-06,0.00118796,0.000491993,0.000460686,218186,0
8.666,4.02103,0.9,4.02239,0.892137,4.07831,0.908822,-0.0131064,0.00226474,-1.10271e-05,4.65812e-06,0.00119773,0.000496724,0.000463251,218186,0
8.686,4.03103,0.9,4.03239,0.892048,4.08831,0.908691,-0.014487,0.0022939,-1.12969e-05,4.72065e-06,0.00120771,0.00050154,0.00046582,218186,0
8.706,4.04103,0.9,4.0425,0.891944,4.09842,0.908544,-0.0159018,0.00232365,-1.16061e-05,4.79074e-06,0.00121791,0.000506436,0.000468394,218186,0
8.726,4.05103,0.9,4.05287,0.891829,4.10954,0.908718,-0.0160007,0.00221018,-1.09429e-05,4.6599e-06,0.00118027,0.000487943,0.000457876,215843,0
8.746,4.06103,0.9,4.06336,0.891702,4.12002,0.90855,-0.0175109,0.00224204,-1.1321e-05,4.73861e-06,0.00119056,0.000492927,0.000460445,215843,0
8.766,4.07103,0.9,4.07399,0.891567,4.13064,0.908364,-0.0170804,0.00227465,-1.17492e-05,4.82617e-06,0.0012011,0.000498003,0.000463019,215843,0
8.786,4.08103,0.9,4.08354,0.891451,4.1402,0.908201,-0.0165983,0.00230144,-1.20788e-05,4.90368e-06,0.00121066,0.000502614,0.000465598,215843,0
8.806,4.09103,0.9,4.09343,0.891333,4.15009,0.908037,-0.0165832,0.00233004,-1.24216e-05,4.98217e-06,0.00122066,0.000507413,0.000468181,215843,0
8.826,4.10103,0.9,4.10378,0.891207,4.16057,0.908258,-0.0167393,0.00221568,-1.16953e-05,4.85019e-06,0.00118282,0.000488833,0.000457651,215719,0
8.846,4.11103,0.9,4.11334,0.891081,4.17012,0.908098,-0.0182127,0.00224247,-1.20185e-05,4.92537e-06,0.0011922,0.00049339,0.00046023,215719,0
8.866,4.12103,0.9,4.12322,0.890942,4.18,0.907918,-0.0186981,0.00227098,-1.23995e-05,5.01023e-06,0.00120201,0.000498126,0.000462813,215719,0
8.886,4.13103,0.9,4.13363,0.89079,4.19041,0.907723,-0.0192225,0.00230243,-1.28374e-05,5.10248e-06,0.00121244,0.000503139,0.000465401,215719,0
8.906,4.14103,0.9,4.1442,0.890635,4.20097,0.90752,-0.0187982,0.00233471,-1.33009e-05,5.19916e-06,0.00122314,0.000508251,0.000467993,215719,0
8.926,4.15103,0.9,4.15447,0.890487,4.21162,0.907719,-0.0184211,0.00221934,-1.25404e-05,5.07187e-06,0.00118504,0.000489567,0.000457455,211141,0
8.946,4.16103,0.9,4.16422,0.890349,4.22137,0.907539,-0.017847,0.00224718,-1.2915e-05,5.15622e-06,0.00119464,0.000494219,0.000460043,211141,0
8.966,4.17103,0.9,4.17494,0.890194,4.23209,0.907348,-0.0191705,0.00228037,-1.33566e-05,5.24649e-06,0.00120531,0.000499345,0.000462635,211141,0
8.986,4.18103,0.9,4.18476,0.890048,4.24191,0.907159,-0.0187091,0.00230854,-1.37504e-05,5.33583e-06,0.00121516,0.000504083,0.000465232,211141,0
9.006,4.19103,0.9,4.19484,0.889901,4.25199,0.906971,-0.0185711,0.00233813,-1.41542e-05,5.4259e-06,0.00122538,0.000508971,0.000467833,211141,0
9.026,4.20103,0.9,4.20438,0.889765,4.26166,0.907219,-0.0175758,0.00221845,-1.32453e-05,5.2855e-06,0.00118642,0.000489899,0.000457289,211070,0
9.046,4.21103,0.9,4.21456,0.889622,4.27184,0.90704,-0.0180408,0.00224859,-1.36327e-05,5.36965e-06,0.00119645,0.000494749,0.000459886,211070,0
9.066,4.22103,0.9,4.2248,0.889472,4.28208,0.906856,-0.0184904,0.00227906,-1.40352e-05,5.45699e-06,0.00120664,0.000499656,0.000462488,211070,0
9.086,4.23103,0.9,4.23486,0.889319,4.29214,0.90667,-0.019353,0.00230853,-1.44314e-05,5.54544e-06,0.00121675,0.000504508,0.000465094,211070,0
9.106,4.24103,0.9,4.24508,0.889156,4.30236,0.906472,-0.0199485,0.00233889,-1.48615e-05,5.63992e-06,0.00122712,0.000509464,0.000467704,211070,0
9.126,4.25103,0.9,4.25549,0.888976,4.31278,0.906721,-0.0217861,0.00222378,-1.39942e-05,5.50654e-06,0.00118889,0.000490744,0.000457159,208477,0
9.146,4.26103,0.9,4.26472,0.888802,4.32201,0.90652,-0.0225986,0.00224893,-1.43918e-05,5.60097e-06,0.001198,0.000495162,0.000459765,208477,0
9.166,4.27103,0.9,4.27431,0.888613,4.3316,0.906303,-0.0234869,0.00227592,-1.48398e-05,5.70319e-06,0.00120755,0.000499773,0.000462376,208477,0
9.186,4.28103,0.9,4.28396,0.888412,4.34126,0.906077,-0.0247375,0.00230324,-1.5312e-05,5.81066e-06,0.00121726,0.00050444,0.000464991,208477,0
9.206,4.29103,0.9,4.29349,0.888214,4.35079,0.905841,-0.0236631,0.00232993,-1.57969e-05,5.92303e-06,0.00122694,0.00050908,0.000467611,208477,0
9.226,4.30103,0.9,4.303,0.888016,4.36092,0.906186,-0.0241865,0.00221106,-1.48443e-05,5.78975e-06,0.00118784,0.000489974,0.000457087,203604,0
9.246,4.31103,0.9,4.31263,0.887805,4.37055,0.905953,-0.0254941,0.00223827,-1.53317e-05,5.89898e-06,0.00119734,0.00049458,0.000459703,203604,0
9.266,4.32103,0.9,4.32192,0.887595,4.37984,0.905716,-0.0255043,0.00226371,-1.58073e-05,6.01061e-06,0.00120658,0.000499054,0.000462322,203604,0
9.286,4.33103,0.9,4.33144,0.887377,4.38936,0.905473,-0.0262694,0.00229031,-1.63065e-05,6.12569e-06,0.00121614,0.000503661,0.000464947,203604,0
9.306,4.34103,0.9,4.34133,0.887146,4.39924,0.905213,-0.0262018,0.00231887,-1.68642e-05,6.24943e-06,0.00122616,0.000508469,0.000467576,203604,0
9.326,4.35103,0.9,4.35129,0.886915,4.40921,0.904952,-0.02591,0.00234783,-1.74267e-05,6.37451e-06,0.00123636,0.000513341,0.000470209,203604,0
9.346,4.36103,0.9,4.36133,0.886683,4.41936,0.9053,-0.0256814,0.0022296,-1.6421e-05,6.2439e-06,0.00119712,0.000494149,0.000459517,201274,0
9.366,4.37103,0.9,4.37141,0.886452,4.42944,0.905041,-0.0251982,0.00225921,-1.69894e-05,6.36595e-06,0.00120716,0.000498991,0.000462146,201274,0
9.386,4.38103,0.9,4.38142,0.886224,4.43945,0.904789,-0.0251345,0.00228842,-1.75348e-05,6.48565e-06,0.00121721,0.000503828,0.000464779,201274,0
9.406,4.39103,0.9,4.39111,0.886003,4.44914,0.904545,-0.0253955,0.00231593,-1.80397e-05,6.60206e-06,0.00122704,0.000508547,0.000467417,201274,0
9.426,4.40103,0.9,4.4012,0.885773,4.45974,0.904893,-0.0247338,0.00220184,-1.69887e-05,6.46388e-06,0.00118851,0.000489738,0.000456931,201231,0
9.446,4.41103,0.9,4.41116,0.885548,4.4697,0.904647,-0.0245139,0.00223079,-1.75186e-05,6.57966e-06,0.00119833,0.000494499,0.000459564,201231,0
9.466,4.42103,0.9,4.42133,0.885317,4.47987,0.904397,-0.024886,0.00226088,-1.80648e-05,6.69753e-06,0.00120845,0.000499386,0.000462202,201231,0
9.486,4.43103,0.9,4.43089,0.885102,4.48943,0.904159,-0.0241551,0.00228767,-1.8548e-05,6.81077e-06,0.00121805,0.000504017,0.000464844,201231,0
9.506,4.44103,0.9,4.44115,0.884869,4.49969,0.903912,-0.025099,0.00231826,-1.90909e-05,6.92943e-06,0.00122846,0.000509005,0.000467491,201231,0
9.526,4.45103,0.9,4.45088,0.884645,4.51001,0.904279,-0.0245853,0.00220197,-1.78928e-05,6.77525e-06,0.00118949,0.000489998,0.000457,196632,0
9.546,4.46103,0.9,4.46093,0.884413,4.52006,0.904032,-0.0246288,0.0022314,-1.8426e-05,6.89159e-06,0.0011994,0.000494804,0.000459642,196632,0
9.566,4.47103,0.9,4.46989,0.884201,4.52902,0.903811,-0.0257138,0.0022552,-1.88404e-05,6.99649e-06,0.00120831,0.000499137,0.000462289,196632,0
9.586,4.48103,0.9,4.48015,0.883958,4.53928,0.903547,-0.0248518,0.00228579,-1.94222e-05,7.12205e-06,0.00121862,0.0005041,0.000464941,196632,0
9.606,4.49103,0.9,4.49054,0.883718,4.54967,0.903289,-0.0243869,0.00231712,-1.99955e-05,7.24585e-06,0.00122917,0.000509157,0.000467597,196632,0
9.626,4.50103,0.9,4.50131,0.883475,4.5611,0.903664,-0.0233362,0.00220667,-1.88144e-05,7.08848e-06,0.00119116,0.000490605,0.000457108,196584,0
9.646,4.51103,0.9,4.5115,0.883244,4.57129,0.903426,-0.0240777,0.0022369,-1.93298e-05,7.20091e-06,0.00120123,0.000495484,0.000459759,196584,0
9.666,4.52103,0.9,4.52197,0.883006,4.58175,0.903174,-0.0235991,0.0022686,-1.98918e-05,7.32045e-06,0.00121166,0.000500515,0.000462415,196584,0
9.686,4.53103,0.9,4.53124,0.882798,4.59103,0.902955,-0.0232475,0.00229397,-2.03122e-05,7.42546e-06,0.001221,0.000505027,0.000465076,196584,0
9.706,4.54103,0.9,4.54135,0.882569,4.60113,0.90272,-0.0243199,0.00232371,-2.08088e-05,7.53862e-06,0.00123127,0.000509955,0.000467741,196584,0
9.726,4.55103,0.9,4.55133,0.882336,4.6114,0.903084,-0.0240631,0.00220811,-1.94572e-05,7.36071e-06,0.00119235,0.000490988,0.000457235,196510,0
9.746,4.56103,0.9,4.56054,0.882118,4.62061,0.902862,-0.0243541,0.00223314,-1.98821e-05,7.46586e-06,0.00120144,0.000495419,0.000459896,196510,0
9.766,4.57103,0.9,4.57056,0.881876,4.63063,0.902618,-0.0253084,0.0022624,-2.0398e-05,7.58201e-06,0.00121143,0.000500251,0.000462561,196510,0
9.786,4.58103,0.9,4.58009,0.881641,4.64016,0.902377,-0.0250733,0.00228911,-2.08799e-05,7.69765e-06,0.00122103,0.00050489,0.00046523,196510,0
9.806,4.59103,0.9,4.5899,0.881404,4.64997,0.902131,-0.0245894,0.00231725,-2.13847e-05,7.81619e-06,0.001231,0.000509686,0.000467905,196510,0
9.826,4.60103,0.9,4.59995,0.881163,4.66091,0.902559,-0.0240256,0.00220278,-1.99963e-05,7.62823e-06,0.00119216,0.000490768,0.000457411,191917,0
9.846,4.61103,0.9,4.60963,0.880934,4.67058,0.902327,-0.0235242,0.00223022,-2.04666e-05,7.73862e-06,0.00120171,0.000495419,0.00046008,191917,0
9.866,4.62103,0.9,4.61934,0.880707,4.68029,0.902098,-0.023401,0.00225784,-2.09271e-05,7.84787e-06,0.00121139,0.000500116,0.000462754,191917,0
9.886,4.63103,0.9,4.62892,0.880482,4.68987,0.901874,-0.0238097,0.00228477,-2.13691e-05,7.9558e-06,0.00122103,0.00050478,0.000465433,191917,0
9.906,4.64103,0.9,4.63928,0.880237,4.70023,0.901627,-0.0235902,0.00231592,-2.19026e-05,8.07493e-06,0.00123156,0.000509838,0.000468117,191917,0
9.926,4.65103,0.9,4.64932,0.88,4.71053,0.902084,-0.0233519,0.00220156,-2.04415e-05,7.8704e-06,0.00119267,0.000490905,0.000457622,191869,0
9.946,4.66103,0.9,4.65899,0.879772,4.7202,0.901858,-0.0230111,0.00222898,-2.0894e-05,7.97802e-06,0.00120222,0.000495561,0.000460301,191869,0
9.966,4.67103,0.9,4.66878,0.879544,4.72999,0.901632,-0.0229256,0.00225701,-2.13482e-05,8.08601e-06,0.00121198,0.0005003,0.000462984,191869,0
9.986,4.68103,0.9,4.67863,0.879314,4.73984,0.901407,-0.0228952,0.00228535,-2.18043e-05,8.19491e-06,0.00122189,0.000505094,0.000465671,191869,0
10.006,4.69103,0.9,4.68896,0.879072,4.75017,0.90117,-0.0231883,0.00231635,-2.23088e-05,8.30959e-06,0.0012324,0.000510147,0.000468364,191869,0
10.026,4.70103,0.9,4.70004,0.87881,4.76226,0.901629,-0.0228183,0.00220784,-2.09138e-05,8.10206e-06,0.00119447,0.000491664,0.000457864,186748,0
10.046,4.71103,0.9,4.71041,0.878562,4.77263,0.901393,-0.0233479,0.00223904,-2.14243e-05,8.21484e-06,0.00120474,0.000496647,0.000460551,186748,0
10.066,4.72103,0.9,4.72007,0.878327,4.78229,0.901167,-0.023425,0.00226639,-2.18705e-05,8.32321e-06,0.00121439,0.000501333,0.000463243,186748,0
10.086,4.73103,0.9,4.72974,0.878094,4.79196,0.900941,-0.0230459,0.00229382,-2.23179e-05,8.43276e-06,0.00122415,0.000506055,0.00046594,186748,0
10.106,4.74103,0.9,4.74026,0.87784,4.80248,0.900698,-0.0234565,0.00232584,-2.28434e-05,8.55037e-06,0.00123486,0.0005112,0.000468641,186748,0
10.126,4.75103,0.9,4.74957,0.877617,4.81179,0.90048,-0.0226271,0.00235142,-2.3251e-05,8.6575e-06,0.00124444,0.000515813,0.000471348,186748,0
10.146,4.76103,0.9,4.75945,0.877381,4.82161,0.900949,-0.0228055,0.00223188,-2.15987e-05,8.41721e-06,0.00120447,0.000496352,0.00046063,186704,0
10.166,4.77103,0.9,4.76965,0.877134,4.83181,0.900717,-0.0228121,0.00226213,-2.20863e-05,8.52903e-06,0.00121466,0.000501292,0.000463331,186704,0
10.186,4.78103,0.9,4.7789,0.876917,4.84106,0.900505,-0.0213608,0.0022874,-2.2477e-05,8.63157e-06,0.00122399,0.000505823,0.000466036,186704,0
10.206,4.79103,0.9,4.78871,0.876694,4.85087,0.900296,-0.021389,0.00231555,-2.28867e-05,8.73405e-06,0.00123397,0.000510643,0.000468747,186704,0
10.226,4.80103,0.9,4.79831,0.876478,4.86047,0.900091,-0.0209189,0.00234258,-2.32753e-05,8.83516e-06,0.00124383,0.000515394,0.000471462,182086,0
10.246,4.81103,0.9,4.80832,0.876248,4.87121,0.900578,-0.0218096,0.00222479,-2.1598e-05,8.5772e-06,0.00120403,0.000496021,0.000460761,182086,0
10.266,4.82103,0.9,4.81835,0.876008,4.88125,0.900359,-0.0222379,0.00225414,-2.20424e-05,8.68283e-06,0.00121405,0.000500889,0.00046347,182086,0
10.286,4.83103,0.9,4.82852,0.875762,4.89142,0.900133,-0.0224891,0.00228424,-2.25091e-05,8.79255e-06,0.0012243,0.000505853,0.000466184,182086,0
10.306,4.84103,0.9,4.83903,0.875508,4.90193,0.899896,-0.0219772,0.00231624,-2.30157e-05,8.90774e-06,0.001235,0.000511006,0.000468904,182086,0
10.326,4.85103,0.9,4.84899,0.875271,4.91262,0.900387,-0.021547,0.0022014,-2.14039e-05,8.64894e-06,0.00119579,0.000491949,0.000458392,182042,0
10.346,4.86103,0.9,4.85902,0.875031,4.92265,0.900171,-0.0215302,0.00223073,-2.18419e-05,8.7529e-06,0.00120572,0.000496793,0.000461105,182042,0
10.366,4.87103,0.9,4.86925,0.874788,4.93288,0.89995,-0.0214099,0.00226115,-2.22968e-05,8.8594e-06,0.00121595,0.000501759,0.000463823,182042,0
10.386,4.88103,0.9,4.87874,0.874564,4.94236,0.899747,-0.0211121,0.00228759,-2.2676e-05,8.95859e-06,0.00122552,0.000506411,0.000466546,182042,0
10.406,4.89103,0.9,4.8887,0.874326,4.95233,0.899537,-0.02189,0.00231654,-2.30906e-05,9.06181e-06,0.00123566,0.000511315,0.000469274,182042,0
10.426,4.90103,0.9,4.89814,0.874101,4.96195,0.900117,-0.0205829,0.00219894,-2.14209e-05,8.78718e-06,0.00119589,0.000492,0.000458753,182027,0
10.446,4.91103,0.9,4.90784,0.873871,4.97165,0.899917,-0.0210697,0.0022265,-2.18039e-05,8.88376e-06,0.00120549,0.0004967,0.000461474,182027,0
10.466,4.92103,0.9,4.9181,0.873622,4.98192,0.899701,-0.0218513,0.00225713,-2.22495e-05,8.98866e-06,0.00121575,0.000501691,0.000464201,182027,0
10.486,4.93103,0.9,4.9282,0.873368,4.99202,0.89948,-0.0227187,0.00228682,-2.26957e-05,9.09623e-06,0.00122595,0.000506635,0.000466933,182027,0
10.506,4.94103,0.9,4.93825,0.873102,5.00207,0.899252,-0.0244366,0.00231627,-2.31565e-05,9.2081e-06,0.00123619,0.000511589,0.00046967,182027,0
10.526,4.95103,0.9,4.94816,0.872833,5.01275,0.899783,-0.0234125,0.00220116,-2.15848e-05,8.93983e-06,0.00119685,0.000492472,0.00045914,177367,0
10.546,4.96103,0.9,4.95841,0.87256,5.023,0.899543,-0.0231625,0.00223169,-2.20886e-05,9.05516e-06,0.00120701,0.000497432,0.00046187,177367,0
10.566,4.97103,0.9,4.96916,0.872262,5.03375,0.899294,-0.0253545,0.00226505,-2.26389e-05,9.17542e-06,0.00121778,0.000502656,0.000464606,177367,0
10.586,4.98103,0.9,4.9796,0.871966,5.04419,0.899029,-0.0245423,0.00229663,-2.32096e-05,9.30373e-06,0.00122834,0.000507768,0.000467347,177367,0
10.606,4.99103,0.9,4.9905,0.871662,5.0551,0.898761,-0.0243437,0.0023309,-2.38119e-05,9.43429e-06,0.0012395,0.000513131,0.000470093,177367,0
10.626,5.00103,0.9,5.00098,0.871372,5.06626,0.899293,-0.023567,0.00221715,-2.22292e-05,9.16106e-06,0.00120048,0.00049416,0.000459518,177332,0
10.646,5.01103,0.9,5.01068,0.871108,5.07596,0.899065,-0.0229622,0.0022447,-2.26757e-05,9.27142e-06,0.00121012,0.000498875,0.000462257,177332,0
10.666,5.02103,0.9,5.01957,0.870867,5.08485,0.89886,-0.0233562,0.00226819,-2.30299e-05,9.37123e-06,0.00121905,0.000503248,0.000465001,177332,0
10.686,5.03103,0.9,5.02957,0.870592,5.09485,0.898627,-0.0237476,0.00229737,-2.3499e-05,9.48537e-06,0.00122918,0.000508165,0.000467751,177332,0
10.706,5.04103,0.9,5.04011,0.870302,5.1054,0.898376,-0.0232086,0.00232955,-2.40347e-05,9.60811e-06,0.00123996,0.000513367,0.000470505,177332,0
10.726,5.05103,0.9,5.05027,0.870027,5.11607,0.898957,-0.02249,0.00221419,-2.23684e-05,9.31674e-06,0.0012006,0.000494236,0.000459922,177374,0
10.746,5.06103,0.9,5.06073,0.869746,5.12653,0.898721,-0.0222366,0.00224585,-2.28658e-05,9.43036e-06,0.001211,0.000499307,0.00046267,177374,0
10.766,5.07103,0.9,5.07131,0.869465,5.13711,0.898486,-0.0219236,0.00227826,-2.3368e-05,9.54485e-06,0.00122163,0.000504471,0.000465423,177374,0
10.786,5.08103,0.9,5.08141,0.869194,5.14722,0.898265,-0.0225994,0.00230798,-2.38103e-05,9.65359e-06,0.00123189,0.000509444,0.000468181,177374,0
10.806,5.09103,0.9,5.09174,0.868914,5.15755,0.898031,-0.0225944,0.00233895,-2.42906e-05,9.76865e-06,0.00124248,0.000514556,0.000470944,177374,0
10.826,5.10103,0.9,5.10092,0.86867,5.16651,0.898645,-0.0210837,0.00221731,-2.24847e-05,9.45432e-06,0.00120196,0.000494887,0.000460326,177266,0
10.846,5.11103,0.9,5.11064,0.868412,5.17624,0.89844,-0.0218043,0.00224498,-2.28739e-05,9.55429e-06,0.00121164,0.000499629,0.000463082,177266,0
10.866,5.12103,0.9,5.12062,0.868146,5.18622,0.898222,-0.0213944,0.00227405,-2.33026e-05,9.66078e-06,0.00122167,0.000504523,0.000465843,177266,0
10.886,5.13103,0.9,5.13074,0.86787,5.19635,0.898005,-0.0229743,0.00230391,-2.37332e-05,9.7675e-06,0.00123195,0.000509516,0.00046861,177266,0
10.906,5.14103,0.9,5.1406,0.867599,5.2062,0.897779,-0.0219192,0.0023323,-2.41728e-05,9.87949e-06,0.00124206,0.000514413,0.000471382,177266,0
10.926,5.15103,0.9,5.15044,0.867338,5.21605,0.898389,-0.0204023,0.00221489,-2.24289e-05,9.56066e-06,0.00120222,0.000495065,0.000460764,174932,0
10.946,5.16103,0.9,5.16039,0.867075,5.22601,0.898186,-0.0212082,0.0022438,-2.28221e-05,9.65995e-06,0.00121214,0.000499921,0.000463529,174932,0
10.966,5.17103,0.9,5.17011,0.866806,5.23572,0.897979,-0.0229522,0.00227146,-2.32108e-05,9.76129e-06,0.00122191,0.000504701,0.000466299,174932,0
10.986,5.18103,0.9,5.17949,0.866537,5.24511,0.897764,-0.0231725,0.00229739,-2.36048e-05,9.86763e-06,0.00123144,0.000509355,0.000469074,174932,0
11.006,5.19103,0.9,5.18975,0.866239,5.25537,0.897526,-0.0236427,0.002328,-2.40905e-05,9.98519e-06,0.00124196,0.000514453,0.000471854,174932,0
11.026,5.20103,0.9,5.19908,0.865959,5.26491,0.898142,-0.0245159,0.00220847,-2.2347e-05,9.66089e-06,0.00120163,0.000494872,0.000461231,172546,0
11.046,5.21103,0.9,5.20901,0.86565,5.27483,0.897899,-0.0253626,0.00223723,-2.28346e-05,9.77897e-06,0.00121152,0.000499724,0.000464005,172546,0
11.066,5.22103,0.9,5.21911,0.86533,5.28494,0.897642,-0.0257113,0.00226698,-2.33611e-05,9.90391e-06,0.00122169,0.000504693,0.000466783,172546,0
11.086,5.23103,0.9,5.22897,0.865009,5.2948,0.897389,-0.0268996,0.00229537,-2.38643e-05,1.00283e-05,0.0012317,0.000509576,0.000469567,172546,0
11.106,5.24103,0.9,5.23828,0.864698,5.30411,0.897138,-0.0275583,0.00232095,-2.43303e-05,1.01521e-05,0.00124125,0.000514237,0.000472356,172546,0
11.126,5.25103,0.9,5.24802,0.864373,5.31404,0.897795,-0.0260376,0.00220439,-2.26983e-05,9.84191e-06,0.00120138,0.000494865,0.000461734,172511,0
11.146,5.26103,0.9,5.25864,0.864017,5.32466,0.897519,-0.027371,0.00223698,-2.33041e-05,9.97562e-06,0.00121196,0.000500046,0.000464515,172511,0
11.166,5.27103,0.9,5.2684,0.863687,5.33442,0.897251,-0.0266153,0.00226489,-2.38358e-05,1.0106e-05,0.0012218,0.000504865,0.000467302,172511,0
11.186,5.28103,0.9,5.27799,0.863361,5.34401,0.896996,-0.0277089,0.00229188,-2.43272e-05,1.02315e-05,0.00123154,0.000509633,0.000470094,172511,0
11.206,5.29103,0.9,5.28809,0.863008,5.35412,0.896716,-0.0284132,0.00232162,-2.49039e-05,1.03695e-05,0.00124191,0.000514674,0.000472892,172511,0
11.226,5.30103,0.9,5.2977,0.862669,5.36346,0.897378,-0.02779,0.00220427,-2.32209e-05,1.00531e-05,0.00120186,0.000495213,0.000462252,172494,0
11.246,5.31103,0.9,5.30751,0.862332,5.37327,0.897105,-0.025994,0.00223243,-2.37687e-05,1.01854e-05,0.00121165,0.000500031,0.000465042,172494,0
11.266,5.32103,0.9,5.31772,0.861988,5.38348,0.896839,-0.0263999,0.00226276,-2.43189e-05,1.03152e-05,0.00122193,0.000505068,0.000467837,172494,0
11.286,5.33103,0.9,5.32747,0.861657,5.39324,0.896582,-0.0263737,0.00229061,-2.48224e-05,1.04422e-05,0.00123185,0.000509922,0.000470638,172494,0
11.306,5.34103,0.9,5.3374,0.861316,5.40317,0.89632,-0.0272862,0.00231943,-2.53437e-05,1.05721e-05,0.00124205,0.000514892,0.000473444,172494,0
11.326,5.35103,0.9,5.34793,0.860947,5.41527,0.896923,-0.0272757,0.00220732,-2.37084e-05,1.02536e-05,0.0012029,0.000495843,0.000462792,162820,0
11.346,5.36103,0.9,5.35805,0.860587,5.4254,0.896646,-0.0276377,0.00223718,-2.42806e-05,1.0388e-05,0.00121301,0.000500817,0.00046559,162820,0
11.366,5.37103,0.9,5.36813,0.860226,5.43548,0.896368,-0.0276484,0.00226678,-2.48532e-05,1.05243e-05,0.00122318,0.000505801,0.000468394,162820,0
11.386,5.38103,0.9,5.37821,0.859872,5.44556,0.896089,-0.0264153,0.0022964,-2.54236e-05,1.06616e-05,0.00123345,0.000510819,0.000471203,162820,0
11.406,5.39103,0.9,5.38854,0.859514,5.4559,0.895816,-0.0265332,0.0023274,-2.59916e-05,1.0797e-05,0.00124408,0.000515989,0.000474017,162820,0
11.426,5.40103,0.9,5.39884,0.859159,5.46763,0.896462,-0.0254249,0.00221309,-2.42421e-05,1.04627e-05,0.00120456,0.000496761,0.000463328,162781,0
11.446,5.41103,0.9,5.40796,0.858855,5.47675,0.89623,-0.0239102,0.00223769,-2.46561e-05,1.05768e-05,0.00121368,0.000501278,0.000466135,162781,0
11.466,5.42103,0.9,5.41836,0.858517,5.48715,0.895982,-0.0235594,0.00226906,-2.51702e-05,1.06995e-05,0.00122417,0.000506421,0.000468946,162781,0
11.486,5.43103,0.9,5.4285,0.858192,5.49729,0.895743,-0.0229452,0.00229899,-2.56447e-05,1.08184e-05,0.00123451,0.000511476,0.000471764,162781,0
11.506,5.44103,0.9,5.43858,0.85787,5.50738,0.895511,-0.0233925,0.00232861,-2.60957e-05,1.09345e-05,0.00124489,0.000516537,0.000474587,162781,0
11.526,5.45103,0.9,5.44915,0.857527,5.51893,0.896183,-0.0232738,0.00221566,-2.4284e-05,1.05794e-05,0.00120557,0.000497398,0.000463876,162770,0
11.546,5.46103,0.9,5.45906,0.857203,5.52884,0.895952,-0.0234513,0.00224435,-2.47311e-05,1.06932e-05,0.00121549,0.000502292,0.00046669,162770,0
11.566,5.47103,0.9,5.4689,0.856882,5.53869,0.895721,-0.0230035,0.0022727,-2.51736e-05,1.08079e-05,0.00122545,0.000507188,0.00046951,162770,0
11.586,5.48103,0.9,5.479,0.856559,5.54879,0.895489,-0.0222279,0.00230238,-2.56283e-05,1.09239e-05,0.00123575,0.000512232,0.000472336,162770,0
11.606,5.49103,0.9,5.48834,0.856267,5.55814,0.895281,-0.021529,0.00232814,-2.59912e-05,1.10292e-05,0.00124538,0.000516955,0.000475167,162770,0
11.626,5.50103,0.9,5.49821,0.855963,5.56842,0.895994,-0.0206664,0.00221137,-2.40733e-05,1.06503e-05,0.00120533,0.000497468,0.000464437,162742,0
11.646,5.51103,0.9,5.50901,0.85563,5.57922,0.895771,-0.0210382,0.00224505,-2.4542e-05,1.07609e-05,0.00121615,0.000502787,0.00046726,162742,0
11.666,5.52103,0.9,5.51883,0.85532,5.58905,0.895564,-0.0222349,0.00227328,-2.49252e-05,1.08644e-05,0.00122609,0.000507681,0.000470088,162742,0
11.686,5.53103,0.9,5.52916,0.854985,5.59938,0.895334,-0.0225322,0.00230427,-2.53842e-05,1.09795e-05,0.00123665,0.000512847,0.000472921,162742,0
11.706,5.54103,0.9,5.53969,0.854644,5.60991,0.895097,-0.0223127,0.00233636,-2.58688e-05,1.10989e-05,0.00124751,0.000518139,0.00047576,162742,0
11.726,5.55103,0.9,5.54986,0.854312,5.62084,0.89576,-0.0224501,0.00222024,-2.40041e-05,1.07183e-05,0.00120761,0.000498709,0.000464991,160387,0
11.746,5.56103,0.9,5.56044,0.85397,5.63143,0.895522,-0.0208874,0.00225266,-2.44987e-05,1.08358e-05,0.00121824,0.000503937,0.000467821,160387,0
11.766,5.57103,0.9,5.57005,0.853669,5.64104,0.895321,-0.0206446,0.00227977,-2.48587e-05,1.09368e-05,0.00122798,0.000508742,0.000470657,160387,0
11.786,5.58103,0.9,5.58001,0.853354,5.651,0.895115,-0.0213598,0.00230874,-2.5242e-05,1.10407e-05,0.00123818,0.000513744,0.000473499,160387,0
11.806,5.59103,0.9,5.59057,0.853021,5.66157,0.89489,-0.020688,0.00234101,-2.56978e-05,1.11548e-05,0.0012491,0.000519062,0.000476346,160387,0
11.826,5.60103,0.9,5.60076,0.852699,5.67175,0.894679,-0.0212895,0.00237119,-2.6098e-05,1.12625e-05,0.00125973,0.000524236,0.000479199,158039,0
11.846,5.61103,0.9,5.61087,0.852373,5.682,0.895381,-0.0213343,0.00225049,-2.41516e-05,1.08611e-05,0.00121889,0.000504317,0.000468184,158039,0
11.866,5.62103,0.9,5.62083,0.852047,5.69196,0.895169,-0.0217331,0.00227945,-2.45531e-05,1.09677e-05,0.001229,0.000509294,0.000471027,158039,0
11.886,5.63103,0.9,5.63074,0.851718,5.70188,0.894953,-0.0223878,0.00230818,-2.49579e-05,1.10765e-05,0.00123916,0.000514283,0.000473876,158039,0
11.906,5.64103,0.9,5.64049,0.851384,5.71164,0.894735,-0.0235689,0.00233604,-2.53602e-05,1.11873e-05,0.00124926,0.000519227,0.000476731,158039,0
11.926,5.65103,0.9,5.65086,0.851021,5.72275,0.895437,-0.023483,0.00222106,-2.35946e-05,1.08021e-05,0.00120943,0.000499818,0.000465922,158009,0
11.946,5.66103,0.9,5.66147,0.850644,5.73336,0.895188,-0.0239833,0.00225362,-2.41188e-05,1.09254e-05,0.00122011,0.000505075,0.000468767,158009,0
11.966,5.67103,0.9,5.67205,0.850264,5.74394,0.894934,-0.0241099,0.00228602,-2.46508e-05,1.10517e-05,0.00123087,0.000510354,0.000471619,158009,0
11.986,5.68103,0.9,5.68202,0.849906,5.75392,0.894694,-0.0240651,0.00231505,-2.51165e-05,1.11725e-05,0.00124111,0.00051538,0.000474476,158009,0
12.006,5.69103,0.9,5.69193,0.849555,5.76383,0.894455,-0.0232337,0.00234374,-2.55721e-05,1.12931e-05,0.00125139,0.000520408,0.000477339,158009,0
12.026,5.70103,0.9,5.70153,0.84922,5.77376,0.895208,-0.0222537,0.00222372,-2.36959e-05,1.08917e-05,0.00121065,0.000500564,0.000466488,157986,0
12.046,5.71103,0.9,5.71132,0.848879,5.78356,0.89499,-0.0223797,0.00225177,-2.41034e-05,1.10007e-05,0.00122051,0.000505448,0.000469342,157986,0
12.066,5.72103,0.9,5.72183,0.848509,5.79407,0.894755,-0.0231349,0.00228376,-2.45837e-05,1.11185e-05,0.0012312,0.000510703,0.000472201,157986,0
12.086,5.73103,0.9,5.73144,0.848165,5.80368,0.894532,-0.0235546,0.0023109,-2.49898e-05,1.1231e-05,0.00124109,0.00051557,0.000475066,157986,0
12.106,5.74103,0.9,5.7413,0.847806,5.81354,0.8943,-0.0242703,0.0023393,-2.54273e-05,1.13489e-05,0.00125131,0.000520583,0.000477937,157986,0
12.126,5.75103,0.9,5.75118,0.847443,5.8234,0.895003,-0.0236234,0.00222129,-2.36197e-05,1.09506e-05,0.00121085,0.000500862,0.000467073,157956,0
12.146,5.76103,0.9,5.76099,0.847085,5.83321,0.894771,-0.0231457,0.00224944,-2.40602e-05,1.10662e-05,0.00122074,0.000505765,0.000469934,157956,0
12.166,5.77103,0.9,5.77119,0.846717,5.84341,0.894535,-0.0228973,0.0022797,-2.45271e-05,1.11847e-05,0.00123112,0.000510884,0.000472801,157956,0
12.186,5.78103,0.9,5.78158,0.846347,5.85381,0.894297,-0.0220456,0.00231104,-2.50057e-05,1.13048e-05,0.00124181,0.000516129,0.000475674,157956,0
12.206,5.79103,0.9,5.79148,0.846,5.86371,0.894079,-0.0219621,0.00233968,-2.54113e-05,1.14163e-05,0.0012521,0.000521172,0.000478552,157956,0
12.226,5.80103,0.9,5.80145,0.845645,5.87377,0.894834,-0.0223012,0.00222207,-2.35579e-05,1.10033e-05,0.00121166,0.000501453,0.000467663,155592,0
12.246,5.81103,0.9,5.8115,0.845286,5.88383,0.89461,-0.0216445,0.00225154,-2.39909e-05,1.11156e-05,0.0012218,0.000506481,0.000470532,155592,0
12.266,5.82103,0.9,5.82183,0.844924,5.89416,0.894386,-0.0210632,0.00228252,-2.44323e-05,1.12284e-05,0.00123233,0.000511671,0.000473407,155592,0
12.286,5.83103,0.9,5.83068,0.844615,5.90301,0.894199,-0.0212012,0.00230582,-2.47274e-05,1.13243e-05,0.00124144,0.000516196,0.000476287,155592,0
12.306,5.84103,0.9,5.84064,0.844267,5.91298,0.893988,-0.0212457,0.00233481,-2.5119e-05,1.14327e-05,0.00125179,0.000521281,0.000479174,155592,0
12.326,5.85103,0.9,5.8507,0.843914,5.92358,0.894737,-0.0206426,0.00221828,-2.32878e-05,1.10136e-05,0.00121147,0.000501604,0.000468273,153233,0
12.346,5.86103,0.9,5.86,0.843589,5.93288,0.894545,-0.020538,0.00224381,-2.36151e-05,1.11111e-05,0.00122085,0.000506289,0.000471149,153233,0
12.366,5.87103,0.9,5.86993,0.843241,5.94281,0.894341,-0.0208162,0.0022726,-2.39917e-05,1.12148e-05,0.00123096,0.0005113,0.000474031,153233,0
12.386,5.88103,0.9,5.88061,0.842861,5.9535,0.894119,-0.0216591,0.0023056,-2.44439e-05,1.1328e-05,0.00124196,0.000516704,0.000476919,153233,0
12.406,5.89103,0.9,5.89051,0.842502,5.96341,0.893904,-0.0219627,0.00233424,-2.48403e-05,1.14381e-05,0.00125226,0.000521769,0.000479813,153233,0
12.426,5.90103,0.9,5.90017,0.842148,5.97276,0.894682,-0.0220006,0.00221567,-2.30162e-05,1.10146e-05,0.0012115,0.000501877,0.000468889,153204,0
12.446,5.91103,0.9,5.90998,0.841789,5.98257,0.894466,-0.0212049,0.00224381,-2.34181e-05,1.11234e-05,0.0012214,0.000506809,0.000471773,153204,0
12.466,5.92103,0.9,5.91932,0.841451,5.99192,0.894268,-0.0209481,0.00226957,-2.37589e-05,1.12246e-05,0.00123093,0.000511557,0.000474663,153204,0
12.486,5.93103,0.9,5.92945,0.841082,6.00205,0.894056,-0.0217975,0.00229944,-2.41614e-05,1.13331e-05,0.00124136,0.000516706,0.000477559,153204,0
12.506,5.94103,0.9,5.93923,0.840719,6.01183,0.893842,-0.022298,0.00232745,-2.45498e-05,1.14428e-05,0.00125153,0.000521724,0.00048046,153204,0
12.526,5.95103,0.9,5.94992,0.840317,6.02256,0.894583,-0.0222128,0.00221537,-2.2866e-05,1.10291e-05,0.00121186,0.000502328,0.000469528,153188,0
12.546,5.96103,0.9,5.95982,0.839946,6.03246,0.894364,-0.0215502,0.002244,-2.32811e-05,1.11401e-05,0.00122186,0.000507312,0.000472419,153188,0
12.566,5.97103,0.9,5.96962,0.839589,6.04228,0.894152,-0.0197236,0.00227216,-2.36704e-05,1.12477e-05,0.00123188,0.000512288,0.000475316,153188,0
12.586,5.98103,0.9,5.97982,0.839233,6.05247,0.893951,-0.0186911,0.0023024,-2.40482e-05,1.13511e-05,0.00124239,0.00051748,0.000478219,153188,0
12.606,5.99103,0.9,5.98979,0.838891,6.06245,0.893764,-0.0186396,0.00233143,-2.43802e-05,1.14482e-05,0.00125277,0.0005226,0.000481128,153170,0
12.626,6.00103,0.9,5.99947,0.838563,6.07138,0.894522,-0.0170963,0.00221329,-2.25289e-05,1.10046e-05,0.00121198,0.000502673,0.000470161,153170,0
12.646,6.01103,0.9,6.00936,0.838235,6.08127,0.894353,-0.0166339,0.0022419,-2.28232e-05,1.10918e-05,0.00122198,0.000507665,0.00047306,153170,0
12.666,6.02103,0.9,6.01971,0.837894,6.09162,0.894181,-0.0168316,0.00227297,-2.3137e-05,1.1181e-05,0.00123255,0.000512905,0.000475964,153170,0
12.686,6.03103,0.9,6.02893,0.837588,6.10086,0.894025,-0.0167666,0.00229814,-2.3377e-05,1.12627e-05,0.00124207,0.000517648,0.000478875,153170,0
12.706,6.04103,0.9,6.03876,0.837261,6.11069,0.893861,-0.0172164,0.00232639,-2.36539e-05,1.13495e-05,0.0012523,0.000522709,0.000481791,153170,0
12.726,6.05103,0.9,6.04907,0.836913,6.12012,0.894575,-0.0171089,0.00221224,-2.18873e-05,1.09036e-05,0.00121217,0.000503076,0.000470811,153154,0
12.746,6.06103,0.9,6.05933,0.836559,6.13039,0.8944,-0.0182039,0.00224288,-2.22102e-05,1.0994e-05,0.00122256,0.000508255,0.000473717,153154,0
12.766,6.07103,0.9,6.07009,0.836181,6.14116,0.894204,-0.0182946,0.00227634,-2.26002e-05,1.10945e-05,0.00123358,0.000513704,0.000476629,153154,0
12.786,6.08103,0.9,6.08048,0.835813,6.15154,0.894014,-0.0189411,0.00230762,-2.29588e-05,1.11929e-05,0.00124431,0.000519008,0.000479546,153154,0
12.806,6.09103,0.9,6.09056,0.835451,6.16163,0.893822,-0.0190261,0.00233728,-2.33074e-05,1.12924e-05,0.00125484,0.000524205,0.00048247,153154,0
12.826,6.10103,0.9,6.10079,0.835083,6.17194,0.894631,-0.0185791,0.00222137,-2.1604e-05,1.08516e-05,0.00121445,0.000504431,0.000471437,148429,0
12.846,6.11103,0.9,6.11053,0.834728,6.18169,0.89445,-0.0193218,0.0022492,-2.1923e-05,1.09446e-05,0.00122434,0.000509376,0.00047435,148429,0
12.866,6.12103,0.9,6.12107,0.834339,6.19224,0.894246,-0.0194337,0.00228138,-2.23246e-05,1.1049e-05,0.00123515,0.000514731,0.000477269,148429,0
12.886,6.13103,0.9,6.13112,0.833973,6.20228,0.89405,-0.018331,0.00231081,-2.2684e-05,1.115e-05,0.00124556,0.000519884,0.000480195,148429,0
12.906,6.14103,0.9,6.1408,0.833621,6.21197,0.893873,-0.019361,0.0023383,-2.29867e-05,1.12431e-05,0.00125568,0.000524897,0.000483126,148429,0
12.926,6.15103,0.9,6.1514,0.833225,6.22333,0.894626,-0.0196779,0.00222439,-2.13535e-05,1.08067e-05,0.00121561,0.000505258,0.000472063,143341,0
12.946,6.16103,0.9,6.16096,0.832857,6.2329,0.894438,-0.0209848,0.00225128,-2.1683e-05,1.09032e-05,0.00122534,0.000510127,0.000474983,143341,0
12.966,6.17103,0.9,6.17074,0.832467,6.24268,0.894232,-0.0225573,0.00227928,-2.20583e-05,1.10085e-05,0.00123537,0.000515131,0.000477909,143341,0
12.986,6.18103,0.9,6.18103,0.832049,6.25298,0.894,-0.0223419,0.00231008,-2.25188e-05,1.11274e-05,0.00124605,0.000520414,0.000480842,143341,0
13.006,6.19103,0.9,6.19108,0.831642,6.26303,0.893775,-0.0221333,0.00233953,-2.2947e-05,1.12434e-05,0.00125658,0.000525614,0.00048378,143341,0
13.026,6.20103,0.9,6.20104,0.831238,6.27299,0.893555,-0.0227094,0.00236848,-2.33588e-05,1.13581e-05,0.00126711,0.000530804,0.000486724,143341,0
13.046,6.21103,0.9,6.21106,0.830823,6.28281,0.894374,-0.022946,0.00224767,-2.16985e-05,1.09229e-05,0.00122563,0.000510444,0.000475413,143328,0
13.066,6.22103,0.9,6.22146,0.830387,6.29321,0.894135,-0.0233375,0.00227906,-2.21822e-05,1.10443e-05,0.00123632,0.000515752,0.000478346,143328,0
13.086,6.23103,0.9,6.23146,0.829965,6.30322,0.893902,-0.023303,0.00230826,-2.26314e-05,1.1164e-05,0.0012467,0.000520903,0.000481285,143328,0
13.106,6.24103,0.9,6.24145,0.829541,6.31321,0.893669,-0.0236482,0.0023374,-2.30765e-05,1.12842e-05,0.00125718,0.000526085,0.00048423,143328,0
13.126,6.25103,0.9,6.25217,0.829092,6.3243,0.894446,-0.0216649,0.0022243,-2.15628e-05,1.08693e-05,0.00121713,0.000506428,0.000473118,143315,0
13.146,6.26103,0.9,6.26165,0.828699,6.33379,0.89424,-0.0221649,0.00225076,-2.1928e-05,1.09744e-05,0.0012268,0.000511277,0.000476052,143315,0
13.166,6.27103,0.9,6.27176,0.828281,6.3439,0.894016,-0.0215234,0.00228052,-2.23609e-05,1.1089e-05,0.0012372,0.000516454,0.000478991,143315,0
13.186,6.28103,0.9,6.28222,0.827848,6.35436,0.893791,-0.0220385,0.00231227,-2.28106e-05,1.1205e-05,0.00124808,0.000521838,0.000481937,143315,0
13.206,6.29103,0.9,6.29278,0.827399,6.36493,0.893558,-0.0239477,0.00234457,-2.32814e-05,1.13254e-05,0.00125917,0.000527305,0.000484889,143315,0
13.226,6.30103,0.9,6.30278,0.826969,6.37494,0.894392,-0.0221595,0.00222656,-2.16735e-05,1.09023e-05,0.00121824,0.000507224,0.000473733,143303,0
13.246,6.31103,0.9,6.31294,0.826538,6.38511,0.894167,-0.0219932,0.00225663,-2.21136e-05,1.1017e-05,0.00122862,0.000512404,0.000476673,143303,0
13.266,6.32103,0.9,6.32281,0.826117,6.39499,0.89395,-0.0228073,0.00228514,-2.25196e-05,1.11287e-05,0.00123881,0.000517483,0.00047962,143303,0
13.286,6.33103,0.9,6.33285,0.825681,6.40503,0.893721,-0.0235111,0.00231454,-2.29586e-05,1.12467e-05,0.00124926,0.000522673,0.000482573,143303,0
13.306,6.34103,0.9,6.34296,0.825233,6.41515,0.893483,-0.0243863,0.00234435,-2.34201e-05,1.13698e-05,0.00125991,0.000527935,0.000485532,143303,0
13.326,6.35103,0.9,6.35268,0.824793,6.42567,0.894294,-0.0248626,0.00222486,-2.17802e-05,1.09447e-05,0.00121863,0.000507682,0.000474347,138565,0
13.346,6.36103,0.9,6.36265,0.824339,6.43565,0.894045,-0.0241323,0.00225394,-2.22667e-05,1.10705e-05,0.00122884,0.000512786,0.000477294,138565,0
13.366,6.37103,0.9,6.37259,0.823891,6.4456,0.893805,-0.0238912,0.00228282,-2.27293e-05,1.11933e-05,0.0012391,0.000517906,0.000480247,138565,0
13.386,6.38103,0.9,6.38251,0.823446,6.45552,0.893568,-0.0239463,0.00231155,-2.31807e-05,1.13154e-05,0.00124944,0.000523047,0.000483207,138565,0
13.406,6.39103,0.9,6.39313,0.822966,6.46615,0.893314,-0.0242378,0.00234422,-2.37084e-05,1.14468e-05,0.00126064,0.000528566,0.000486173,138565,0
13.426,6.40103,0.9,6.4031,0.822517,6.47612,0.893072,-0.0237665,0.00237324,-2.41686e-05,1.15729e-05,0.00127124,0.000533802,0.000489145,138565,0
13.446,6.41103,0.9,6.41402,0.822024,6.48712,0.893892,-0.0236489,0.00225692,-2.25482e-05,1.11478e-05,0.00123038,0.000513674,0.00047771,138547,0
13.466,6.42103,0.9,6.42479,0.82154,6.4979,0.893637,-0.0227468,0.00229047,-2.30891e-05,1.1278e-05,0.00124153,0.000519203,0.00048067,138547,0
13.486,6.43103,0.9,6.43521,0.821074,6.50832,0.893399,-0.0230558,0.00232195,-2.35634e-05,1.14004e-05,0.00125242,0.000524594,0.000483636,138547,0
13.506,6.44103,0.9,6.44503,0.820642,6.51815,0.893173,-0.021388,0.0023502,-2.39827e-05,1.15185e-05,0.0012628,0.000529734,0.000486608,138547,0
13.526,6.45103,0.9,6.45544,0.82019,6.52872,0.893972,-0.0211709,0.00223378,-2.22811e-05,1.10825e-05,0.00122202,0.000509688,0.000475357,138523,0
13.546,6.46103,0.9,6.46559,0.819744,6.53888,0.893757,-0.0216896,0.00226381,-2.26935e-05,1.1193e-05,0.00123243,0.000514893,0.000478317,138523,0
13.566,6.47103,0.9,6.47504,0.819324,6.54833,0.893552,-0.0216591,0.0022901,-2.30514e-05,1.12995e-05,0.00124222,0.000519796,0.000481283,138523,0
13.586,6.48103,0.9,6.48454,0.818901,6.55784,0.893346,-0.0217117,0.00231666,-2.34112e-05,1.14071e-05,0.00125216,0.000524756,0.000484256,138523,0
13.606,6.49103,0.9,6.49449,0.81846,6.5678,0.89313,-0.0213463,0.0023456,-2.38115e-05,1.15205e-05,0.00126268,0.000529969,0.000487235,138523,0
13.626,6.50103,0.9,6.50413,0.818039,6.5781,0.893869,-0.0198816,0.00222552,-2.20581e-05,1.10758e-05,0.00122111,0.000509545,0.000475966,138522,0
13.646,6.51103,0.9,6.51433,0.817596,6.58831,0.893666,-0.0201284,0.00225582,-2.24429e-05,1.11807e-05,0.00123157,0.000514782,0.000478933,138522,0
13.666,6.52103,0.9,6.52395,0.81718,6.59795,0.893472,-0.0194088,0.00228305,-2.27825e-05,1.12821e-05,0.00124155,0.000519781,0.000481905,138522,0
13.686,6.53103,0.9,6.53376,0.816757,6.60776,0.893282,-0.0201869,0.00231119,-2.31181e-05,1.13823e-05,0.0012518,0.000524897,0.000484885,138522,0
13.706,6.54103,0.9,6.54473,0.816282,6.61874,0.89306,-0.0193459,0.00234592,-2.35766e-05,1.14985e-05,0.00126341,0.000530618,0.00048787,138522,0
13.726,6.55103,0.9,6.5549,0.815847,6.62911,0.893873,-0.0187317,0.00222865,-2.18421e-05,1.1048e-05,0.00122232,0.000510404,0.000476572,138496,0
13.746,6.56103,0.9,6.56426,0.815449,6.63848,0.893698,-0.0181151,0.00225451,-2.21326e-05,1.11401e-05,0.00123194,0.000515252,0.000479546,138496,0
13.766,6.57103,0.9,6.57356,0.815053,6.64779,0.893529,-0.0186909,0.00228005,-2.2404e-05,1.12294e-05,0.00124158,0.000520103,0.000482525,138496,0
13.786,6.58103,0.9,6.58365,0.81462,6.65788,0.893341,-0.018995,0.00230971,-2.27459e-05,1.13289e-05,0.00125214,0.000525364,0.00048551,138496,0
13.806,6.59103,0.9,6.59328,0.814207,6.66751,0.893157,-0.0184546,0.00233694,-2.30569e-05,1.14264e-05,0.00126232,0.00053044,0.000488502,138496,0
13.826,6.60103,0.9,6.60364,0.81377,6.67759,0.893938,-0.0170079,0.00222186,-2.13717e-05,1.09743e-05,0.00122151,0.000510345,0.000477199,138492,0
13.846,6.61103,0.9,6.61337,0.81336,6.68733,0.893772,-0.0177772,0.00224962,-2.16516e-05,1.10617e-05,0.0012315,0.000515377,0.000480179,138492,0
13.866,6.62103,0.9,6.62367,0.812918,6.69764,0.893589,-0.0184633,0.00228049,-2.19908e-05,1.11581e-05,0.00124219,0.000520719,0.000483164,138492,0
13.886,6.63103,0.9,6.63372,0.812484,6.70769,0.893403,-0.0184065,0.00230992,-2.23247e-05,1.12563e-05,0.00125272,0.000525971,0.000486156,138492,0
13.906,6.64103,0.9,6.64435,0.812025,6.71833,0.893207,-0.0182153,0.00234267,-2.27035e-05,1.13602e-05,0.00126398,0.000531547,0.000489155,138492,0
13.926,6.65103,0.9,6.65428,0.8116,6.72776,0.894057,-0.0170861,0.00222452,-2.10075e-05,1.09023e-05,0.00122261,0.00051117,0.000477809,138479,0
13.946,6.66103,0.9,6.66455,0.811165,6.73803,0.893881,-0.0168326,0.00225517,-2.13287e-05,1.09945e-05,0.00123317,0.000516469,0.000480795,138479,0
13.966,6.67103,0.9,6.6747,0.810738,6.7482,0.89371,-0.0164244,0.00228523,-2.16336e-05,1.10852e-05,0.00124373,0.000521751,0.000483787,138479,0
13.986,6.68103,0.9,6.68472,0.810321,6.75822,0.893546,-0.0159321,0.0023145,-2.19166e-05,1.11733e-05,0.00125424,0.000526998,0.000486785,138479,0
14.006,6.69103,0.9,6.69513,0.809885,6.76864,0.89338,-0.0167007,0.002346,-2.22136e-05,1.12627e-05,0.00126529,0.000532478,0.00048979,138479,0
14.026,6.70103,0.9,6.70503,0.809467,6.77898,0.894096,-0.0162906,0.00222728,-2.05252e-05,1.07979e-05,0.00122379,0.000512025,0.000478407,133738,0
14.046,6.71103,0.9,6.71498,0.809047,6.78893,0.893934,-0.0159951,0.00225619,-2.08048e-05,1.08837e-05,0.00123403,0.00051718,0.000481399,133738,0
14.066,6.72103,0.9,6.72514,0.808621,6.7991,0.893771,-0.0157748,0.00228626,-2.10902e-05,1.09704e-05,0.00124461,0.000522473,0.000484397,133738,0
14.086,6.73103,0.9,6.73502,0.808205,6.80899,0.893615,-0.0162852,0.00231485,-2.13504e-05,1.10544e-05,0.001255,0.000527669,0.000487402,133738,0
14.106,6.74103,0.9,6.74524,0.807772,6.81921,0.893449,-0.0162903,0.00234521,-2.16432e-05,1.11441e-05,0.00126584,0.000533059,0.000490412,133738,0
14.126,6.75103,0.9,6.75498,0.80736,6.82968,0.894196,-0.0155038,0.00222576,-1.99888e-05,1.06777e-05,0.00122414,0.000512496,0.000479002,133720,0
14.146,6.76103,0.9,6.76536,0.806926,6.84007,0.894035,-0.0147253,0.00225706,-2.02798e-05,1.0763e-05,0.00123485,0.00051787,0.000482,133720,0
14.166,6.77103,0.9,6.77542,0.806503,6.85014,0.893887,-0.01592,0.0022866,-2.05289e-05,1.08428e-05,0.00124533,0.000523126,0.000485005,133720,0
14.186,6.78103,0.9,6.78513,0.806086,6.85986,0.893732,-0.0165756,0.00231424,-2.07819e-05,1.09262e-05,0.00125555,0.000528244,0.000488015,133720,0
14.206,6.79103,0.9,6.79483,0.805661,6.86957,0.893571,-0.0174964,0.00234185,-2.10477e-05,1.10132e-05,0.00126586,0.000533394,0.000491033,133720,0
14.226,6.80103,0.9,6.80486,0.805213,6.8799,0.89432,-0.0179312,0.00222432,-1.94987e-05,1.05574e-05,0.00122444,0.00051295,0.000479602,133712,0
14.246,6.81103,0.9,6.81476,0.804768,6.88981,0.894142,-0.0171632,0.00225303,-1.98168e-05,1.06509e-05,0.00123467,0.000518106,0.000482606,133712,0
14.266,6.82103,0.9,6.82463,0.804327,6.89969,0.893972,-0.0175336,0.00228152,-2.0112e-05,1.07409e-05,0.00124496,0.000523277,0.000485617,133712,0
14.286,6.83103,0.9,6.83475,0.803872,6.90981,0.893795,-0.0177495,0.00231137,-2.04329e-05,1.08355e-05,0.00125561,0.000528605,0.000488633,133712,0
14.306,6.84103,0.9,6.84502,0.803408,6.92009,0.893612,-0.0176894,0.00234207,-2.07689e-05,1.09331e-05,0.00126654,0.000534044,0.000491657,133712,0
14.326,6.85103,0.9,6.85549,0.802938,6.93056,0.894397,-0.0167877,0.00222699,-1.92839e-05,1.04843e-05,0.00122553,0.000513774,0.000480197,133692,0
14.346,6.86103,0.9,6.86482,0.802525,6.93989,0.89424,-0.0157518,0.00225266,-1.95359e-05,1.05677e-05,0.00123518,0.00051866,0.000483207,133692,0
14.366,6.87103,0.9,6.87478,0.802087,6.94986,0.894083,-0.0161281,0.00228168,-1.98053e-05,1.06519e-05,0.00124558,0.000523888,0.000486223,133692,0
14.386,6.88103,0.9,6.88434,0.801664,6.95943,0.893929,-0.016415,0.00230856,-2.00553e-05,1.07352e-05,0.00125565,0.000528954,0.000489246,133692,0
14.406,6.89103,0.9,6.89463,0.801208,6.96973,0.89376,-0.016005,0.00233934,-2.03598e-05,1.08263e-05,0.00126661,0.00053441,0.000492275,133692,0
14.426,6.90103,0.9,6.90473,0.800767,6.97927,0.894529,-0.0146847,0.00222249,-1.88454e-05,1.03697e-05,0.0012252,0.00051394,0.000480794,133677,0
14.446,6.91103,0.9,6.91418,0.800359,6.98873,0.894391,-0.0144141,0.0022488,-1.90617e-05,1.04446e-05,0.00123497,0.000518894,0.00048381,133677,0
14.466,6.92103,0.9,6.92361,0.799957,6.99817,0.894254,-0.0135765,0.002275,-1.92696e-05,1.05185e-05,0.00124481,0.000523872,0.000486832,133677,0
14.486,6.93103,0.9,6.93425,0.799509,7.00883,0.89411,-0.0133086,0.00230782,-1.95265e-05,1.05972e-05,0.00125604,0.000529477,0.000489861,133677,0
14.506,6.94103,0.9,6.94438,0.799085,7.01896,0.893975,-0.0132011,0.0023377,-1.97446e-05,1.06716e-05,0.00126682,0.000534862,0.000492897,133677,0
14.526,6.95103,0.9,6.95435,0.798668,7.02839,0.894755,-0.0124181,0.0022204,-1.82145e-05,1.02046e-05,0.00122527,0.000514311,0.000481391,133657,0
14.546,6.96103,0.9,6.96427,0.798259,7.03832,0.894632,-0.01164,0.00224917,-1.84065e-05,1.02719e-05,0.00123553,0.0005195,0.000484413,133657,0
14.566,6.97103,0.9,6.97342,0.797881,7.04747,0.894525,-0.0124164,0.00227395,-1.85451e-05,1.03316e-05,0.00124509,0.00052435,0.000487441,133657,0
14.586,6.98103,0.9,6.98319,0.79748,7.05725,0.894404,-0.0111745,0.00230192,-1.87271e-05,1.03988e-05,0.00125539,0.000529535,0.000490476,133657,0
14.606,6.99103,0.9,6.99361,0.797062,7.06768,0.894287,-0.0104553,0.00233344,-1.89086e-05,1.04642e-05,0.0012665,0.000535076,0.000493517,133657,0
14.626,7.00103,0.9,7.00341,0.796672,7.07663,0.895221,-0.0100311,0.00221568,-1.7385e-05,9.98802e-06,0.00122478,0.000514431,0.000481995,131187,0
14.646,7.01103,0.9,7.01337,0.796276,7.08661,0.895121,-0.00958177,0.00224471,-1.75246e-05,1.00441e-05,0.00123509,0.000519652,0.000485022,131187,0
14.666,7.02103,0.9,7.02374,0.795869,7.09698,0.895022,-0.00918076,0.00227593,-1.76674e-05,1.01001e-05,0.00124593,0.000525103,0.000488056,131187,0
14.686,7.03103,0.9,7.03402,0.795468,7.10726,0.894927,-0.00880155,0.00230663,-1.77953e-05,1.01541e-05,0.00125678,0.000530544,0.000491097,131187,0
14.706,7.04103,0.9,7.04394,0.795082,7.11719,0.89484,-0.00913289,0.00233542,-1.7901e-05,1.0205e-05,0.00126737,0.00053585,0.000494144,131187,0
14.726,7.05103,0.9,7.05366,0.794705,7.12683,0.895737,-0.00796369,0.00221705,-1.6439e-05,9.72779e-06,0.00122551,0.000515122,0.000482588,128801,0
14.746,7.06103,0.9,7.06372,0.794311,7.13689,0.895657,-0.00906016,0.00224657,-1.65344e-05,9.77408e-06,0.00123593,0.000520396,0.000485621,128801,0
14.766,7.07103,0.9,7.07374,0.793915,7.14692,0.895566,-0.00883612,0.00227587,-1.66542e-05,9.82583e-06,0.00124642,0.000525686,0.000488661,128801,0
14.786,7.08103,0.9,7.08298,0.793551,7.15616,0.895485,-0.00879337,0.0023011,-1.67429e-05,9.87344e-06,0.00125618,0.000530631,0.000491707,128801,0
14.806,7.09103,0.9,7.09317,0.793148,7.16636,0.895395,-0.00895853,0.00233132,-1.686e-05,9.92526e-06,0.00126705,0.000536076,0.00049476,128801,0
14.826,7.10103,0.9,7.10383,0.792725,7.17668,0.896263,-0.00864524,0.00221864,-1.55247e-05,9.45879e-06,0.00122619,0.000515794,0.000483186,128789,0
14.846,7.11103,0.9,7.11389,0.792323,7.18675,0.896176,-0.00878805,0.00224818,-1.56395e-05,9.50825e-06,0.00123663,0.00052108,0.000486225,128789,0
14.866,7.12103,0.9,7.12422,0.79191,7.19708,0.896085,-0.00871961,0.00227916,-1.57657e-05,9.55983e-06,0.00124745,0.000526528,0.00048927,128789,0
14.886,7.13103,0.9,7.134,0.791509,7.20687,0.895999,-0.0105865,0.00230719,-1.58712e-05,9.60908e-06,0.00125781,0.000531748,0.000492322,128789,0
14.906,7.14103,0.9,7.14408,0.791087,7.21696,0.895893,-0.0106007,0.00233682,-1.60307e-05,9.66919e-06,0.00126859,0.00053715,0.000495381,128789,0
14.926,7.15103,0.9,7.15395,0.790669,7.22631,0.896768,-0.0109396,0.00221911,-1.47829e-05,9.21404e-06,0.00122679,0.000516416,0.000483765,128830,0
14.946,7.16103,0.9,7.16335,0.790265,7.23572,0.896665,-0.011091,0.00224516,-1.49276e-05,9.27105e-06,0.00123656,0.000521391,0.00048681,128830,0
14.966,7.17103,0.9,7.17323,0.789838,7.24561,0.896555,-0.0114968,0.00227372,-1.5095e-05,9.33171e-06,0.00124692,0.000526632,0.00048986,128830,0
14.986,7.18103,0.9,7.18397,0.789373,7.25636,0.896431,-0.0113177,0.00230708,-1.53124e-05,9.3996e-06,0.0012583,0.000532332,0.000492918,128830,0
15.006,7.19103,0.9,7.19377,0.788951,7.26616,0.89632,-0.011003,0.00233516,-1.54786e-05,9.46167e-06,0.00126879,0.000537601,0.000495982,128830,0
15.026,7.20103,0.9,7.20344,0.788531,7.27511,0.897134,-0.0112416,0.00221656,-1.42849e-05,9.016e-06,0.00122677,0.000516745,0.000484343,128831,0
15.046,7.21103,0.9,7.21332,0.788101,7.285,0.897023,-0.0107973,0.00224516,-1.44591e-05,9.07697e-06,0.00123704,0.000521963,0.000487392,128831,0
15.066,7.22103,0.9,7.22303,0.787681,7.29472,0.896918,-0.0104989,0.0022728,-1.46141e-05,9.13523e-06,0.00124723,0.000527129,0.000490449,128831,0
15.086,7.23103,0.9,7.23369,0.787218,7.30539,0.896806,-0.0113569,0.00230568,-1.48022e-05,9.19736e-06,0.00125854,0.000532798,0.000493511,128831,0
15.106,7.24103,0.9,7.24373,0.786768,7.31544,0.896692,-0.0128789,0.00233512,-1.49827e-05,9.26096e-06,0.0012693,0.000538201,0.000496581,128831,0
15.126,7.25103,0.9,7.2541,0.786297,7.32581,0.896558,-0.0128222,0.00236635,-1.52162e-05,9.33466e-06,0.00128053,0.000543801,0.000499657,128831,0
15.146,7.26103,0.9,7.26451,0.785823,7.33583,0.897058,-0.0124513,0.00224799,-1.41148e-05,8.9031e-06,0.00123842,0.000522829,0.000487751,123745,0
15.166,7.27103,0.9,7.27471,0.785361,7.34604,0.896931,-0.0121653,0.00227829,-1.43341e-05,8.97215e-06,0.00124915,0.000528243,0.000490813,123745,0
15.186,7.28103,0.9,7.28457,0.78491,7.35591,0.896811,-0.0132648,0.00230672,-1.45275e-05,9.03816e-06,0.00125962,0.000533525,0.00049388,123745,0
15.206,7.29103,0.9,7.29459,0.784447,7.36595,0.896678,-0.0128722,0.00233609,-1.47547e-05,9.11111e-06,0.00127039,0.000538928,0.000496955,123745,0
15.226,7.30103,0.9,7.30461,0.783993,7.37632,0.897205,-0.011101,0.00221921,-1.36902e-05,8.69335e-06,0.0012286,0.000518152,0.000485262,123616,0
15.246,7.31103,0.9,7.31499,0.783529,7.38671,0.89709,-0.0113066,0.00225052,-1.38871e-05,8.75622e-06,0.00123943,0.000523627,0.000488321,123616,0
15.266,7.32103,0.9,7.32576,0.78304,7.39748,0.896968,-0.012387,0.00228403,-1.41071e-05,8.82268e-06,0.00125077,0.000529328,0.000491388,123616,0
15.286,7.33103,0.9,7.33537,0.782596,7.40711,0.896849,-0.0129589,0.00231118,-1.42949e-05,8.88828e-06,0.00126101,0.0005345,0.000494461,123616,0
15.306,7.34103,0.9,7.34483,0.782155,7.41658,0.896726,-0.0128622,0.00233757,-1.44865e-05,8.95607e-06,0.00127119,0.000539633,0.000497541,123616,0
15.326,7.35103,0.9,7.35406,0.781733,7.42593,0.897257,-0.0110324,0.00221642,-1.34067e-05,8.54135e-06,0.00122853,0.000518433,0.000485816,123650,0
15.346,7.36103,0.9,7.36449,0.781258,7.43637,0.897142,-0.0120842,0.00224799,-1.36056e-05,8.6041e-06,0.00123941,0.000523939,0.000488881,123650,0
15.366,7.37103,0.9,7.37439,0.780803,7.44628,0.897023,-0.0116388,0.00227667,-1.38035e-05,8.66952e-06,0.00124984,0.000529225,0.000491953,123650,0
15.386,7.38103,0.9,7.38477,0.780327,7.45666,0.896902,-0.0119708,0.00230797,-1.40132e-05,8.73595e-06,0.0012609,0.000534783,0.000495031,123650,0
15.406,7.39103,0.9,7.39487,0.779866,7.46677,0.896781,-0.0111819,0.00233771,-1.42155e-05,8.80284e-06,0.00127176,0.000540238,0.000498116,123650,0
15.426,7.40103,0.9,7.40474,0.779414,7.47779,0.897238,-0.0116903,0.00221989,-1.31546e-05,8.39209e-06,0.00122972,0.000519312,0.000486364,118960,0
15.446,7.41103,0.9,7.41516,0.778934,7.48822,0.897116,-0.0116877,0.00225143,-1.33718e-05,8.45812e-06,0.00124061,0.000524825,0.000489434,118960,0
15.466,7.42103,0.9,7.42541,0.77846,7.49848,0.896996,-0.0118261,0.00228197,-1.35786e-05,8.52357e-06,0.00125143,0.000530288,0.000492511,118960,0
15.486,7.43103,0.9,7.43558,0.777994,7.50866,0.896875,-0.0106413,0.00231211,-1.37837e-05,8.58971e-06,0.00126228,0.000535751,0.000495594,118960,0
15.506,7.44103,0.9,7.44532,0.777556,7.5184,0.896772,-0.0102606,0.00233993,-1.394e-05,8.64804e-06,0.00127278,0.000541038,0.000498685,118960,0
15.526,7.45103,0.9,7.45528,0.777108,7.52909,0.897216,-0.0101506,0.00222232,-1.28861e-05,8.24093e-06,0.00123076,0.000520103,0.000486899,118964,0
15.546,7.46103,0.9,7.46515,0.776662,7.53896,0.897116,-0.0106255,0.00225081,-1.30413e-05,8.29636e-06,0.00124108,0.000525354,0.000489974,118964,0
15.566,7.47103,0.9,7.47461,0.776236,7.54843,0.897015,-0.00949519,0.00227718,-1.31895e-05,8.35234e-06,0.00125108,0.000530441,0.000493056,118964,0
15.586,7.48103,0.9,7.48512,0.775775,7.55895,0.896915,-0.00837801,0.00230923,-1.33525e-05,8.40834e-06,0.0012623,0.000536082,0.000496144,118964,0
15.606,7.49103,0.9,7.49498,0.775343,7.56882,0.896832,-0.0092737,0.00233767,-1.34631e-05,8.45612e-06,0.00127292,0.000541435,0.00049924,118964,0
15.626,7.50103,0.9,7.50491,0.774904,7.57962,0.897217,-0.00885946,0.00222013,-1.24307e-05,8.05263e-06,0.00123085,0.000520461,0.000487432,118978,0
15.646,7.51103,0.9,7.51532,0.774442,7.59004,0.897125,-0.00928101,0.0022516,-1.2577e-05,8.10411e-06,0.00124175,0.000525985,0.000490512,118978,0
15.666,7.52103,0.9,7.52572,0.773976,7.60046,0.897028,-0.00976776,0.00228303,-1.2733e-05,8.15805e-06,0.00125276,0.000531543,0.000493599,118978,0
15.686,7.53103,0.9,7.53587,0.773517,7.61062,0.896929,-0.00991093,0.00231308,-1.28904e-05,8.21365e-06,0.00126362,0.000537016,0.000496693,118978,0
15.706,7.54103,0.9,7.54536,0.77309,7.62012,0.896835,-0.00937292,0.00233959,-1.30241e-05,8.26704e-06,0.00127387,0.000542195,0.000499793,118978,0
15.726,7.55103,0.9,7.55487,0.772669,7.63043,0.897248,-0.00789805,0.00221964,-1.20193e-05,7.87001e-06,0.00123129,0.000520969,0.000487953,118958,0
15.746,7.56103,0.9,7.56501,0.77223,7.64057,0.897168,-0.00734512,0.00224959,-1.21338e-05,7.91546e-06,0.00124191,0.000526368,0.000491038,118958,0
15.766,7.57103,0.9,7.57508,0.77179,7.65065,0.897094,-0.00863118,0.00227915,-1.22319e-05,7.95818e-06,0.00125257,0.000531768,0.00049413,118958,0
15.786,7.58103,0.9,7.5851,0.771348,7.66068,0.897007,-0.00813864,0.00230848,-1.23587e-05,8.0074e-06,0.00126329,0.000537183,0.000497228,118958,0
15.806,7.59103,0.9,7.59517,0.770913,7.67076,0.896925,-0.00667699,0.00233808,-1.24744e-05,8.05468e-06,0.00127417,0.00054266,0.000500334,118958,0
15.826,7.60103,0.9,7.60588,0.770458,7.68187,0.897305,-0.00646387,0.00222485,-1.14932e-05,7.65789e-06,0.00123281,0.00052199,0.00048847,109334,0
15.846,7.61103,0.9,7.61564,0.770051,7.69164,0.897242,-0.00468663,0.00225279,-1.15657e-05,7.69492e-06,0.00124306,0.000527214,0.00049156,109334,0
15.866,7.62103,0.9,7.62508,0.76967,7.70108,0.897198,-0.00396071,0.00227902,-1.15925e-05,7.72288e-06,0.00125306,0.000532312,0.000494657,109334,0
15.886,7.63103,0.9,7.63566,0.769249,7.71167,0.897156,-0.00335725,0.00231144,-1.16165e-05,7.74985e-06,0.00126439,0.000538012,0.00049776,109334,0
15.906,7.64103,0.9,7.64542,0.768866,7.72144,0.897123,-0.00286308,0.00233936,-1.16168e-05,7.77242e-06,0.00127495,0.000543341,0.00050087,109334,0
15.926,7.65103,0.9,7.65513,0.76849,7.73094,0.897475,-0.00208019,0.00222046,-1.06065e-05,7.36393e-06,0.00123249,0.00052214,0.000488977,104484,0
15.946,7.66103,0.9,7.66477,0.768122,7.74059,0.897455,-0.00181316,0.00224774,-1.05816e-05,7.37964e-06,0.00124261,0.000527311,0.000492072,104484,0
15.966,7.67103,0.9,7.67439,0.767761,7.75022,0.897438,-0.000364637,0.00227493,-1.05506e-05,7.39415e-06,0.00125281,0.000532508,0.000495173,104484,0
15.986,7.68103,0.9,7.68413,0.767406,7.75995,0.897434,0.000190318,0.0023027,-1.04868e-05,7.40182e-06,0.00126323,0.000537794,0.000498281,104484,0
16.006,7.69103,0.9,7.69465,0.76702,7.77049,0.897436,-0.000677869,0.00233482,-1.04038e-05,7.40674e-06,0.00127461,0.000543514,0.000501396,104484,0
16.026,7.70103,0.9,7.70461,0.766645,7.78034,0.897773,-0.00161855,0.00221777,-9.45916e-06,6.99948e-06,0.00123243,0.000522427,0.000489489,99604.8,0
16.046,7.71103,0.9,7.71445,0.766265,7.79018,0.897757,-0.00260394,0.00224608,-9.4277e-06,7.01285e-06,0.00124276,0.000527701,0.000492588,99604.8,0
16.066,7.72103,0.9,7.72478,0.765865,7.80052,0.89773,-0.00156138,0.00227712,-9.42164e-06,7.03171e-06,0.00125373,0.000533257,0.000495694,99604.8,0
16.086,7.73103,0.9,7.73554,0.765455,7.81129,0.897713,-0.00127618,0.00231056,-9.3891e-06,7.04563e-06,0.00126527,0.000539062,0.000498806,99604.8,0
16.106,7.74103,0.9,7.74536,0.765083,7.82111,0.897701,-0.00121369,0.0023388,-9.34907e-06,7.05749e-06,0.00127591,0.000544438,0.000501926,99604.8,0
16.126,7.75103,0.9,7.75491,0.764716,7.83025,0.898001,-0.00218697,0.00221913,-8.51598e-06,6.66359e-06,0.00123321,0.000523091,0.000489982,89790.8,0
16.146,7.76103,0.9,7.76513,0.764319,7.84047,0.897978,-0.00179399,0.00224953,-8.5025e-06,6.67983e-06,0.00124396,0.000528561,0.000493086,89790.8,0
16.166,7.77103,0.9,7.77537,0.763931,7.85072,0.89796,-0.000365333,0.00228003,-8.47897e-06,6.69418e-06,0.00125484,0.000534078,0.000496196,89790.8,0
16.186,7.78103,0.9,7.78542,0.763555,7.86077,0.897956,-0.000765654,0.00230948,-8.42044e-06,6.70129e-06,0.00126563,0.000539537,0.000499314,89790.8,0
16.206,7.79103,0.9,7.79558,0.763173,7.87095,0.897949,-0.000538957,0.00233957,-8.37108e-06,6.71048e-06,0.00127666,0.000545092,0.000502438,89790.8,0
16.226,7.80103,0.9,7.8048,0.76283,7.87912,0.898269,9.11017e-05,0.0022181,-7.61622e-06,6.32568e-06,0.00123354,0.00052354,0.000490465,79897.7,0
16.246,7.81103,0.9,7.81472,0.76246,7.88906,0.89827,-0.000411828,0.00224691,-7.55123e-06,6.33021e-06,0.00124399,0.000528874,0.000493573,79897.7,0
16.266,7.82103,0.9,7.82442,0.762097,7.89876,0.898266,-0.000409172,0.00227449,-7.49903e-06,6.33715e-06,0.0012543,0.000534131,0.000496689,79897.7,0
16.286,7.83103,0.9,7.83465,0.761712,7.909,0.898262,-0.000527117,0.00230495,-7.44435e-06,6.3442e-06,0.00126529,0.000539689,0.000499811,79897.7,0
16.306,7.84103,0.9,7.84459,0.76134,7.91894,0.898256,-0.000155026,0.00233379,-7.39363e-06,6.3518e-06,0.00127607,0.000545136,0.000502939,79897.7,0
16.326,7.85103,0.9,7.85476,0.760957,7.93042,0.898511,-0.000642891,0.00221803,-6.71864e-06,5.97952e-06,0.001234,0.000524055,0.000490956,64990.9,0
16.346,7.86103,0.9,7.86512,0.760564,7.94079,0.898504,-0.000573506,0.00224925,-6.67315e-06,5.98746e-06,0.00124492,0.000529613,0.000494069,64990.9,0
16.366,7.87103,0.9,7.87537,0.760182,7.95104,0.898498,0.000447075,0.00227979,-6.62613e-06,5.99503e-06,0.00125584,0.000535149,0.000497188,64990.9,0
16.386,7.88103,0.9,7.8865,0.759768,7.96218,0.898503,-2.41427e-05,0.00231542,-6.54612e-06,5.99722e-06,0.00126782,0.000541164,0.000500315,64990.9,0
16.406,7.89103,0.9,7.89711,0.75937,7.9728,0.898503,-0.000292993,0.00234801,-6.48309e-06,6.00201e-06,0.00127937,0.000546959,0.000503448,64990.9,0
16.426,7.90103,0.9,7.90642,0.759014,7.98246,0.898768,-0.00128686,0.00222598,-5.89819e-06,5.64187e-06,0.00123614,0.000525322,0.000491402,29999.8,0
16.446,7.91103,0.9,7.91677,0.758612,7.99282,0.898755,-0.00150073,0.00225712,-5.87274e-06,5.65279e-06,0.00124708,0.000530881,0.000494519,29999.8,0
16.466,7.92103,0.9,7.92669,0.758223,8.00275,0.89874,-0.00165458,0.00228589,-5.85182e-06,5.66454e-06,0.00125767,0.000536265,0.000497643,29999.8,0
16.486,7.93103,0.9,7.93618,0.75785,8.01224,0.898724,-0.0019591,0.00231237,-5.83337e-06,5.67674e-06,0.0012679,0.000541467,0.000500774,29999.8,0
16.506,7.94103,0.9,7.94629,0.757449,8.02236,0.898705,-0.00222594,0.00234219,-5.82349e-06,5.69107e-06,0.00127891,0.000547021,0.000503912,29999.8,0
16.526,7.95103,0.9,7.95646,0.757048,7.96378,0.899127,-0.00141875,0.00222541,-5.34837e-06,5.35622e-06,0.00123662,0.000525809,0.000491856,19885.4,0
16.546,7.96103,0.9,7.96662,0.75665,7.97395,0.899112,-0.00168252,0.00225549,-5.32892e-06,5.36745e-06,0.00124736,0.000531281,0.000494977,19885.4,0
16.566,7.97103,0.9,7.9768,0.756247,7.98413,0.899095,-0.00229046,0.00228565,-5.31581e-06,5.38007e-06,0.00125824,0.000536798,0.000498105,19885.4,0
16.586,7.98103,0.9,7.98641,0.755864,7.99375,0.899073,-0.00199072,0.0023128,-5.31431e-06,5.3952e-06,0.00126861,0.000542073,0.00050124,19885.4,0
16.606,7.99103,0.9,7.99642,0.755463,8.00377,0.899053,-0.0028016,0.00234205,-5.30759e-06,5.40936e-06,0.00127952,0.000547582,0.000504382,19885.4,0
16.626,8.00103,0.9,8.00626,0.755062,8.01362,0.899305,-0.00297171,0.00237041,-5.21086e-06,5.42982e-06,0.00123684,0.000526172,0.000492302,0,0
16.646,8.01103,0.9,8.01583,0.754671,8.0232,0.899276,-0.00305685,0.00239733,-5.22376e-06,5.44801e-06,0.00124697,0.00053136,0.000495428,0,1
16.666,8.02103,0.9,8.02574,0.754264,8.03311,0.899246,-0.00324276,0.00242602,-5.2412e-06,5.46722e-06,0.00125755,0.000536749,0.00049856,0,1
16.686,8.03103,0.9,8.03579,0.753841,8.04317,0.899213,-0.0050408,0.00245552,-5.26417e-06,5.4877e-06,0.0012684,0.000542251,0.000501699,0,1
16.706,8.04103,0.9,8.04557,0.753422,8.05296,0.899164,-0.00481389,0.00248356,-5.32476e-06,5.5167e-06,0.00127907,0.000547652,0.000504846,0,1
16.726,8.05103,0.9,8.05564,0.752988,8.06303,0.899116,-0.00529016,0.00251311,-5.38467e-06,5.54546e-06,0.00129015,0.000553233,0.000507999,0,1
16.746,8.06103,0.9,8.0656,0.75256,8.07301,0.899431,-0.00440387,0.00254214,-5.34376e-06,5.57774e-06,0.00124681,0.000531445,0.000495664,0,1
16.766,8.07103,0.9,8.07568,0.752129,8.0831,0.899387,-0.00454074,0.0025718,-5.39424e-06,5.60408e-06,0.00125759,0.000536928,0.0004988,0,1
16.786,8.08103,0.9,8.0856,0.751702,8.09303,0.899341,-0.00517354,0.00260057,-5.44484e-06,5.63091e-06,0.0012683,0.000542367,0.000501943,0,1
16.806,8.09103,0.9,8.09554,0.751271,8.10297,0.89929,-0.00493077,0.00262944,-5.51e-06,5.66109e-06,0.00127914,0.000547851,0.000505094,0,1
16.826,8.10103,0.9,8.10565,0.750829,8.11309,0.899502,-0.00572188,0.00265924,-5.46149e-06,5.69208e-06,0.00123677,0.000526565,0.000492993,0,1
16.846,8.11103,0.9,8.11673,0.75033,8.12419,0.899439,-0.00731479,0.00269461,-5.56698e-06,5.72778e-06,0.00124851,0.000532514,0.000496126,0,1
16.866,8.12103,0.9,8.12618,0.749899,8.13364,0.89937,-0.00685931,0.00272092,-5.66807e-06,5.76656e-06,0.00125863,0.00053769,0.000499267,0,1
16.886,8.13103,0.9,8.13617,0.749439,8.14365,0.899301,-0.00813918,0.0027501,-5.77331e-06,5.80531e-06,0.00126944,0.000543174,0.000502414,0,1
16.906,8.14103,0.9,8.14569,0.74899,8.15317,0.899223,-0.0089544,0.00277676,-5.8925e-06,5.84879e-06,0.00127984,0.000548455,0.000505568,0,1
16.926,8.15103,0.9,8.15634,0.748479,8.16384,0.89954,-0.00945511,0.00280962,-5.94844e-06,5.90489e-06,0.00123799,0.000527399,0.000493441,0,1
16.946,8.16103,0.9,8.16614,0.748006,8.17364,0.899447,-0.010266,0.00283773,-6.10699e-06,5.95526e-06,0.00124838,0.000532717,0.000496579,0,1
16.966,8.17103,0.9,8.17625,0.747519,8.18377,0.899343,-0.00994819,0.00286759,-6.29723e-06,6.01157e-06,0.00125922,0.000538232,0.000499723,0,1
16.986,8.18103,0.9,8.18637,0.747032,8.1939,0.899242,-0.0102496,0.00289745,-6.47866e-06,6.06666e-06,0.00127018,0.000543786,0.000502874,0,1
17.006,8.19103,0.9,8.19619,0.746557,8.20373,0.899141,-0.0101716,0.00292572,-6.65346e-06,6.12215e-06,0.00128093,0.000549229,0.000506033,0,1
17.026,8.20103,0.9,8.20525,0.746116,8.2128,0.899502,-0.0107387,0.00295004,-6.64977e-06,6.18459e-06,0.00123731,0.000527334,0.000493874,0,1
17.046,8.21103,0.9,8.21595,0.745584,8.22351,0.899387,-0.0118313,0.0029832,-6.87824e-06,6.24633e-06,0.00124867,0.000533109,0.000497015,0,1
17.066,8.22103,0.9,8.22533,0.745114,8.2329,0.899275,-0.0113553,0.00300916,-7.067e-06,6.30652e-06,0.00125873,0.000538264,0.000500164,0,1
17.086,8.23103,0.9,8.2349,0.744646,8.24248,0.899167,-0.00961478,0.0030361,-7.25339e-06,6.36596e-06,0.00126909,0.00054355,0.000503319,0,1
17.106,8.24103,0.9,8.2447,0.744179,8.25229,0.899072,-0.00862937,0.00306424,-7.40977e-06,6.41852e-06,0.00127981,0.000548986,0.000506481,0,1
17.126,8.25103,0.9,8.25443,0.743719,8.26203,0.899422,-0.00854778,0.003092,-7.37317e-06,6.48429e-06,0.00123698,0.00052745,0.000494321,0,1
17.146,8.26103,0.9,8.26398,0.743268,8.27159,0.89934,-0.00829662,0.00311883,-7.49702e-06,6.52985e-06,0.00124711,0.00053266,0.000497466,0,1
17.166,8.27103,0.9,8.2734,0.742827,8.28102,0.899262,-0.00764963,0.003145,-7.61051e-06,6.574e-06,0.0012572,0.000537841,0.000500619,0,1
17.186,8.28103,0.9,8.28353,0.742353,8.29116,0.899184,-0.00835202,0.00317492,-7.73063e-06,6.6181e-06,0.00126816,0.000543413,0.000503778,0,1
17.206,8.29103,0.9,8.2937,0.741873,8.30135,0.899099,-0.00817441,0.00320511,-7.86861e-06,6.66628e-06,0.00127929,0.000549046,0.000506945,0,1
17.226,8.30103,0.9,8.30336,0.741419,8.31101,0.899463,-0.00781596,0.00323248,-7.80454e-06,6.7331e-06,0.00123642,0.000527477,0.000494773,0,1
17.246,8.31103,0.9,8.31256,0.740986,8.32022,0.899391,-0.00781919,0.00325754,-7.90007e-06,6.77412e-06,0.00124618,0.000532521,0.000497923,0,1
17.266,8.32103,0.9,8.32252,0.740515,8.3302,0.899313,-0.0082882,0.00328656,-8.01748e-06,6.8184e-06,0.00125685,0.000537979,0.000501079,0,1
17.286,8.33103,0.9,8.3329,0.740014,8.34059,0.899227,-0.00965451,0.00331788,-8.15942e-06,6.86705e-06,0.00126809,0.000543684,0.000504242,0,1
17.306,8.34103,0.9,8.3431,0.73952,8.3508,0.899128,-0.00870284,0.00334816,-8.32764e-06,6.92229e-06,0.00127925,0.000549334,0.000507413,0,1
17.326,8.35103,0.9,8.35267,0.739058,8.36038,0.899419,-0.00902309,0.00337511,-8.2586e-06,6.99493e-06,0.00123629,0.000527711,0.000495224,0,1
17.346,8.36103,0.9,8.36275,0.738562,8.37047,0.899328,-0.0100746,0.00340478,-8.40717e-06,7.04569e-06,0.00124699,0.000533198,0.000498377,0,1
17.366,8.37103,0.9,8.37264,0.738072,8.38037,0.899229,-0.00983442,0.00343339,-8.57203e-06,7.10109e-06,0.0012576,0.000538625,0.000501537,0,1
17.386,8.38103,0.9,8.38248,0.737587,8.39023,0.899132,-0.00957022,0.00346178,-8.72855e-06,7.15547e-06,0.00126827,0.000544068,0.000504704,0,1
17.406,8.39103,0.9,8.39264,0.737084,8.4004,0.899034,-0.00996846,0.0034919,-8.89048e-06,7.21044e-06,0.0012794,0.00054971,0.000507878,0,1
17.426,8.40103,0.9,8.40251,0.736595,8.41028,0.898936,-0.00973776,0.0035204,-9.04877e-06,7.26633e-06,0.00129031,0.000555238,0.00051106,0,1
17.446,8.41103,0.9,8.4124,0.736104,8.42018,0.899291,-0.00992639,0.00354903,-8.98796e-06,7.35242e-06,0.00124686,0.000533312,0.000498607,0,1
17.466,8.42103,0.9,8.4225,0.735601,8.43029,0.899191,-0.00972042,0.00357878,-9.15493e-06,7.40845e-06,0.0012577,0.000538849,0.00050177,0,1
17.486,8.43103,0.9,8.43267,0.735094,8.44048,0.899092,-0.00990609,0.00360896,-9.31897e-06,7.4642e-06,0.00126873,0.000544462,0.000504941,0,1
17.506,8.44103,0.9,8.44293,0.734582,8.45075,0.89899,-0.00961923,0.00363962,-9.49007e-06,7.5217e-06,0.00127997,0.000550159,0.000508119,0,1
17.526,8.45103,0.9,8.45331,0.734066,8.46114,0.899361,-0.00939546,0.0036709,-9.43279e-06,7.61177e-06,0.00123781,0.000528882,0.000495893,0,1
17.546,8.46103,0.9,8.46275,0.733597,8.47059,0.899272,-0.00921756,0.00369721,-9.56052e-06,7.66206e-06,0.00124786,0.000534065,0.000499053,0,1
17.566,8.47103,0.9,8.47299,0.733085,8.48085,0.899178,-0.0098541,0.00372775,-9.71255e-06,7.71551e-06,0.00125886,0.000539681,0.00050222,0,1
17.586,8.48103,0.9,8.48322,0.732566,8.49108,0.899077,-0.0106764,0.00375819,-9.8786e-06,7.7725e-06,0.00126997,0.000545326,0.000505395,0,1
17.606,8.49103,0.9,8.4932,0.732056,8.50107,0.89897,-0.0105289,0.00378731,-1.00531e-05,7.83283e-06,0.00128092,0.000550887,0.000508576,0,1
17.626,8.50103,0.9,8.50317,0.731548,8.51106,0.899357,-0.0101579,0.0038164,-9.98313e-06,7.92992e-06,0.00123826,0.000529364,0.00049632,0,1
17.646,8.51103,0.9,8.51293,0.731049,8.52083,0.899258,-0.0102229,0.00384435,-1.01365e-05,7.98572e-06,0.00124865,0.00053471,0.000499484,0,1
17.666,8.52103,0.9,8.52308,0.730534,8.53099,0.899154,-0.00955805,0.00387438,-1.03063e-05,8.04419e-06,0.00125957,0.000540286,0.000502655,0,1
17.686,8.53103,0.9,8.53335,0.730018,8.54128,0.899056,-0.00925722,0.0039051,-1.04635e-05,8.10025e-06,0.00127074,0.000545963,0.000505833,0,1
17.706,8.54103,0.9,8.54308,0.72953,8.55101,0.898966,-0.00905154,0.00393286,-1.0592e-05,8.15256e-06,0.00128143,0.000551403,0.000509018,0,1
17.726,8.55103,0.9,8.55304,0.729034,8.56098,0.899302,-0.00847928,0.00396186,-1.04698e-05,8.24643e-06,0.00123871,0.000529839,0.000496738,0,1
17.746,8.56103,0.9,8.56296,0.72854,8.57092,0.899218,-0.00859612,0.00399067,-1.05871e-05,8.29509e-06,0.00124928,0.000535273,0.000499906,0,1
17.766,8.57103,0.9,8.57275,0.728049,8.58073,0.899134,-0.00913977,0.0040188,-1.0702e-05,8.3441e-06,0.00125983,0.000540679,0.00050308,0,1
17.786,8.58103,0.9,8.58277,0.727548,8.59076,0.899042,-0.0083319,0.00404813,-1.08363e-05,8.39714e-06,0.00127073,0.000546235,0.000506262,0,1
17.806,8.59103,0.9,8.59208,0.727086,8.60007,0.898964,-0.00831746,0.0040737,-1.09284e-05,8.44339e-06,0.00128095,0.000551465,0.000509451,0,1
17.826,8.60103,0.9,8.60176,0.726613,8.60976,0.899349,-0.00643689,0.00410122,-1.077e-05,8.53364e-06,0.00123797,0.000529768,0.00049716,0,1
17.846,8.61103,0.9,8.61207,0.72611,8.62009,0.899282,-0.00763826,0.00413218,-1.08456e-05,8.57375e-06,0.00124897,0.000535402,0.000500331,0,1
17.866,8.62103,0.9,8.62175,0.725635,8.62978,0.899208,-0.00720747,0.00415968,-1.09326e-05,8.61788e-06,0.00125939,0.000540755,0.00050351,0,1
17.886,8.63103,0.9,8.63225,0.725125,8.64029,0.899132,-0.00663702,0.00419166,-1.10311e-05,8.66318e-06,0.00127082,0.000546558,0.000506695,0,1
17.906,8.64103,0.9,8.64198,0.724656,8.65003,0.899068,-0.00621747,0.00421945,-1.10955e-05,8.70313e-06,0.00128151,0.000552012,0.000509888,0,1
17.926,8.65103,0.9,8.65236,0.724156,8.66042,0.899427,-0.00637854,0.00425075,-1.09005e-05,8.78467e-06,0.00123923,0.000530625,0.000497572,0,1
17.946,8.66103,0.9,8.66195,0.72369,8.67002,0.899366,-0.00678942,0.00427779,-1.09559e-05,8.82241e-06,0.00124946,0.000535904,0.000500747,0,1
17.966,8.67103,0.9,8.67181,0.723208,8.6799,0.899299,-0.00681223,0.00430629,-1.1026e-05,8.8633e-06,0.0012601,0.000541358,0.000503928,0,1
17.986,8.68103,0.9,8.68194,0.722716,8.69004,0.89923,-0.00605945,0.00433621,-1.11022e-05,8.90546e-06,0.00127113,0.000546981,0.000507117,0,1
18.006,8.69103,0.9,8.69201,0.722229,8.70012,0.899169,-0.00646047,0.00436581,-1.1158e-05,8.94382e-06,0.00128221,0.000552613,0.000510313,0,1
18.026,8.70103,0.9,8.70211,0.721737,8.71023,0.899523,-0.00630674,0.00439558,-1.09621e-05,9.0236e-06,0.00123957,0.00053105,0.000497972,0,1
18.046,8.71103,0.9,8.7129,0.721205,8.72103,0.899455,-0.00756789,0.00442921,-1.10402e-05,9.06499e-06,0.0012511,0.000536932,0.00050115,0,1
18.066,8.72103,0.9,8.72303,0.720697,8.73118,0.899378,-0.00780543,0.00445919,-1.11334e-05,9.111e-06,0.00126206,0.000542529,0.000504335,0,1
18.086,8.73103,0.9,8.73356,0.720166,8.74171,0.899295,-0.00816125,0.00449131,-1.12431e-05,9.16004e-06,0.00127354,0.000548359,0.000507528,0,1
18.106,8.74103,0.9,8.74376,0.719645,8.75192,0.899212,-0.00905036,0.00452163,-1.13509e-05,9.20996e-06,0.0012848,0.000554066,0.000510727,0,1
18.126,8.75103,0.9,8.75333,0.719152,8.76151,0.899554,-0.00855143,0.00454862,-1.11943e-05,9.30004e-06,0.00124141,0.000532136,0.000498335,0,1
18.146,8.76103,0.9,8.76335,0.718641,8.77154,0.899468,-0.00776972,0.00457794,-1.13057e-05,9.3505e-06,0.00125214,0.000537641,0.000501516,0,1
18.166,8.77103,0.9,8.77347,0.718127,8.78168,0.89939,-0.00809778,0.00460783,-1.14004e-05,9.39776e-06,0.00126309,0.000543236,0.000504705,0,1
18.186,8.78103,0.9,8.78289,0.717651,8.79111,0.899313,-0.00722325,0.00463401,-1.14819e-05,9.44413e-06,0.00127339,0.000548516,0.0005079,0,1
18.206,8.79103,0.9,8.79273,0.717159,8.80096,0.899242,-0.00691286,0.00466238,-1.15544e-05,9.48814e-06,0.00128425,0.000554045,0.000511103,0,1
18.226,8.80103,0.9,8.80295,0.716653,8.81119,0.899576,-0.00596184,0.00469279,-1.13608e-05,9.5696e-06,0.00124158,0.000532441,0.000498704,0,1
18.246,8.81103,0.9,8.81228,0.716192,8.82054,0.89952,-0.00651253,0.00471852,-1.13948e-05,9.60532e-06,0.00125157,0.00053761,0.000501889,0,1
18.266,8.82103,0.9,8.82249,0.715681,8.83075,0.899454,-0.00704276,0.00474886,-1.14581e-05,9.64668e-06,0.00126261,0.000543252,0.000505081,0,1
18.286,8.83103,0.9,8.83283,0.71516,8.84111,0.899381,-0.00718021,0.00477996,-1.15373e-05,9.69154e-06,0.00127392,0.000549003,0.00050828,0,1
18.306,8.84103,0.9,8.84304,0.714645,8.85133,0.899307,-0.00710734,0.00481033,-1.16156e-05,9.7369e-06,0.0012852,0.000554725,0.000511486,0,1
18.326,8.85103,0.9,8.85322,0.714137,8.86152,0.899655,-0.00563674,0.00484053,-1.14246e-05,9.81691e-06,0.00124242,0.000533055,0.00049906,0,1
18.346,8.86103,0.9,8.86451,0.713585,8.87282,0.899591,-0.00445946,0.00487718,-1.14858e-05,9.85687e-06,0.00125454,0.000539211,0.000502247,0,1
18.366,8.87103,0.9,8.87528,0.713066,8.8836,0.899543,-0.00411934,0.0049107,-1.15029e-05,9.88918e-06,0.00126622,0.000545143,0.000505442,0,1
18.386,8.88103,0.9,8.88488,0.712609,8.89322,0.899503,-0.00326376,0.00493783,-1.14977e-05,9.9174e-06,0.00127675,0.000550528,0.000508645,0,1
18.406,8.89103,0.9,8.89496,0.712136,8.90331,0.89947,-0.00279157,0.00496748,-1.14761e-05,9.94237e-06,0.00128791,0.000556191,0.000511854,0,1
18.426,8.90103,0.9,8.90453,0.711689,8.91289,0.899444,-0.00271999,0.00499442,-1.14411e-05,9.96429e-06,0.00129862,0.000561631,0.000515071,0,1
18.446,8.91103,0.9,8.91472,0.711213,8.92309,0.899769,-0.00253374,0.00502466,-1.11478e-05,1.0018e-05,0.00125484,0.00053942,0.00050235,0,1
18.466,8.92103,0.9,8.9249,0.710737,8.93328,0.899743,-0.00267636,0.00505487,-1.11082e-05,1.00392e-05,0.00126589,0.00054506,0.000505548,0,1
18.486,8.93103,0.9,8.93534,0.710251,8.94373,0.899715,-0.00194557,0.0050865,-1.10725e-05,1.00616e-05,0.00127733,0.000550868,0.000508753,0,1
18.506,8.94103,0.9,8.94514,0.709799,8.95354,0.899696,-0.00170303,0.00511466,-1.1018e-05,1.00796e-05,0.00128819,0.000556393,0.000511965,0,1
18.526,8.95103,0.9,8.95527,0.709332,8.96368,0.900021,-0.00184843,0.00514456,-1.07174e-05,1.01193e-05,0.00124513,0.000534573,0.000499482,0,1
18.546,8.96103,0.9,8.96542,0.708858,8.97383,0.900002,-0.00269157,0.00517458,-1.066e-05,1.0137e-05,0.00125604,0.000540163,0.000502675,0,1
18.566,8.97103,0.9,8.97531,0.708389,8.98374,0.899975,-0.00291162,0.00520322,-1.06221e-05,1.01587e-05,0.00126679,0.000545664,0.000505876,0,1
18.586,8.98103,0.9,8.98562,0.707906,8.99406,0.899945,-0.00188236,0.00523413,-1.05908e-05,1.01822e-05,0.00127811,0.000551412,0.000509084,0,1
18.606,8.99103,0.9,8.99533,0.70746,9.00379,0.899927,-0.000663222,0.00526184,-1.05337e-05,1.01999e-05,0.00128888,0.000556899,0.000512299,0,1
18.626,9.00103,0.9,9.00498,0.707022,9.01344,0.90019,-0.000828317,0.00528916,-1.02299e-05,1.02255e-05,0.00124525,0.000534804,0.000499795,0,1
18.646,9.01103,0.9,9.0147,0.70658,9.02317,0.900182,-0.000471929,0.00531691,-1.0149e-05,1.02379e-05,0.00125571,0.000540188,0.000502991,0,1
18.666,9.02103,0.9,9.02441,0.70614,9.03288,0.900177,-0.000733232,0.00534453,-1.00601e-05,1.02485e-05,0.00126625,0.000545596,0.000506195,0,1
18.686,9.03103,0.9,9.03523,0.705647,9.04372,0.900169,-0.000697488,0.00537838,-9.96948e-06,1.02609e-05,0.00127813,0.000551612,0.000509406,0,1
18.706,9.04103,0.9,9.04524,0.705193,9.05374,0.900162,-0.000431527,0.00540764,-9.88321e-06,1.02728e-05,0.00128924,0.000557251,0.000512625,0,1
18.726,9.05103,0.9,9.05501,0.70475,9.06352,0.900486,-0.000295201,0.00543563,-9.59607e-06,1.02863e-05,0.00124571,0.000535199,0.000500103,0,1
18.746,9.06103,0.9,9.06463,0.704309,9.07315,0.900483,-0.00130322,0.00546281,-9.50353e-06,1.0296e-05,0.00125606,0.000540533,0.000503303,0,1
18.766,9.07103,0.9,9.07481,0.703835,9.08333,0.90047,-0.00156671,0.005493,-9.43072e-06,1.0311e-05,0.00126713,0.000546186,0.00050651,0,1
18.786,9.08103,0.9,9.08541,0.703347,9.09395,0.900453,-0.000246519,0.00552555,-9.36315e-06,1.03278e-05,0.00127878,0.000552093,0.000509724,0,1
18.806,9.09103,0.9,9.09521,0.702899,9.10376,0.900451,-0.000808503,0.00555371,-9.26741e-06,1.03373e-05,0.00128966,0.000557633,0.000512945,0,1
18.826,9.10103,0.9,9.10516,0.702434,9.11372,0.900782,-0.00205064,0.00558269,-9.00956e-06,1.03425e-05,0.0012463,0.000535647,0.000500406,0,1
18.846,9.11103,0.9,9.11425,0.702004,9.12282,0.900763,-0.00176051,0.00560718,-8.95561e-06,1.03601e-05,0.00125609,0.000540721,0.000503609,0,1
18.866,9.12103,0.9,9.12428,0.701531,9.13286,0.900746,-0.00186378,0.00563653,-8.89367e-06,1.03773e-05,0.00126699,0.000546302,0.000506819,0,1
18.886,9.13103,0.9,9.13412,0.701063,9.14271,0.900727,-0.00234686,0.00566491,-8.83418e-06,1.0395e-05,0.00127781,0.00055183,0.000510036,0,1
18.906,9.14103,0.9,9.14396,0.700593,9.15256,0.900704,-0.00205953,0.00569328,-8.78546e-06,1.04151e-05,0.00128873,0.000557394,0.00051326,0,1
18.926,9.15103,0.9,9.15388,0.700125,9.16249,0.901062,-0.00116982,0.00572205,-8.57428e-06,1.04177e-05,0.0012454,0.000535414,0.000500722,0,1
18.946,9.16103,0.9,9.16341,0.699673,9.17203,0.901051,-0.00221407,0.00574881,-8.5001e-06,1.04316e-05,0.00125567,0.000540716,0.000503928,0,1
18.966,9.17103,0.9,9.17335,0.699189,9.18198,0.901029,-0.00371635,0.00577768,-8.44825e-06,1.04511e-05,0.00126647,0.000546257,0.00050714,0,1
18.986,9.18103,0.9,9.18353,0.698692,9.19217,0.900991,-0.00232516,0.00580788,-8.43309e-06,1.04786e-05,0.00127766,0.00055196,0.000510361,0,1
19.006,9.19103,0.9,9.19376,0.698198,9.20242,0.900967,-0.00255113,0.00583837,-8.38337e-06,1.04991e-05,0.00128902,0.000557729,0.000513588,0,1
19.026,9.20103,0.9,9.20332,0.697736,9.21198,0.901272,-0.00223148,0.00586525,-8.19853e-06,1.04965e-05,0.00124528,0.00053555,0.000501034,0,1
19.046,9.21103,0.9,9.21312,0.697264,9.2218,0.90125,-0.0020168,0.00589342,-8.14653e-06,1.05159e-05,0.00125584,0.000540991,0.000504242,0,1
19.066,9.22103,0.9,9.22283,0.696796,9.23152,0.901231,-0.00201681,0.00592112,-8.08941e-06,1.05341e-05,0.00126641,0.000546426,0.000507458,0,1
19.086,9.23103,0.9,9.23292,0.696315,9.24162,0.90121,-0.00109126,0.00595081,-8.03169e-06,1.05528e-05,0.0012775,0.000552086,0.000510681,0,1
19.106,9.24103,0.9,9.24321,0.695835,9.25192,0.901199,-5.3613e-05,0.0059816,-7.95035e-06,1.05669e-05,0.00128892,0.000557888,0.000513911,0,1
19.126,9.25103,0.9,9.25332,0.695364,9.26204,0.901427,-0.000534604,0.00601143,-7.7223e-06,1.05451e-05,0.00124578,0.000535978,0.000501346,0,1
19.146,9.26103,0.9,9.26274,0.694927,9.27147,0.901422,0.000322637,0.0060376,-7.63411e-06,1.05559e-05,0.00125593,0.000541233,0.000504557,0,1
19.166,9.27103,0.9,9.27218,0.694495,9.28092,0.901425,0.000864016,0.00606384,-7.52762e-06,1.05627e-05,0.0012662,0.000546529,0.000507775,0,1
19.186,9.28103,0.9,9.28238,0.694031,9.29113,0.901434,0.000860499,0.00609415,-7.39844e-06,1.05665e-05,0.00127742,0.000552252,0.000511001,0,1
19.206,9.29103,0.9,9.29269,0.693564,9.30146,0.901443,0.00149016,0.0061251,-7.26763e-06,1.05702e-05,0.00128888,0.000558074,0.000514234,0,1
19.226,9.30103,0.9,9.30267,0.693117,9.31144,0.901738,0.00186058,0.00615418,-7.02848e-06,1.05302e-05,0.00124559,0.000536086,0.000501657,0,1
19.246,9.31103,0.9,9.31267,0.692666,9.32145,0.901756,0.00114029,0.00618338,-6.87884e-06,1.0529e-05,0.00125637,0.000541634,0.000504871,0,1
19.266,9.32103,0.9,9.32212,0.692234,9.33091,0.901767,0.000632455,0.00620971,-6.75509e-06,1.05318e-05,0.00126666,0.000546945,0.000508092,0,1
19.286,9.33103,0.9,9.332,0.691787,9.3408,0.901773,0.00239021,0.00623829,-6.63627e-06,1.05368e-05,0.00127753,0.000552511,0.000511321,0,1
19.306,9.34103,0.9,9.34243,0.691327,9.35124,0.901798,0.00268564,0.00626985,-6.46482e-06,1.05322e-05,0.00128912,0.000558393,0.000514557,0,1
19.326,9.35103,0.9,9.35229,0.690895,9.36111,0.902044,0.0031602,0.00629832,-6.22913e-06,1.04747e-05,0.00124569,0.00053633,0.000501964,0,1
19.346,9.36103,0.9,9.363,0.690429,9.37182,0.902078,0.00339427,0.00633147,-6.0305e-06,1.04657e-05,0.00125724,0.000542238,0.000505181,0,1
19.366,9.37103,0.9,9.37278,0.690005,9.38162,0.902112,0.0037808,0.00635952,-5.85097e-06,1.0457e-05,0.00126791,0.000547721,0.000508405,0,1
19.386,9.38103,0.9,9.38294,0.689568,9.39179,0.90215,0.00395819,0.00638962,-5.65207e-06,1.04454e-05,0.00127911,0.000553435,0.000511636,0,1
19.406,9.39103,0.9,9.39251,0.689155,9.40137,0.902188,0.00354384,0.00641655,-5.46656e-06,1.0434e-05,0.00128976,0.000558884,0.000514875,0,1
19.426,9.40103,0.9,9.40221,0.68874,9.41107,0.902455,0.00486953,0.00644414,-5.25051e-06,1.03586e-05,0.0012461,0.000536704,0.000502261,0,1
19.446,9.41103,0.9,9.41134,0.68835,9.42021,0.9025,0.00393915,0.00646884,-5.05968e-06,1.03441e-05,0.00125595,0.000541825,0.000505481,0,1
19.466,9.42103,0.9,9.42081,0.687937,9.42969,0.902537,0.00293374,0.00649524,-4.87805e-06,1.0333e-05,0.00126627,0.000547151,0.000508707,0,1
19.486,9.43103,0.9,9.4304,0.687518,9.43928,0.902565,0.00408323,0.00652226,-4.71515e-06,1.03265e-05,0.00127681,0.000552576,0.000511942,0,1
19.506,9.44103,0.9,9.4409,0.687065,9.44979,0.902608,0.00392515,0.00655423,-4.50002e-06,1.03123e-05,0.00128848,0.000558504,0.000515183,0,1
19.526,9.45103,0.9,9.45082,0.686639,9.45973,0.902843,0.00467859,0.00658304,-4.30273e-06,1.02213e-05,0.00124516,0.000536476,0.000502574,0,1
19.546,9.46103,0.9,9.46076,0.686212,9.46967,0.90289,0.00397572,0.00661191,-4.09124e-06,1.02055e-05,0.00125588,0.000542006,0.000505796,0,1
19.566,9.47103,0.9,9.47082,0.685772,9.47975,0.90293,0.0031754,0.00664147,-3.89277e-06,1.01929e-05,0.00126686,0.00054764,0.000509026,0,1
19.586,9.48103,0.9,9.48153,0.685302,9.49046,0.902964,0.00384619,0.00667464,-3.69704e-06,1.01831e-05,0.00127866,0.000553641,0.000512263,0,1
19.606,9.49103,0.9,9.49164,0.684863,9.50058,0.903003,0.00413951,0.00670445,-3.50107e-06,1.01707e-05,0.00128991,0.000559376,0.000515507,0,1
19.626,9.50103,0.9,9.50089,0.684466,9.50984,0.903254,0.00496479,0.00672974,-3.35348e-06,1.00667e-05,0.00124576,0.000536945,0.000502866,0,1
19.646,9.51103,0.9,9.51138,0.68402,9.52034,0.903306,0.00500744,0.00676164,-3.11766e-06,1.00478e-05,0.00125709,0.000542758,0.000506091,0,1
19.666,9.52103,0.9,9.5211,0.683611,9.53006,0.903355,0.00573376,0.00678933,-2.90795e-06,1.00305e-05,0.00126769,0.00054822,0.000509323,0,1
19.686,9.53103,0.9,9.53127,0.683191,9.54025,0.903413,0.00690399,0.0068195,-2.66514e-06,1.00081e-05,0.00127891,0.000553954,0.000512562,0,1
19.706,9.54103,0.9,9.54139,0.682781,9.55037,0.903483,0.00738411,0.00684935,-2.39679e-06,9.97946e-06,0.00129019,0.000559697,0.00051581,0,1
19.726,9.55103,0.9,9.55146,0.682376,9.56044,0.903632,0.00746631,0.00687889,-2.18695e-06,9.84339e-06,0.00124688,0.000537653,0.000503153,0,1
19.746,9.56103,0.9,9.56157,0.68197,9.57057,0.903708,0.00741809,0.00690872,-1.90556e-06,9.81237e-06,0.00125782,0.000543283,0.00050638,0,1
19.766,9.57103,0.9,9.57059,0.681608,9.57959,0.903775,0.00770209,0.00693285,-1.67468e-06,9.78545e-06,0.00126767,0.000548395,0.000509615,0,1
19.786,9.58103,0.9,9.58064,0.681204,9.58965,0.903852,0.00748433,0.00696233,-1.39207e-06,9.75289e-06,0.00127876,0.000554069,0.000512857,0,1
19.806,9.59103,0.9,9.59123,0.68078,9.60025,0.903932,0.00783813,0.00699482,-1.08989e-06,9.71908e-06,0.00129056,0.00056006,0.000516107,0,1
19.826,9.60103,0.9,9.60132,0.68038,9.61034,0.904092,0.00843983,0.0070245,-9.13013e-07,9.56401e-06,0.00124725,0.000538005,0.000503433,0,1
19.846,9.61103,0.9,9.61145,0.679985,9.62048,0.904178,0.00908183,0.00705437,-6.10403e-07,9.52758e-06,0.00125821,0.000543643,0.000506663,0,1
19.866,9.62103,0.9,9.62142,0.679601,9.63045,0.904268,0.00964091,0.00708341,-3.01308e-07,9.48823e-06,0.00126911,0.000549242,0.0005099,0,1
19.886,9.63103,0.9,9.63193,0.6792,9.64097,0.90437,0.00980876,0.00711543,5.10186e-08,9.44303e-06,0.00128073,0.000555156,0.000513145,0,1
19.906,9.64103,0.9,9.64175,0.678826,9.6508,0.904466,0.00991318,0.00714368,3.6695e-07,9.39999e-06,0.00129169,0.000560757,0.000516397,0,1
19.926,9.65103,0.9,9.65134,0.678467,9.6604,0.904581,0.0110409,0.00717071,5.14936e-07,9.21892e-06,0.00124776,0.000538402,0.000503698,0,1
19.946,9.66103,0.9,9.66136,0.678094,9.67043,0.904692,0.0103055,0.00720001,8.70743e-07,9.16931e-06,0.00125861,0.000543992,0.00050693,0,1
19.966,9.67103,0.9,9.67167,0.677708,9.68074,0.904798,0.0106156,0.00723089,1.2252e-06,9.12151e-06,0.00126989,0.000549766,0.00051017,0,1
19.986,9.68103,0.9,9.68131,0.677343,9.69038,0.904901,0.0094155,0.00725814,1.54568e-06,9.07531e-06,0.00128054,0.000555236,0.000513417,0,1
20.006,9.69103,0.9,9.69088,0.676969,9.69996,0.904991,0.00860831,0.00728509,1.83583e-06,9.03496e-06,0.00129123,0.000560714,0.000516672,0,1
20.026,9.70103,0.9,9.70123,0.676567,9.71031,0.905094,0.00963613,0.00731617,1.94326e-06,8.83918e-06,0.00124815,0.000538745,0.000503968,0,1
20.046,9.71103,0.9,9.71091,0.676192,9.72001,0.905187,0.00906946,0.0073437,2.24343e-06,8.79777e-06,0.00125864,0.000544171,0.000507203,0,1
20.066,9.72103,0.9,9.72108,0.675793,9.73018,0.905279,0.00843618,0.00737379,2.55512e-06,8.75659e-06,0.00126977,0.000549876,0.000510445,0,1
20.086,9.73103,0.9,9.7311,0.675396,9.7402,0.905364,0.00839894,0.0074031,2.84325e-06,8.71896e-06,0.00128085,0.000555548,0.000513695,0,1
20.106,9.74103,0.9,9.74131,0.674984,9.75043,0.90545,0.00728108,0.00743349,3.13954e-06,8.68034e-06,0.00129227,0.000561361,0.000516952,0,1
20.126,9.75103,0.9,9.75162,0.674566,9.76075,0.905525,0.00793913,0.00746439,3.41153e-06,8.64696e-06,0.00130391,0.000567261,0.000520217,0,1
20.146,9.76103,0.9,9.76184,0.674146,9.77097,0.905659,0.00613821,0.00749476,3.43918e-06,8.43442e-06,0.00125973,0.000544707,0.000507226,0,1
20.166,9.77103,0.9,9.77215,0.673718,9.78129,0.905722,0.00708768,0.00752567,3.68112e-06,8.40745e-06,0.00127103,0.00055049,0.00051047,0,1
20.186,9.78103,0.9,9.78189,0.673323,9.79104,0.905791,0.00825093,0.0075535,3.92195e-06,8.37729e-06,0.00128181,0.000556022,0.000513722,0,1
20.206,9.79103,0.9,9.79128,0.672945,9.80044,0.905869,0.00777526,0.0075795,4.17178e-06,8.34252e-06,0.00129231,0.000561412,0.000516981,0,1
20.226,9.80103,0.9,9.80138,0.67254,9.81054,0.906003,0.00852754,0.00760923,4.1673e-06,8.12515e-06,0.00124888,0.000539271,0.000504252,0,1
20.246,9.81103,0.9,9.81134,0.672146,9.82051,0.906088,0.00881009,0.00763819,4.44892e-06,8.08707e-06,0.00125967,0.000544838,0.000507491,0,1
20.266,9.82103,0.9,9.8206,0.671782,9.82978,0.906169,0.00938839,0.00766356,4.70258e-06,8.05031e-06,0.00126983,0.000550094,0.000510737,0,1
20.286,9.83103,0.9,9.83046,0.671401,9.83964,0.906262,0.00981936,0.00769197,4.99729e-06,8.00768e-06,0.00128073,0.000555686,0.000513991,0,1
20.306,9.84103,0.9,9.84089,0.671,9.85008,0.906365,0.0101484,0.00772357,5.33371e-06,7.95956e-06,0.00129239,0.000561616,0.000517253,0,1
20.326,9.85103,0.9,9.85074,0.670629,9.85994,0.906411,0.0112213,0.00775196,5.33194e-06,7.71888e-06,0.00124868,0.000539339,0.000504512,0,1
20.346,9.86103,0.9,9.86072,0.670249,9.86992,0.906523,0.00932551,0.007781,5.67396e-06,7.66662e-06,0.0012595,0.000544918,0.000507754,0,1
20.366,9.87103,0.9,9.87029,0.66988,9.87949,0.906612,0.0101351,0.00780792,5.94931e-06,7.62546e-06,0.00126999,0.000550332,0.000511002,0,1
20.386,9.88103,0.9,9.88117,0.669462,9.89039,0.906723,0.0100475,0.00784211,6.31764e-06,7.57313e-06,0.00128204,0.000556457,0.000514259,0,1
20.406,9.89103,0.9,9.89153,0.669065,9.90075,0.906827,0.0100651,0.00787325,6.65043e-06,7.52365e-06,0.00129363,0.000562349,0.000517523,0,1
20.426,9.90103,0.9,9.90148,0.668682,9.91071,0.906927,0.00989443,0.00790218,6.95968e-06,7.47576e-06,0.00130489,0.000568073,0.000520794,0,1
20.446,9.91103,0.9,9.91098,0.668316,9.92021,0.906964,0.00998788,0.00792873,6.87424e-06,7.2174e-06,0.00125985,0.000545103,0.000507769,0,1
20.466,9.92103,0.9,9.92117,0.667927,9.93041,0.907065,0.0106144,0.00795899,7.19403e-06,7.16928e-06,0.00127103,0.000550836,0.00051102,0,1
20.486,9.93103,0.9,9.93151,0.667534,9.94076,0.907175,0.0102086,0.00799002,7.53652e-06,7.11674e-06,0.00128248,0.00055668,0.000514278,0,1
20.506,9.94103,0.9,9.94162,0.667147,9.95088,0.907279,0.0103564,0.00801983,7.85483e-06,7.06709e-06,0.0012938,0.000562449,0.000517544,0,1
20.526,9.95103,0.9,9.95204,0.666751,9.9613,0.907328,0.0105311,0.00805132,7.80505e-06,6.79546e-06,0.0012506,0.000540397,0.000504774,0,1
20.546,9.96103,0.9,9.96189,0.666378,9.97116,0.907431,0.0106904,0.00807974,8.11479e-06,6.74613e-06,0.00126131,0.000545924,0.00050802,0,1
20.566,9.97103,0.9,9.97136,0.666023,9.98064,0.907533,0.0112183,0.00810614,8.40521e-06,6.69771e-06,0.00127171,0.000551292,0.000511273,0,1
20.586,9.98103,0.9,9.98102,0.665661,9.9903,0.907641,0.0109999,0.00813349,8.71645e-06,6.64529e-06,0.00128241,0.000556791,0.000514533,0,1
20.606,9.99103,0.9,9.99102,0.665281,10.0003,0.907751,0.00993811,0.00816267,9.04211e-06,6.59157e-06,0.0012936,0.000562505,0.000517801,0,1
20.626,10.001,0.9,9.9983,0.664995,10.0076,0.907761,0.00863694,0.00817904,8.79e-06,6.32558e-06,0.00124704,0.00053888,0.000505024,0,1
20.646,10.011,0.9,10.0056,0.6647,10.0149,0.907825,0.00804887,0.0081956,8.94503e-06,6.29614e-06,0.00125497,0.000543132,0.000508272,0,1
20.666,10.021,0.9,10.0126,0.664417,10.0219,0.907881,0.00808921,0.00821078,9.08053e-06,6.27006e-06,0.0012626,0.000547237,0.000511527,0,1
20.686,10.031,0.9,10.0194,0.66414,10.0287,0.907935,0.00718418,0.00822506,9.20832e-06,6.2446e-06,0.00127002,0.000551248,0.00051479,0,1
20.706,10.041,0.9,10.0264,0.663851,10.0357,0.907986,0.00725256,0.00824024,9.33318e-06,6.22121e-06,0.00127775,0.000555407,0.00051806,0,1
20.726,10.051,0.9,10.0333,0.663558,10.0426,0.907975,0.00554395,0.00825522,9.03523e-06,5.9683e-06,0.00123202,0.000532176,0.000505488,0,1
20.746,10.061,0.9,10.0409,0.663231,10.0502,0.908017,0.00524762,0.00827281,9.15548e-06,5.9492e-06,0.00124013,0.00053655,0.000508738,0,1
20.766,10.071,0.9,10.0478,0.66293,10.0571,0.908054,0.00481772,0.00828764,9.25479e-06,5.93291e-06,0.00124756,0.000540604,0.000511996,0,1
20.786,10.081,0.9,10.0543,0.662639,10.0637,0.908085,0.00390715,0.0083012,9.34187e-06,5.91883e-06,0.00125468,0.000544513,0.000515262,0,1
20.806,10.091,0.9,10.0609,0.662342,10.0703,0.908111,0.00341757,0.00831486,9.42016e-06,5.90766e-06,0.00126188,0.000548461,0.000518535,0,1
20.826,10.101,0.9,10.0673,0.662054,10.0766,0.908186,0.00355109,0.00832776,9.07524e-06,5.67325e-06,0.00121676,0.000525507,0.000506154,0,1
20.846,10.111,0.9,10.0745,0.661728,10.0839,0.908211,0.00417581,0.00834397,9.16032e-06,5.66204e-06,0.00122441,0.000529709,0.000509407,0,1
20.866,10.121,0.9,10.0824,0.661379,10.0917,0.908244,0.00397181,0.00836253,9.26463e-06,5.64722e-06,0.00123272,0.000534226,0.000512668,0,1
20.886,10.131,0.9,10.0891,0.66108,10.0985,0.908271,0.00482556,0.00837675,9.34479e-06,5.63528e-06,0.00123995,0.000538224,0.000515937,0,1
20.906,10.141,0.9,10.0963,0.660756,10.1057,0.908306,0.00372099,0.00839302,9.44523e-06,5.61896e-06,0.0012478,0.000542518,0.000519213,0,1
20.926,10.151,0.9,10.1032,0.660446,10.1126,0.908334,0.00375777,0.00840771,9.11738e-06,5.38752e-06,0.00120423,0.000520283,0.000506987,0,1
20.946,10.161,0.9,10.1097,0.660152,10.1191,0.908359,0.00293753,0.00842088,9.18897e-06,5.37671e-06,0.00121097,0.000524083,0.000510244,0,1
20.966,10.171,0.9,10.1169,0.659819,10.1263,0.90838,0.00263518,0.00843701,9.26401e-06,5.36735e-06,0.00121858,0.000528303,0.000513508,0,1
20.986,10.181,0.9,10.1236,0.659505,10.133,0.908398,0.00226922,0.00845125,9.32832e-06,5.35969e-06,0.00122573,0.000532303,0.00051678,0,1
21.006,10.191,0.9,10.1313,0.659148,10.1407,0.908415,0.00203622,0.00846905,9.40034e-06,5.3522e-06,0.00123389,0.000536789,0.00052006,0,1
21.026,10.201,0.9,10.1378,0.658841,10.1472,0.908471,0.00243178,0.00848258,9.05846e-06,5.13226e-06,0.00119103,0.000514858,0.000507976,0,1
21.046,10.211,0.9,10.1453,0.658491,10.1547,0.908489,0.00238276,0.00849981,9.12941e-06,5.1242e-06,0.00119878,0.000519189,0.000511237,0,1
21.066,10.221,0.9,10.1523,0.658159,10.1617,0.908506,0.000936281,0.00851506,9.19293e-06,5.11686e-06,0.00120609,0.000523298,0.000514505,0,1
21.086,10.231,0.9,10.1589,0.657843,10.1684,0.908512,0.00181626,0.00852881,9.23639e-06,5.11486e-06,0.00121303,0.00052723,0.000517781,0,1
21.106,10.241,0.9,10.166,0.657503,10.1755,0.908525,0.00128725,0.00854458,9.29468e-06,5.10933e-06,0.00122059,0.000531462,0.000521064,0,1
21.126,10.251,0.9,10.173,0.657169,10.1825,0.908509,0.00134711,0.00855971,8.95833e-06,4.89759e-06,0.00117912,0.000510172,0.000509105,0,1
21.146,10.261,0.9,10.1801,0.65683,10.1896,0.908518,0.00112729,0.00857521,9.00896e-06,4.89368e-06,0.00118637,0.000514289,0.00051237,0,1
21.166,10.271,0.9,10.1872,0.656491,10.1967,0.908526,0.00192508,0.00859093,9.05741e-06,4.89051e-06,0.00119373,0.000518461,0.000515643,0,1
21.186,10.281,0.9,10.1949,0.656128,10.2044,0.908541,0.00241916,0.00860896,9.122e-06,4.88381e-06,0.00120173,0.000522952,0.000518923,0,1
21.206,10.291,0.9,10.2012,0.65583,10.2107,0.908557,0.00196253,0.00862167,9.17562e-06,4.87678e-06,0.00120838,0.000526767,0.00052221,0,1
21.226,10.301,0.9,10.2081,0.655505,10.2176,0.908576,0.0022095,0.00863647,8.85559e-06,4.66848e-06,0.00116769,0.000505812,0.000510353,0,1
21.246,10.311,0.9,10.2152,0.655173,10.2247,0.908591,0.0035482,0.00865224,8.91573e-06,4.66111e-06,0.00117494,0.000509967,0.000513622,0,1
21.266,10.321,0.9,10.2222,0.654857,10.2317,0.908616,0.0043602,0.00866733,8.98906e-06,4.64908e-06,0.00118208,0.000514062,0.000516899,0,1
21.286,10.331,0.9,10.2283,0.654585,10.2379,0.908643,0.00582302,0.0086794,9.05643e-06,4.63588e-06,0.00118842,0.00051776,0.000520183,0,1
21.306,10.341,0.9,10.2354,0.654273,10.245,0.908684,0.00537359,0.00869501,9.15868e-06,4.61499e-06,0.0011958,0.000521978,0.000523476,0,1
21.326,10.351,0.9,10.242,0.653985,10.2515,0.908661,0.0054001,0.00870854,8.87568e-06,4.40051e-06,0.00115566,0.000501236,0.000511719,0,1
21.346,10.361,0.9,10.2494,0.653659,10.2589,0.908701,0.00528509,0.00872533,8.97873e-06,4.38044e-06,0.00116311,0.000505526,0.000514992,0,1
21.366,10.371,0.9,10.2566,0.653338,10.2661,0.908739,0.00486315,0.00874143,9.07601e-06,4.36112e-06,0.00117044,0.000509758,0.000518274,0,1
21.386,10.381,0.9,10.2629,0.653058,10.2725,0.90877,0.00528098,0.00875408,9.14935e-06,4.34552e-06,0.0011769,0.000513546,0.000521563,0,1
21.406,10.391,0.9,10.27,0.652744,10.2796,0.908808,0.00559106,0.00876973,9.24343e-06,4.32624e-06,0.00118423,0.000517773,0.000524859,0,1
21.426,10.401,0.9,10.2768,0.652443,10.2863,0.908789,0.00443935,0.00878407,8.9703e-06,4.11388e-06,0.00114512,0.000497483,0.000513182,0,1
21.446,10.411,0.9,10.2841,0.652116,10.2936,0.908822,0.00520776,0.00880052,9.05715e-06,4.09727e-06,0.00115242,0.000501738,0.00051646,0,1
21.466,10.421,0.9,10.2908,0.651818,10.3004,0.908857,0.00503861,0.00881466,9.14065e-06,4.07921e-06,0.00115919,0.000505716,0.000519746,0,1
21.486,10.431,0.9,10.298,0.651494,10.3075,0.908893,0.00393205,0.00883054,9.23151e-06,4.06044e-06,0.00116647,0.000509954,0.00052304,0,1
21.506,10.441,0.9,10.3044,0.651202,10.314,0.908918,0.0044874,0.00884363,9.29611e-06,4.04718e-06,0.00117306,0.000513835,0.000526341,0,1
21.526,10.451,0.9,10.3112,0.650894,10.3208,0.908886,0.00412671,0.00885805,9.01496e-06,3.84233e-06,0.00113474,0.000493876,0.000514733,0,1
21.546,10.461,0.9,10.318,0.650582,10.3276,0.908915,0.00359108,0.00887264,9.08742e-06,3.82754e-06,0.00114152,0.000497895,0.000518016,0,1
21.566,10.471,0.9,10.3249,0.650256,10.3345,0.908939,0.00175981,0.00888758,9.15514e-06,3.81437e-06,0.00114845,0.000501989,0.000521307,0,1
21.586,10.481,0.9,10.3324,0.6499,10.342,0.908953,0.00258018,0.00890481,9.20738e-06,3.80721e-06,0.00115601,0.000506407,0.000524605,0,1
21.606,10.491,0.9,10.3391,0.649581,10.3487,0.90897,0.00156214,0.00891884,9.26026e-06,3.79786e-06,0.00116281,0.000510429,0.000527912,0,1
21.626,10.501,0.9,10.3462,0.649237,10.3559,0.908952,0.00153629,0.00893464,8.95616e-06,3.60728e-06,0.00112553,0.000490934,0.000516354,0,1
21.646,10.511,0.9,10.3528,0.648923,10.3625,0.908962,0.00249953,0.00894826,8.99582e-06,3.60155e-06,0.00113202,0.000494827,0.000519643,0,1
21.666,10.521,0.9,10.3602,0.648572,10.3699,0.90898,0.00280396,0.00896522,9.05574e-06,3.59137e-06,0.00113941,0.000499193,0.000522938,0,1
21.686,10.531,0.9,10.3671,0.648251,10.3767,0.908999,0.00279545,0.00897983,9.11163e-06,3.58081e-06,0.00114626,0.000503276,0.000526242,0,1
21.706,10.541,0.9,10.3737,0.647937,10.3834,0.909018,0.00206578,0.00899355,9.1643e-06,3.57054e-06,0.00115294,0.000507263,0.000529553,0,1
21.726,10.551,0.9,10.381,0.647587,10.3907,0.909033,0.00231459,0.00901019,9.21716e-06,3.56194e-06,0.00116043,0.000511673,0.000532872,0,1
21.746,10.561,0.9,10.3888,0.647216,10.3985,0.909023,0.00195142,0.00902853,8.93282e-06,3.37084e-06,0.0011239,0.000492439,0.000521147,0,1
21.766,10.571,0.9,10.3958,0.646879,10.4055,0.909036,0.00198052,0.00904384,8.9796e-06,3.36293e-06,0.00113085,0.0004966,0.000524448,0,1
21.786,10.581,0.9,10.4028,0.646539,10.4125,0.90905,0.00129715,0.00905921,9.02673e-06,3.35484e-06,0.00113786,0.000500794,0.000527756,0,1
21.806,10.591,0.9,10.4095,0.646216,10.4193,0.909059,0.00220894,0.0090733,9.06311e-06,3.34947e-06,0.0011446,0.00050484,0.000531072,0,1
21.826,10.601,0.9,10.416,0.645908,10.4257,0.909058,0.0023963,0.00908649,8.77417e-06,3.1671e-06,0.00110788,0.000485465,0.000519581,0,1
21.846,10.611,0.9,10.4239,0.64553,10.4336,0.909077,0.00223243,0.00910552,8.83557e-06,3.15625e-06,0.00111561,0.000490073,0.000522879,0,1
21.866,10.621,0.9,10.4313,0.645173,10.4411,0.909094,0.00163198,0.00912239,8.88849e-06,3.14659e-06,0.0011229,0.000494447,0.000526185,0,1
21.886,10.631,0.9,10.4382,0.644839,10.4479,0.909105,0.0010812,0.00913702,8.92833e-06,3.1397e-06,0.0011297,0.000498551,0.000529498,0,1
21.906,10.641,0.9,10.4452,0.644496,10.4549,0.909113,0.000960036,0.00915224,8.96298e-06,3.13468e-06,0.00113671,0.000502765,0.000532819,0,1
21.926,10.651,0.9,10.4521,0.644157,10.4618,0.909115,0.00137716,0.00916714,8.67124e-06,2.96084e-06,0.00110094,0.000483812,0.000521337,0,1
21.946,10.661,0.9,10.4589,0.643822,10.4687,0.909124,0.00151192,0.00918184,8.70722e-06,2.9547e-06,0.00110762,0.000487881,0.00052464,0,1
21.966,10.671,0.9,10.4665,0.643459,10.4762,0.909136,0.00256027,0.00919927,8.75026e-06,2.9475e-06,0.00111501,0.000492336,0.000527951,0,1
21.986,10.681,0.9,10.4735,0.643123,10.4833,0.909154,0.0019157,0.0092145,8.801e-06,2.93681e-06,0.00112194,0.000496533,0.000531269,0,1
22.006,10.691,0.9,10.4806,0.642775,10.4904,0.909168,0.00170646,0.00923044,8.84575e-06,2.92827e-06,0.0011291,0.000500853,0.000534595,0,1
22.026,10.701,0.9,10.4874,0.642444,10.4972,0.909134,0.00155069,0.0092449,8.56845e-06,2.75666e-06,0.00109372,0.000482015,0.000523116,0,1
22.046,10.711,0.9,10.4941,0.642118,10.5039,0.909144,0.0016449,0.00925895,8.60365e-06,2.74981e-06,0.00110019,0.000486005,0.000526424,0,1
22.066,10.721,0.9,10.5011,0.64178,10.511,0.909156,0.00279307,0.00927423,8.64244e-06,2.7423e-06,0.00110704,0.000490192,0.00052974,0,1
22.086,10.731,0.9,10.5083,0.641436,10.5182,0.909176,0.00219115,0.00929022,8.69691e-06,2.73021e-06,0.00111413,0.000494501,0.000533064,0,1
22.106,10.741,0.9,10.516,0.641067,10.5258,0.909192,0.00215157,0.00930806,8.74852e-06,2.71982e-06,0.00112172,0.000499079,0.000536396,0,1
22.126,10.751,0.9,10.5225,0.640749,10.5324,0.909206,0.00166718,0.0093216,8.7884e-06,2.71079e-06,0.00112829,0.000503104,0.000539735,0,1
22.146,10.761,0.9,10.5293,0.640418,10.5392,0.909197,0.00215285,0.00933614,8.51425e-06,2.54209e-06,0.00109295,0.000484153,0.000528055,0,1
22.166,10.771,0.9,10.5369,0.640053,10.5467,0.909214,0.00203097,0.0093536,8.56311e-06,2.53185e-06,0.0011003,0.000488634,0.000531376,0,1
22.186,10.781,0.9,10.5439,0.639713,10.5537,0.909228,0.00157343,0.00936872,8.6045e-06,2.52266e-06,0.00110714,0.000492836,0.000534704,0,1
22.206,10.791,0.9,10.5508,0.639371,10.5607,0.909239,0.00175165,0.00938393,8.64062e-06,2.5151e-06,0.00111407,0.000497079,0.000538041,0,1
22.226,10.801,0.9,10.558,0.639024,10.5679,0.909243,0.00181151,0.00939965,8.37968e-06,2.35206e-06,0.00107996,0.000478754,0.000526568,0,1
22.246,10.811,0.9,10.5645,0.638707,10.5744,0.909255,0.00247917,0.00941309,8.41368e-06,2.34399e-06,0.00108624,0.000482678,0.000529886,0,1
22.266,10.821,0.9,10.5711,0.638389,10.581,0.909271,0.00266566,0.00942687,8.4554e-06,2.33342e-06,0.00109266,0.000486677,0.000533212,0,1
22.286,10.831,0.9,10.5777,0.638072,10.5876,0.909289,0.00250138,0.00944056,8.49867e-06,2.32217e-06,0.0010991,0.00049069,0.000536546,0,1
22.306,10.841,0.9,10.5845,0.637747,10.5944,0.909306,0.00277234,0.00945493,8.54196e-06,2.31119e-06,0.00110578,0.000494825,0.000539887,0,1
22.326,10.851,0.9,10.5919,0.637386,10.6019,0.909242,0.00220591,0.00947206,8.30362e-06,2.14852e-06,0.00107254,0.00047688,0.000528423,0,1
22.346,10.861,0.9,10.5995,0.637023,10.6094,0.909258,0.00285424,0.00948945,8.3502e-06,2.13766e-06,0.00107976,0.000481348,0.000531747,0,1
22.366,10.871,0.9,10.6064,0.636695,10.6163,0.909278,0.00312288,0.00950424,8.39758e-06,2.12513e-06,0.00108642,0.0004855,0.000535078,0,1
22.386,10.881,0.9,10.6131,0.636374,10.6231,0.909299,0.0037298,0.00951861,8.44654e-06,2.1117e-06,0.00109303,0.000489622,0.000538417,0,1
22.406,10.891,0.9,10.6203,0.636038,10.6302,0.909326,0.00356222,0.00953435,8.50717e-06,2.09526e-06,0.00110004,0.00049396,0.000541764,0,1
22.426,10.901,0.9,10.6276,0.635695,10.6375,0.909226,0.00405916,0.00955081,8.28064e-06,1.93339e-06,0.001067,0.000476031,0.000530271,0,1
22.446,10.911,0.9,10.635,0.635349,10.645,0.909256,0.00416019,0.00956771,8.34913e-06,1.91512e-06,0.0010741,0.000480449,0.0005336,0,1
22.466,10.921,0.9,10.6427,0.63499,10.6526,0.909288,0.00409313,0.00958571,8.42321e-06,1.89574e-06,0.00108151,0.000485037,0.000536936,0,1
22.486,10.931,0.9,10.6492,0.634684,10.6591,0.909315,0.00322456,0.00959904,8.47712e-06,1.8791e-06,0.00108784,0.000489022,0.00054028,0,1
22.506,10.941,0.9,10.6563,0.634342,10.6663,0.909338,0.00359321,0.00961503,8.53078e-06,1.8642e-06,0.00109491,0.000493408,0.000543633,0,1
22.526,10.951,0.9,10.6625,0.634049,10.6725,0.909314,0.00346371,0.00962728,8.29204e-06,1.70708e-06,0.00106112,0.000474968,0.000532103,0,1
22.546,10.961,0.9,10.6693,0.633731,10.6793,0.909338,0.00407922,0.00964154,8.34177e-06,1.69209e-06,0.00106756,0.000479042,0.000535436,0,1
22.566,10.971,0.9,10.6761,0.633408,10.6861,0.909365,0.00278791,0.00965602,8.39896e-06,1.67466e-06,0.00107411,0.000483175,0.000538778,0,1
22.586,10.981,0.9,10.6827,0.633087,10.6927,0.909384,0.00172917,0.00966972,8.43925e-06,1.66218e-06,0.00108051,0.000487223,0.000542127,0,1
22.606,10.991,0.9,10.6894,0.632759,10.6994,0.909395,0.00199674,0.00968376,8.46897e-06,1.65333e-06,0.00108706,0.000491347,0.000545485,0,1
22.626,11.001,0.9,10.6965,0.63241,10.7065,0.90941,0.00233817,0.0096995,8.50515e-06,1.64297e-06,0.0010941,0.00049574,0.00054885,0,1
22.646,11.011,0.9,10.7035,0.632074,10.7135,0.909351,0.00330991,0.00971464,8.26415e-06,1.49163e-06,0.00106107,0.000477589,0.000537113,0,1
22.666,11.021,0.9,10.7109,0.63172,10.7209,0.909375,0.00278112,0.00973143,8.31897e-06,1.47572e-06,0.00106816,0.000482047,0.000540459,0,1
22.686,11.031,0.9,10.7177,0.631392,10.7278,0.909394,0.00404889,0.00974616,8.36079e-06,1.46261e-06,0.00107482,0.000486252,0.000543813,0,1
22.706,11.041,0.9,10.7249,0.631052,10.735,0.909423,0.0033712,0.00976215,8.42176e-06,1.44398e-06,0.00108184,0.000490661,0.000547175,0,1
22.726,11.051,0.9,10.7324,0.630695,10.7425,0.90935,0.00406029,0.0097795,8.20676e-06,1.29307e-06,0.00105012,0.000473196,0.000535619,0,1
22.746,11.061,0.9,10.7392,0.63038,10.7493,0.909378,0.00455053,0.00979371,8.2601e-06,1.27545e-06,0.00105653,0.000477286,0.000538962,0,1
22.766,11.071,0.9,10.7458,0.630074,10.7559,0.909408,0.00569804,0.00980767,8.31756e-06,1.2561e-06,0.00106292,0.000481368,0.000542314,0,1
22.786,11.081,0.9,10.7529,0.629751,10.763,0.909449,0.00597529,0.00982336,8.39621e-06,1.23107e-06,0.00106981,0.00048572,0.000545673,0,1
22.806,11.091,0.9,10.7603,0.629416,10.7704,0.909492,0.00524632,0.00983999,8.48312e-06,1.20404e-06,0.00107698,0.000490229,0.00054904,0,1
22.826,11.101,0.9,10.7673,0.629093,10.7775,0.909449,0.005302,0.00985539,8.28513e-06,1.04953e-06,0.0010451,0.000472577,0.000537443,0,1
22.846,11.111,0.9,10.7749,0.628745,10.785,0.909489,0.00483866,0.00987292,8.36687e-06,1.02472e-06,0.00105229,0.000477128,0.000540791,0,1
22.866,11.121,0.9,10.7823,0.628401,10.7924,0.909525,0.00446534,0.00988971,8.4385e-06,1.0021e-06,0.00105937,0.000481614,0.000544148,0,1
22.886,11.131,0.9,10.7893,0.628077,10.7994,0.909556,0.0050793,0.00990483,8.49789e-06,9.81871e-07,0.00106612,0.000485901,0.000547512,0,1
22.906,11.141,0.9,10.797,0.627717,10.8072,0.909595,0.00474143,0.00992319,8.57942e-06,9.56958e-07,0.00107371,0.000490651,0.000550884,0,1
22.926,11.151,0.9,10.8047,0.627363,10.8149,0.90953,0.0060508,0.00994136,8.38669e-06,8.0469e-07,0.00104265,0.000473376,0.000539224,0,1
22.946,11.161,0.9,10.8117,0.62705,10.8219,0.909572,0.00658844,0.00995647,8.46358e-06,7.78444e-07,0.00104928,0.000477618,0.000542577,0,1
22.966,11.171,0.9,10.8186,0.626746,10.8287,0.909617,0.00723252,0.00997119,8.54412e-06,7.5035e-07,0.00105587,0.000481833,0.000545939,0,1
22.986,11.181,0.9,10.8253,0.626453,10.8355,0.909666,0.00809896,0.00998537,8.62811e-06,7.20209e-07,0.00106238,0.000486,0.000549308,0,1
23.006,11.191,0.9,10.8322,0.626158,10.8424,0.909722,0.0089088,0.0100002,8.7256e-06,6.85942e-07,0.00106911,0.000490283,0.000552685,0,1
23.026,11.201,0.9,10.8385,0.625892,10.8487,0.909618,0.00988007,0.010013,8.54862e-06,5.24965e-07,0.00103703,0.000472334,0.000540983,0,1
23.046,11.211,0.9,10.846,0.625585,10.8562,0.909691,0.010322,0.0100301,8.68631e-06,4.81224e-07,0.00104412,0.000476857,0.000544342,0,1
23.066,11.221,0.9,10.8525,0.62532,10.8627,0.909758,0.0101135,0.0100433,8.79375e-06,4.41009e-07,0.00105031,0.000480864,0.000547708,0,1
23.086,11.231,0.9,10.8595,0.625034,10.8697,0.909829,0.01093,0.0100585,8.91676e-06,3.98259e-07,0.00105708,0.000485195,0.000551082,0,1
23.106,11.241,0.9,10.8662,0.624762,10.8765,0.909903,0.011487,0.0100729,9.04044e-06,3.53426e-07,0.00106369,0.00048943,0.000554464,0,1
23.126,11.251,0.9,10.8736,0.624464,10.8838,0.909791,0.0101589,0.0100897,8.92205e-06,1.7808e-07,0.00103291,0.000472133,0.000542734,0,1
23.146,11.261,0.9,10.8805,0.624182,10.8908,0.909861,0.0108312,0.0101046,9.04148e-06,1.35688e-07,0.00103948,0.000476374,0.000546097,0,1
23.166,11.271,0.9,10.8876,0.623896,10.8978,0.909937,0.0104068,0.0101199,9.17223e-06,8.98062e-08,0.00104622,0.000480704,0.000549468,0,1
23.186,11.281,0.9,10.8941,0.623625,10.9044,0.910006,0.00936736,0.0101335,9.28086e-06,4.79739e-08,0.00105255,0.000484802,0.000552847,0,1
23.206,11.291,0.9,10.9011,0.623331,10.9113,0.910071,0.00890994,0.0101486,9.39065e-06,7.54526e-09,0.00105934,0.00048915,0.000556234,0,1
23.226,11.301,0.9,10.9084,0.623023,10.9186,0.909995,0.00877827,0.010165,9.22883e-06,-1.57072e-07,0.00102872,0.000471862,0.000544461,0,1
23.246,11.311,0.9,10.9154,0.622725,10.9256,0.910056,0.00829538,0.0101801,9.33161e-06,-1.9501e-07,0.00103534,0.000476147,0.000547829,0,1
23.266,11.321,0.9,10.9231,0.622394,10.9333,0.91012,0.00816419,0.0101982,9.44935e-06,-2.34608e-07,0.00104271,0.000480853,0.000551204,0,1
23.286,11.331,0.9,10.9306,0.622072,10.9408,0.910181,0.00857228,0.0102155,9.55879e-06,-2.73037e-07,0.00104997,0.000485484,0.000554588,0,1
23.306,11.341,0.9,10.9371,0.621792,10.9474,0.910238,0.00898039,0.010229,9.64597e-06,-3.08966e-07,0.00105638,0.000489626,0.000557979,0,1
23.326,11.351,0.9,10.9447,0.621473,10.955,0.910097,0.00915265,0.0102466,9.48935e-06,-4.7424e-07,0.00102621,0.000472508,0.000546145,0,1
23.346,11.361,0.9,10.9519,0.62117,10.9622,0.910163,0.00895272,0.0102626,9.60064e-06,-5.15065e-07,0.00103303,0.000476917,0.000549517,0,1
23.366,11.371,0.9,10.9592,0.620861,10.9694,0.910228,0.00822247,0.0102788,9.71085e-06,-5.55685e-07,0.00103998,0.000481391,0.000552897,0,1
23.386,11.381,0.9,10.9662,0.620561,10.9764,0.910285,0.00869579,0.0102941,9.80427e-06,-5.92511e-07,0.00104675,0.000485757,0.000556285,0,1
23.406,11.391,0.9,10.9729,0.620277,10.9832,0.910344,0.00926449,0.0103082,9.89458e-06,-6.30023e-07,0.00105331,0.000489991,0.000559681,0,1
23.426,11.401,0.9,10.9798,0.619986,10.9901,0.910408,0.00909586,0.0103231,9.9965e-06,-6.70946e-07,0.00106011,0.000494364,0.000563085,0,1
23.446,11.411,0.9,10.987,0.619682,10.9973,0.910328,0.0091965,0.0103392,9.82133e-06,-8.36016e-07,0.00102934,0.000476769,0.00055098,0,1
23.466,11.421,0.9,10.9936,0.619405,11.0039,0.910388,0.00885131,0.0103528,9.9115e-06,-8.74542e-07,0.00103562,0.000480872,0.000554364,0,1
23.486,11.431,0.9,11.0001,0.619127,11.0104,0.910446,0.00819623,0.0103661,9.99613e-06,-9.11791e-07,0.00104191,0.000484973,0.000557756,0,1
23.506,11.441,0.9,11.0064,0.618853,11.0168,0.910498,0.0084796,0.010379,1.00705e-05,-9.46317e-07,0.00104812,0.000489029,0.000561156,0,1
23.526,11.451,0.9,11.014,0.618528,11.0243,0.910353,0.00802545,0.0103965,9.8999e-06,-1.10587e-06,0.00101841,0.000472015,0.000549246,0,1
23.546,11.461,0.9,11.0207,0.618242,11.031,0.910407,0.00850807,0.0104105,9.97921e-06,-1.14085e-06,0.00102474,0.000476165,0.000552626,0,1
23.566,11.471,0.9,11.0278,0.617936,11.0381,0.910467,0.00752557,0.0104261,1.00745e-05,-1.17975e-06,0.00103152,0.000480568,0.000556015,0,1
23.586,11.481,0.9,11.0347,0.617629,11.0451,0.910519,0.00702848,0.0104412,1.01547e-05,-1.21459e-06,0.00103826,0.000484943,0.000559411,0,1
23.606,11.491,0.9,11.0408,0.617356,11.0512,0.910562,0.0062244,0.0104532,1.02104e-05,-1.24428e-06,0.00104421,0.00048886,0.000562816,0,1
23.626,11.501,0.9,11.0481,0.61703,11.0584,0.910503,0.00620555,0.0104693,1.00011e-05,-1.39117e-06,0.00101442,0.000471714,0.000550862,0,1
23.646,11.511,0.9,11.0555,0.616702,11.0658,0.910548,0.00738164,0.0104861,1.00732e-05,-1.42227e-06,0.00102143,0.00047627,0.000554247,0,1
23.666,11.521,0.9,11.0627,0.616387,11.0731,0.910602,0.00788462,0.0105022,1.01561e-05,-1.45769e-06,0.00102834,0.000480762,0.00055764,0,1
23.686,11.531,0.9,11.0699,0.616076,11.0803,0.910659,0.00799831,0.0105182,1.02442e-05,-1.49524e-06,0.00103529,0.000485268,0.000561041,0,1
23.706,11.541,0.9,11.077,0.615769,11.0874,0.910716,0.00913314,0.0105341,1.03327e-05,-1.53339e-06,0.00104229,0.000489794,0.00056445,0,1
23.726,11.551,0.9,11.0836,0.615495,11.094,0.910556,0.00930281,0.0105475,1.01377e-05,-1.68566e-06,0.00101191,0.000472224,0.000552425,0,1
23.746,11.561,0.9,11.0899,0.61523,11.1003,0.910615,0.00991121,0.0105604,1.02185e-05,-1.72455e-06,0.00101795,0.000476228,0.000555814,0,1
23.766,11.571,0.9,11.0967,0.614949,11.1071,0.910683,0.00985352,0.0105748,1.03178e-05,-1.76824e-06,0.00102446,0.000480501,0.000559211,0,1
23.786,11.581,0.9,11.1043,0.614636,11.1147,0.910757,0.0101349,0.0105925,1.04419e-05,-1.81636e-06,0.0010318,0.000485244,0.000562616,0,1
23.806,11.591,0.9,11.1116,0.614335,11.1221,0.910832,0.0102592,0.0106089,1.05591e-05,-1.86434e-06,0.00103893,0.000489857,0.000566029,0,1
23.826,11.601,0.9,11.119,0.614033,11.1294,0.910679,0.0101163,0.0106256,1.04e-05,-2.02357e-06,0.00100955,0.000472791,0.000553956,0,1
23.846,11.611,0.9,11.1257,0.613759,11.1361,0.910747,0.010345,0.0106397,1.04968e-05,-2.06768e-06,0.00101593,0.000476994,0.00055735,0,1
23.866,11.621,0.9,11.133,0.613467,11.1434,0.910822,0.0115345,0.0106559,1.06135e-05,-2.11604e-06,0.00102288,0.000481525,0.000560751,0,1
23.886,11.631,0.9,11.14,0.613185,11.1504,0.910903,0.0106568,0.0106713,1.07364e-05,-2.16818e-06,0.00102969,0.000485967,0.00056416,0,1
23.906,11.641,0.9,11.1467,0.612914,11.1572,0.910975,0.0113067,0.0106855,1.08376e-05,-2.21527e-06,0.00103625,0.000490261,0.000567577,0,1
23.926,11.651,0.9,11.1537,0.612635,11.1641,0.910845,0.010843,0.0107005,1.06721e-05,-2.37493e-06,0.00100663,0.000472974,0.000555449,0,1
23.946,11.661,0.9,11.1609,0.61235,11.1714,0.910924,0.0126251,0.0107168,1.07936e-05,-2.42554e-06,0.00101353,0.000477494,0.000558846,0,1
23.966,11.671,0.9,11.1662,0.61215,11.1766,0.91099,0.013497,0.0107259,1.08643e-05,-2.46945e-06,0.00101856,0.000480913,0.000562251,0,1
23.986,11.681,0.9,11.1721,0.611924,11.1825,0.91107,0.01211,0.0107371,1.09623e-05,-2.52112e-06,0.00102424,0.000484718,0.000565664,0,1
24.006,11.691,0.9,11.1795,0.611627,11.19,0.91116,0.010479,0.0107542,1.11059e-05,-2.57925e-06,0.00103151,0.000489436,0.000569085,0,1
24.026,11.701,0.9,11.1868,0.611329,11.1972,0.91099,0.00998365,0.0107705,1.09371e-05,-2.73547e-06,0.00100246,0.000472413,0.000556935,0,1
24.046,11.711,0.9,11.1934,0.611051,11.2039,0.911056,0.00859753,0.0107844,1.10262e-05,-2.77973e-06,0.00100878,0.000476607,0.000560336,0,1
24.066,11.721,0.9,11.2007,0.610742,11.2112,0.911119,0.00888008,0.0108008,1.1117e-05,-2.82222e-06,0.00101578,0.000481193,0.000563745,0,1
24.086,11.731,0.9,11.2076,0.610452,11.2181,0.91118,0.00876088,0.0108155,1.11986e-05,-2.86391e-06,0.00102242,0.000485558,0.000567162,0,1
24.106,11.741,0.9,11.2145,0.610161,11.225,0.91124,0.00903731,0.0108303,1.12789e-05,-2.90552e-06,0.00102914,0.000489967,0.000570587,0,1
24.126,11.751,0.9,11.2214,0.609869,11.2319,0.911117,0.00881187,0.0108452,1.10802e-05,-3.05198e-06,0.000999892,0.000472748,0.000558379,0,1
24.146,11.761,0.9,11.2284,0.609572,11.2389,0.911179,0.00842906,0.0108605,1.11637e-05,-3.09402e-06,0.00100655,0.000477148,0.000561784,0,1
24.166,11.771,0.9,11.2356,0.609266,11.2461,0.91124,0.00808622,0.0108763,1.12459e-05,-3.13547e-06,0.00101341,0.000481656,0.000565197,0,1
24.186,11.781,0.9,11.2424,0.608971,11.2529,0.911295,0.00772678,0.0108909,1.13157e-05,-3.17439e-06,0.00102003,0.000486022,0.000568618,0,1
24.206,11.791,0.9,11.2499,0.608639,11.2605,0.911353,0.00652413,0.0109084,1.13978e-05,-3.21521e-06,0.0010274,0.000490814,0.000572047,0,1
24.226,11.801,0.9,11.2568,0.608336,11.2674,0.911249,0.00766498,0.0109231,1.11689e-05,-3.34922e-06,0.000998204,0.000473554,0.000559774,0,1
24.246,11.811,0.9,11.2637,0.608045,11.2742,0.911301,0.00921501,0.0109377,1.12328e-05,-3.38639e-06,0.00100471,0.000477869,0.000563182,0,1
24.266,11.821,0.9,11.2709,0.607741,11.2814,0.911368,0.00902508,0.0109539,1.1325e-05,-3.43183e-06,0.00101166,0.000482438,0.000566599,0,1
24.286,11.831,0.9,11.2781,0.60744,11.2886,0.911433,0.00919037,0.0109698,1.14123e-05,-3.47641e-06,0.00101861,0.000486998,0.000570024,0,1
24.306,11.841,0.9,11.2852,0.607143,11.2958,0.911499,0.00980301,0.0109856,1.15005e-05,-3.52185e-06,0.00102561,0.000491577,0.000573456,0,1
24.326,11.851,0.9,11.292,0.60686,11.3026,0.911346,0.00944982,0.0110001,1.13062e-05,-3.6648e-06,0.00099643,0.000474255,0.000561122,0,1
24.346,11.861,0.9,11.299,0.60657,11.3096,0.911412,0.00955252,0.0110153,1.13928e-05,-3.71009e-06,0.0010031,0.000478674,0.000564534,0,1
24.366,11.871,0.9,11.3058,0.606289,11.3164,0.911477,0.0096858,0.0110297,1.14737e-05,-3.75485e-06,0.00100962,0.000482995,0.000567954,0,1
24.386,11.881,0.9,11.3133,0.605971,11.3239,0.91155,0.00817201,0.0110471,1.15785e-05,-3.80461e-06,0.00101695,0.000487779,0.000571382,0,1
24.406,11.891,0.9,11.3206,0.605655,11.3312,0.911609,0.0068718,0.0110634,1.16545e-05,-3.8468e-06,0.00102407,0.000492433,0.000574819,0,1
24.426,11.901,0.9,11.3278,0.605337,11.3384,0.911467,0.00725982,0.0110795,1.14339e-05,-3.97771e-06,0.000995361,0.00047532,0.000562422,0,1
24.446,11.911,0.9,11.3342,0.605059,11.3448,0.911514,0.00786649,0.0110925,1.14803e-05,-4.01227e-06,0.00100147,0.000479408,0.000565837,0,1
24.466,11.921,0.9,11.3417,0.604739,11.3523,0.911572,0.00813009,0.0111095,1.15558e-05,-4.05389e-06,0.00100864,0.000484115,0.000569261,0,1
24.486,11.931,0.9,11.3486,0.604442,11.3592,0.911629,0.00829886,0.0111244,1.16216e-05,-4.09444e-06,0.00101537,0.000488555,0.000572693,0,1
24.506,11.941,0.9,11.3553,0.604158,11.3659,0.911685,0.00997523,0.0111387,1.16849e-05,-4.13513e-06,0.00102201,0.000492931,0.000576132,0,1
24.526,11.951,0.9,11.363,0.603844,11.3736,0.911761,0.0100602,0.0111566,1.17937e-05,-4.18776e-06,0.0010296,0.000497854,0.00057958,0,1
24.546,11.961,0.9,11.37,0.60356,11.3806,0.911723,0.0108026,0.0111717,1.16033e-05,-4.32858e-06,0.00100027,0.000480262,0.000566899,0,1
24.566,11.971,0.9,11.377,0.603276,11.3877,0.911799,0.0110267,0.0111872,1.17029e-05,-4.38065e-06,0.00100709,0.000484764,0.000570326,0,1
24.586,11.981,0.9,11.384,0.602994,11.3946,0.911876,0.0101962,0.0112023,1.18014e-05,-4.43337e-06,0.00101388,0.000489243,0.00057376,0,1
24.606,11.991,0.9,11.3906,0.602726,11.4013,0.911944,0.0114294,0.0112161,1.18796e-05,-4.48108e-06,0.0010204,0.000493554,0.000577203,0,1
24.626,12.001,0.9,11.3974,0.602458,11.4081,0.911845,0.0120695,0.0112306,1.17018e-05,-4.62163e-06,0.000991495,0.000476196,0.000564706,0,1
24.646,12.011,0.9,11.4045,0.602183,11.4152,0.911931,0.0123394,0.0112462,1.18155e-05,-4.67898e-06,0.00099827,0.000480686,0.000568128,0,1
24.666,12.021,0.9,11.4118,0.6019,11.4224,0.912021,0.0120046,0.0112625,1.19393e-05,-4.73916e-06,0.0010053,0.000485317,0.000571557,0,1
24.686,12.031,0.9,11.4187,0.601628,11.4294,0.912104,0.0117366,0.0112775,1.20454e-05,-4.79598e-06,0.00101207,0.000489784,0.000574995,0,1
24.706,12.041,0.9,11.4259,0.601348,11.4366,0.912189,0.0130557,0.0112936,1.2158e-05,-4.85402e-06,0.00101918,0.000494446,0.000578441,0,1
24.726,12.051,0.9,11.4328,0.601084,11.4435,0.912089,0.0126047,0.0113084,1.19961e-05,-4.99962e-06,0.000990397,0.000477097,0.000565884,0,1
24.746,12.061,0.9,11.4399,0.600812,11.4506,0.912178,0.0123274,0.0113238,1.21126e-05,-5.05943e-06,0.000997162,0.000481583,0.000569309,0,1
24.766,12.071,0.9,11.4479,0.600503,11.4586,0.912277,0.0126789,0.0113432,1.22633e-05,-5.12518e-06,0.00100492,0.000486641,0.000572742,0,1
24.786,12.081,0.9,11.455,0.600228,11.4657,0.912367,0.0118957,0.0113587,1.23798e-05,-5.18619e-06,0.00101184,0.000491199,0.000576183,0,1
24.806,12.091,0.9,11.4617,0.599961,11.4723,0.912447,0.0105076,0.0113728,1.24726e-05,-5.24171e-06,0.00101844,0.000495561,0.000579632,0,1
24.826,12.101,0.9,11.4686,0.599676,11.4793,0.912335,0.00994704,0.0113879,1.22788e-05,-5.37679e-06,0.000989783,0.000478225,0.00056701,0,1
24.846,12.111,0.9,11.4762,0.599366,11.4869,0.91241,0.010455,0.0114055,1.23763e-05,-5.42935e-06,0.000997066,0.000483016,0.000570438,0,1
24.866,12.121,0.9,11.4835,0.599074,11.4942,0.912486,0.0111528,0.0114217,1.24696e-05,-5.48252e-06,0.00100411,0.000487655,0.000573874,0,1
24.886,12.131,0.9,11.4905,0.598794,11.5012,0.912564,0.0109582,0.0114369,1.25622e-05,-5.5372e-06,0.00101096,0.000492171,0.000577318,0,1
24.906,12.141,0.9,11.497,0.598533,11.5078,0.912636,0.0117912,0.0114505,1.26394e-05,-5.58885e-06,0.00101747,0.000496481,0.00058077,0,1
24.926,12.151,0.9,11.5046,0.598232,11.5153,0.912541,0.0104799,0.0114679,1.24777e-05,-5.7297e-06,0.000989363,0.000479413,0.000568089,0,1
24.946,12.161,0.9,11.5116,0.597946,11.5224,0.912615,0.0106041,0.0114834,1.25637e-05,-5.78195e-06,0.000996173,0.000483925,0.00057152,0,1
24.966,12.171,0.9,11.5184,0.597676,11.5291,0.912687,0.0113858,0.0114976,1.26406e-05,-5.83302e-06,0.00100272,0.000488277,0.000574959,0,1
24.986,12.181,0.9,11.5253,0.597401,11.5361,0.912766,0.0121821,0.0115127,1.2733e-05,-5.88898e-06,0.00100957,0.000492794,0.000578406,0,1
25.006,12.191,0.9,11.5331,0.597102,11.5439,0.912861,0.0132753,0.0115312,1.28647e-05,-5.95421e-06,0.00101728,0.00049781,0.000581861,0,1
25.026,12.201,0.9,11.5409,0.596809,11.5517,0.91269,0.0136131,0.0115496,1.27297e-05,-6.10086e-06,0.000989435,0.000480834,0.000569113,0,1
25.046,12.211,0.9,11.5486,0.596523,11.5593,0.912795,0.0134663,0.0115676,1.28763e-05,-6.17083e-06,0.000996847,0.000485696,0.000572547,0,1
25.066,12.221,0.9,11.5555,0.596263,11.5663,0.912888,0.0135125,0.0115825,1.29892e-05,-6.23491e-06,0.00100361,0.000490168,0.000575988,0,1
25.086,12.231,0.9,11.5622,0.596013,11.5729,0.912978,0.0133484,0.0115964,1.3091e-05,-6.29737e-06,0.00101016,0.000494507,0.000579438,0,1
25.106,12.241,0.9,11.5694,0.595745,11.5801,0.913074,0.0144957,0.0116125,1.32125e-05,-6.36403e-06,0.00101735,0.000499208,0.000582896,0,1
25.126,12.251,0.9,11.5764,0.595488,11.5872,0.913177,0.0147322,0.011628,1.33397e-05,-6.43446e-06,0.00102442,0.000503837,0.000586362,0,1
25.146,12.261,0.9,11.5845,0.595194,11.5953,0.912973,0.0142796,0.0116477,1.32268e-05,-6.59067e-06,0.000996382,0.000486644,0.000573318,0,1
25.166,12.271,0.9,11.5919,0.594923,11.6026,0.913078,0.013621,0.0116643,1.33643e-05,-6.66195e-06,0.00100358,0.000491366,0.000576762,0,1
25.186,12.281,0.9,11.5988,0.594667,11.6095,0.913173,0.0140042,0.0116792,1.34738e-05,-6.72728e-06,0.00101039,0.000495856,0.000580214,0,1
25.206,12.291,0.9,11.6061,0.594395,11.6169,0.913275,0.013205,0.0116956,1.36035e-05,-6.79782e-06,0.00101767,0.000500608,0.000583674,0,1
25.226,12.301,0.9,11.6133,0.594117,11.6241,0.913079,0.0116484,0.0117118,1.34297e-05,-6.93824e-06,0.000989249,0.000483194,0.000570797,0,1
25.246,12.311,0.9,11.62,0.593854,11.6308,0.913156,0.0103716,0.0117257,1.35072e-05,-6.99377e-06,0.000995697,0.000487486,0.000574235,0,1
25.266,12.321,0.9,11.6262,0.593596,11.637,0.913221,0.008792,0.0117382,1.35612e-05,-7.04255e-06,0.00100184,0.000491594,0.000577682,0,1
25.286,12.331,0.9,11.6335,0.59329,11.6443,0.913285,0.00889404,0.0117547,1.36225e-05,-7.09113e-06,0.00100906,0.000496327,0.000581136,0,1
25.306,12.341,0.9,11.6412,0.59297,11.652,0.913353,0.00861922,0.0117725,1.36926e-05,-7.14211e-06,0.00101668,0.000501281,0.000584598,0,1
25.326,12.351,0.9,11.6481,0.592679,11.659,0.913172,0.00928272,0.0117875,1.34548e-05,-7.25852e-06,0.000988015,0.000483675,0.000571676,0,1
25.346,12.361,0.9,11.655,0.592395,11.6659,0.913237,0.00959955,0.0118024,1.35115e-05,-7.30687e-06,0.000994737,0.000488132,0.000575117,0,1
25.366,12.371,0.9,11.6618,0.592117,11.6726,0.913302,0.00962002,0.0118168,1.35677e-05,-7.35595e-06,0.00100138,0.000492533,0.000578565,0,1
25.386,12.381,0.9,11.6687,0.591832,11.6796,0.913368,0.0091075,0.0118317,1.3627e-05,-7.40617e-06,0.00100822,0.000497045,0.000582022,0,1
25.406,12.391,0.9,11.6755,0.59155,11.6864,0.91343,0.00952128,0.0118461,1.36773e-05,-7.45403e-06,0.00101502,0.000501522,0.000585487,0,1
25.426,12.401,0.9,11.6826,0.591253,11.6935,0.913242,0.00782751,0.0118617,1.34562e-05,-7.5696e-06,0.000986568,0.000483997,0.000572532,0,1
25.446,12.411,0.9,11.6903,0.590923,11.7011,0.913302,0.00681082,0.0118795,1.35087e-05,-7.61576e-06,0.000994003,0.000488876,0.000575975,0,1
25.466,12.421,0.9,11.6976,0.590603,11.7085,0.913352,0.00697609,0.0118961,1.35411e-05,-7.65652e-06,0.00100122,0.000493613,0.000579426,0,1
25.486,12.431,0.9,11.704,0.590324,11.7149,0.913397,0.00735985,0.0119092,1.35607e-05,-7.69448e-06,0.00100759,0.000497851,0.000582885,0,1
25.506,12.441,0.9,11.7113,0.590004,11.7222,0.913451,0.00621718,0.0119256,1.35984e-05,-7.73783e-06,0.0010149,0.000502625,0.000586352,0,1
25.526,12.451,0.9,11.7177,0.589719,11.7286,0.913296,0.00537852,0.0119386,1.33337e-05,-7.83264e-06,0.000985761,0.000484649,0.000573342,0,1
25.546,12.461,0.9,11.7246,0.589406,11.7355,0.913333,0.00530953,0.0119535,1.33417e-05,-7.86614e-06,0.000992517,0.000489131,0.000576787,0,1
25.566,12.471,0.9,11.7314,0.589102,11.7423,0.913369,0.00565918,0.0119678,1.33465e-05,-7.89891e-06,0.000999139,0.000493526,0.00058024,0,1
25.586,12.481,0.9,11.7389,0.588764,11.7499,0.913412,0.00591059,0.0119853,1.33646e-05,-7.93594e-06,0.00100665,0.000498434,0.000583702,0,1
25.606,12.491,0.9,11.7462,0.58844,11.7571,0.913454,0.00546689,0.0120014,1.33808e-05,-7.97303e-06,0.00101388,0.000503164,0.000587171,0,1
25.626,12.501,0.9,11.7526,0.588154,11.7635,0.913313,0.00680455,0.0120146,1.31178e-05,-8.05876e-06,0.000984854,0.000485211,0.000574121,0,1
25.646,12.511,0.9,11.7594,0.587857,11.7703,0.913359,0.0067681,0.0120289,1.31385e-05,-8.09754e-06,0.000991467,0.00048961,0.000577569,0,1
25.666,12.521,0.9,11.7659,0.587571,11.7768,0.913404,0.00625497,0.0120423,1.31546e-05,-8.13533e-06,0.000997878,0.000493883,0.000581024,0,1
25.686,12.531,0.9,11.7725,0.587282,11.7834,0.913445,0.00670746,0.012056,1.31657e-05,-8.17157e-06,0.0010044,0.000498217,0.000584488,0,1
25.706,12.541,0.9,11.7795,0.586971,11.7905,0.913492,0.0063503,0.0120714,1.31879e-05,-8.21162e-06,0.00101147,0.000502862,0.000587959,0,1
25.726,12.551,0.9,11.7868,0.58665,11.7978,0.91332,0.00641885,0.0120878,1.29516e-05,-8.29677e-06,0.000983384,0.00048542,0.000574894,0,1
25.746,12.561,0.9,11.7941,0.586326,11.8051,0.913367,0.00565997,0.0121042,1.29736e-05,-8.33623e-06,0.00099052,0.000490131,0.000578344,0,1
25.766,12.571,0.9,11.8008,0.586023,11.8117,0.913405,0.00385234,0.0121181,1.2978e-05,-8.37044e-06,0.000997057,0.00049448,0.000581801,0,1
25.786,12.581,0.9,11.8079,0.585688,11.8189,0.913432,0.00328717,0.0121339,1.29653e-05,-8.39895e-06,0.00100415,0.00049915,0.000585267,0,1
25.806,12.591,0.9,11.8152,0.585341,11.8262,0.913456,0.00232345,0.0121502,1.29458e-05,-8.42548e-06,0.00101146,0.000503932,0.000588741,0,1
25.826,12.601,0.9,11.822,0.585011,11.833,0.913303,0.00237513,0.0121649,1.26678e-05,-8.48721e-06,0.000982949,0.000486198,0.000575623,0,1
25.846,12.611,0.9,11.8287,0.584693,11.8397,0.913319,0.00308617,0.0121788,1.26365e-05,-8.50886e-06,0.000989453,0.000490537,0.000579075,0,1
25.866,12.621,0.9,11.8355,0.584372,11.8465,0.91334,0.00286381,0.0121932,1.26128e-05,-8.53353e-06,0.000996128,0.000494969,0.000582535,0,1
25.886,12.631,0.9,11.8434,0.583993,11.8544,0.913363,0.00298752,0.0122124,1.25885e-05,-8.55942e-06,0.00100406,0.000500131,0.000586002,0,1
25.906,12.641,0.9,11.8505,0.583657,11.8615,0.913384,0.00279677,0.0122279,1.25636e-05,-8.58436e-06,0.00101115,0.000504787,0.000589478,0,1
25.926,12.651,0.9,11.857,0.583348,11.868,0.913271,0.00372384,0.0122414,1.23031e-05,-8.63985e-06,0.000982341,0.000486834,0.000576315,0,1
25.946,12.661,0.9,11.8644,0.583008,11.8754,0.913298,0.0051233,0.0122581,1.22881e-05,-8.66831e-06,0.000989556,0.000491591,0.000579769,0,1
25.966,12.671,0.9,11.8716,0.582678,11.8826,0.913335,0.00410265,0.0122741,1.22894e-05,-8.70234e-06,0.000996662,0.000496273,0.000583231,0,1
25.986,12.681,0.9,11.8789,0.582337,11.89,0.913365,0.00399487,0.0122907,1.22785e-05,-8.73262e-06,0.001004,0.000501079,0.000586701,0,1
26.006,12.691,0.9,11.8851,0.58205,11.8961,0.91339,0.00397816,0.0123028,1.22607e-05,-8.75976e-06,0.0010102,0.000505217,0.000590179,0,1
26.026,12.701,0.9,11.8929,0.581692,11.9039,0.913229,0.00501436,0.0123212,1.20279e-05,-8.8153e-06,0.000982637,0.000487963,0.000576983,0,1
26.046,12.711,0.9,11.8996,0.581385,11.9107,0.913263,0.00469459,0.0123354,1.2023e-05,-8.8475e-06,0.00098923,0.000492351,0.000580438,0,1
26.066,12.721,0.9,11.9061,0.581085,11.9172,0.913294,0.00423651,0.0123488,1.20131e-05,-8.87805e-06,0.000995683,0.000496651,0.000583902,0,1
26.086,12.731,0.9,11.913,0.580772,11.924,0.913323,0.00570284,0.0123635,1.19998e-05,-8.90779e-06,0.00100252,0.000501171,0.000587374,0,1
26.106,12.741,0.9,11.92,0.580458,11.9311,0.913363,0.00590163,0.0123788,1.20043e-05,-8.94414e-06,0.0010096,0.000505821,0.000590854,0,1
26.126,12.751,0.9,11.9259,0.580194,11.937,0.913239,0.00615509,0.0123902,1.17891e-05,-8.99572e-06,0.000980258,0.000487481,0.000577621,0,1
26.146,12.761,0.9,11.9328,0.579893,11.9439,0.913282,0.00708541,0.0124049,1.17971e-05,-9.033e-06,0.000986989,0.000491957,0.000581079,0,1
26.166,12.771,0.9,11.9398,0.579589,11.9509,0.913331,0.00725952,0.0124201,1.18173e-05,-9.07476e-06,0.000993919,0.000496543,0.000584544,0,1
26.186,12.781,0.9,11.946,0.57932,11.9571,0.913377,0.00729495,0.0124325,1.18277e-05,-9.11409e-06,0.00100012,0.000500696,0.000588018,0,1
26.206,12.791,0.9,11.953,0.579013,11.9641,0.913428,0.00629048,0.0124478,1.18495e-05,-9.15718e-06,0.00100719,0.000505347,0.0005915,0,1
26.226,12.801,0.9,11.9595,0.578727,11.9706,0.913272,0.00601857,0.012461,1.16491e-05,-9.20611e-06,0.00097851,0.000487364,0.000578261,0,1
26.246,12.811,0.9,11.9667,0.578406,11.9778,0.913316,0.00593509,0.0124771,1.16581e-05,-9.24424e-06,0.00098558,0.000492045,0.00058172,0,1
26.266,12.821,0.9,11.9737,0.578095,11.9849,0.913358,0.00698752,0.0124925,1.16637e-05,-9.28163e-06,0.000992555,0.000496661,0.000585187,0,1
26.286,12.831,0.9,11.9804,0.577801,11.9916,0.913405,0.00585507,0.0125065,1.16762e-05,-9.32204e-06,0.000999227,0.000501092,0.000588663,0,1
26.306,12.841,0.9,11.9878,0.577469,11.999,0.913448,0.00542636,0.0125233,1.16837e-05,-9.36063e-06,0.00100667,0.000505968,0.000592146,0,1
26.326,12.851,0.9,11.9945,0.577165,12.0057,0.913484,0.00523359,0.0125375,1.1679e-05,-9.39538e-06,0.00101352,0.000510482,0.000595638,0,1
26.346,12.861,0.9,12.0015,0.576851,12.0127,0.913322,0.00613616,0.0125528,1.14777e-05,-9.43658e-06,0.000984945,0.000492474,0.000582134,0,1
26.366,12.871,0.9,12.0089,0.576525,12.0201,0.913367,0.00592827,0.0125694,1.14879e-05,-9.47601e-06,0.000992224,0.000497269,0.000585603,0,1
26.386,12.881,0.9,12.0159,0.576215,12.027,0.913408,0.00594503,0.0125845,1.14905e-05,-9.51335e-06,0.000999175,0.000501861,0.00058908,0,1
26.406,12.891,0.9,12.0223,0.575926,12.0335,0.913447,0.00578835,0.0125977,1.14881e-05,-9.54923e-06,0.0010057,0.000506196,0.000592564,0,1
26.426,12.901,0.9,12.0291,0.575625,12.0403,0.913294,0.00643816,0.0126122,1.12992e-05,-9.58624e-06,0.000977417,0.000488382,0.00057927,0,1
26.446,12.911,0.9,12.0359,0.575329,12.0471,0.913338,0.00732538,0.0126266,1.13055e-05,-9.62484e-06,0.000984089,0.000492829,0.000582733,0,1
26.466,12.921,0.9,12.0433,0.57501,12.0545,0.913392,0.00714767,0.0126434,1.13305e-05,-9.66971e-06,0.000991418,0.000497654,0.000586203,0,1
26.486,12.931,0.9,12.0503,0.574709,12.0615,0.913442,0.00780911,0.0126587,1.13465e-05,-9.71237e-06,0.000998419,0.000502278,0.000589681,0,1
26.506,12.941,0.9,12.0572,0.574415,12.0684,0.913496,0.00742441,0.0126734,1.13675e-05,-9.75736e-06,0.00100535,0.000506851,0.000593168,0,1
26.526,12.951,0.9,12.0646,0.574091,12.0759,0.913356,0.00645321,0.0126904,1.12117e-05,-9.79854e-06,0.000977713,0.000489383,0.000579838,0,1
26.546,12.961,0.9,12.0718,0.573776,12.0831,0.913402,0.00671748,0.0127064,1.12217e-05,-9.83892e-06,0.000984805,0.000494075,0.000583302,0,1
26.566,12.971,0.9,12.0795,0.573441,12.0907,0.913454,0.00664302,0.0127243,1.12408e-05,-9.88234e-06,0.000992407,0.000499055,0.000586774,0,1
26.586,12.981,0.9,12.0867,0.573126,12.098,0.913502,0.00704591,0.0127405,1.12525e-05,-9.92405e-06,0.000999674,0.000503828,0.000590254,0,1
26.606,12.991,0.9,12.0933,0.572836,12.1046,0.913548,0.00615682,0.0127543,1.12601e-05,-9.96506e-06,0.00100637,0.000508258,0.000593743,0,1
26.626,13.001,0.9,12.1004,0.572523,12.1116,0.913351,0.00559428,0.0127696,1.1087e-05,-9.99486e-06,0.000978254,0.000490475,0.000580357,0,1
26.646,13.011,0.9,12.1074,0.572204,12.1187,0.91339,0.00429013,0.012785,1.10832e-05,-1.00312e-05,0.000985194,0.000495072,0.000583823,0,1
26.666,13.021,0.9,12.1143,0.57189,12.1256,0.91342,0.00539244,0.0127999,1.10628e-05,-1.0062e-05,0.000992058,0.000499618,0.000587296,0,1
26.686,13.031,0.9,12.1212,0.571587,12.1324,0.913457,0.0068658,0.0128146,1.10542e-05,-1.00973e-05,0.000998943,0.000504167,0.000590778,0,1
26.706,13.041,0.9,12.1282,0.571283,12.1395,0.913505,0.00725917,0.0128299,1.1064e-05,-1.01394e-05,0.00100606,0.000508845,0.000594268,0,1
26.726,13.051,0.9,12.135,0.570995,12.1463,0.913555,0.00863006,0.0128443,1.10743e-05,-1.01823e-05,0.001013,0.000513408,0.000597766,0,1
26.746,13.061,0.9,12.142,0.570698,12.1533,0.913615,0.00828692,0.0128596,1.11038e-05,-1.02323e-05,0.00102026,0.000518152,0.000601272,0,1
26.766,13.071,0.9,12.1488,0.570413,12.1601,0.913439,0.00987219,0.0128742,1.09565e-05,-1.02645e-05,0.000991024,0.000499576,0.000587386,0,1
26.786,13.081,0.9,12.1557,0.570134,12.167,0.913507,0.0108866,0.012889,1.09977e-05,-1.03182e-05,0.000997948,0.000504149,0.000590868,0,1
26.806,13.091,0.9,12.1622,0.569871,12.1735,0.913578,0.00959926,0.0129022,1.10386e-05,-1.03735e-05,0.00100448,0.000508487,0.000594359,0,1
26.826,13.101,0.9,12.1694,0.569572,12.1807,0.913417,0.00923837,0.0129184,1.09207e-05,-1.04088e-05,0.000976672,0.000490835,0.000580949,0,1
26.846,13.111,0.9,12.1763,0.569288,12.1876,0.913481,0.0100764,0.0129332,1.09544e-05,-1.04597e-05,0.000983481,0.000495357,0.000584416,0,1
26.866,13.121,0.9,12.1841,0.568971,12.1955,0.913559,0.0103458,0.0129518,1.10206e-05,-1.05196e-05,0.000991273,0.000500447,0.000587892,0,1
26.886,13.131,0.9,12.1914,0.568676,12.2028,0.913635,0.0102179,0.0129682,1.10752e-05,-1.05779e-05,0.000998606,0.000505255,0.000591376,0,1
26.906,13.141,0.9,12.1983,0.568399,12.2097,0.913705,0.0109786,0.012983,1.11177e-05,-1.06335e-05,0.0010056,0.000509859,0.000594868,0,1
26.926,13.151,0.9,12.2049,0.568135,12.2163,0.9135,0.0105016,0.0129967,1.09996e-05,-1.06677e-05,0.000977075,0.000491754,0.000581405,0,1
26.946,13.161,0.9,12.2117,0.567864,12.2231,0.913572,0.0109571,0.0130112,1.10438e-05,-1.07233e-05,0.000983811,0.00049623,0.000584874,0,1
26.966,13.171,0.9,12.219,0.567576,12.2304,0.913651,0.0110677,0.0130275,1.11045e-05,-1.0784e-05,0.000991063,0.000501,0.000588351,0,1
26.986,13.181,0.9,12.2263,0.567286,12.2376,0.913732,0.0108041,0.0130439,1.11662e-05,-1.08456e-05,0.000998401,0.000505811,0.000591836,0,1
27.006,13.191,0.9,12.2327,0.567036,12.244,0.913801,0.012272,0.0130568,1.12015e-05,-1.09007e-05,0.0010049,0.000510123,0.00059533,0,1
27.026,13.201,0.9,12.2398,0.566761,12.2512,0.913591,0.0119703,0.0130726,1.11129e-05,-1.09405e-05,0.000976952,0.000492335,0.000581846,0,1
27.046,13.211,0.9,12.2463,0.56651,12.2577,0.913669,0.0118076,0.0130859,1.11624e-05,-1.09999e-05,0.000983371,0.000496624,0.000585316,0,1
27.066,13.221,0.9,12.2533,0.566242,12.2647,0.913752,0.012582,0.0131012,1.12239e-05,-1.10627e-05,0.000990364,0.000501243,0.000588795,0,1
27.086,13.231,0.9,12.2602,0.565983,12.2716,0.913839,0.0131731,0.013116,1.12902e-05,-1.11281e-05,0.000997311,0.000505827,0.000592282,0,1
27.106,13.241,0.9,12.2668,0.56574,12.2782,0.913926,0.014417,0.0131297,1.13527e-05,-1.1194e-05,0.00100401,0.000510262,0.000595776,0,1
27.126,13.251,0.9,12.2737,0.565487,12.2851,0.913712,0.0134288,0.0131446,1.12804e-05,-1.12383e-05,0.000975907,0.000492354,0.000582275,0,1
27.146,13.261,0.9,12.2797,0.565268,12.2911,0.913792,0.0134218,0.013156,1.13263e-05,-1.12992e-05,0.00098177,0.000496318,0.000585747,0,1
27.166,13.271,0.9,12.2862,0.56503,12.2976,0.91388,0.0144773,0.0131695,1.13895e-05,-1.13652e-05,0.000988295,0.000500668,0.000589227,0,1
27.186,13.281,0.9,12.2931,0.56478,12.3045,0.91398,0.013857,0.0131844,1.14759e-05,-1.14388e-05,0.000995254,0.000505265,0.000592715,0,1
27.206,13.291,0.9,12.3005,0.564509,12.312,0.914083,0.0140215,0.0132013,1.15733e-05,-1.15146e-05,0.0010028,0.000510199,0.000596211,0,1
27.226,13.301,0.9,12.308,0.564239,12.3195,0.913888,0.0141766,0.0132185,1.15132e-05,-1.15596e-05,0.000975308,0.000492628,0.000582699,0,1
27.246,13.311,0.9,12.315,0.563992,12.3265,0.913987,0.0154027,0.0132337,1.15985e-05,-1.16322e-05,0.000982232,0.000497216,0.000586172,0,1
27.266,13.321,0.9,12.3219,0.563755,12.3333,0.914093,0.0159832,0.0132484,1.16921e-05,-1.17091e-05,0.000989096,0.00050176,0.000589653,0,1
27.286,13.331,0.9,12.329,0.563511,12.3404,0.914206,0.0155339,0.0132641,1.18012e-05,-1.1791e-05,0.00099626,0.000506472,0.000593143,0,1
27.306,13.341,0.9,12.3359,0.563275,12.3473,0.914313,0.0164601,0.0132788,1.18949e-05,-1.18695e-05,0.00100327,0.000511086,0.00059664,0,1
27.326,13.351,0.9,12.3429,0.563034,12.3544,0.914062,0.0152847,0.0132943,1.18407e-05,-1.19199e-05,0.000975306,0.000493214,0.000583091,0,1
27.346,13.361,0.9,12.35,0.562791,12.3615,0.91417,0.0157997,0.0133097,1.19392e-05,-1.1998e-05,0.000982307,0.000497846,0.000586565,0,1
27.366,13.371,0.9,12.3562,0.562579,12.3676,0.914267,0.0152146,0.0133218,1.20077e-05,-1.20702e-05,0.000988463,0.000501975,0.000590048,0,1
27.386,13.381,0.9,12.363,0.562341,12.3745,0.914372,0.0150925,0.0133365,1.20954e-05,-1.21471e-05,0.000995384,0.000506546,0.000593538,0,1
27.406,13.391,0.9,12.37,0.562096,12.3815,0.914477,0.0147239,0.0133517,1.21855e-05,-1.2225e-05,0.0010025,0.000511221,0.000597037,0,1
27.426,13.401,0.9,12.3766,0.561867,12.388,0.914219,0.0151356,0.0133652,1.20879e-05,-1.22627e-05,0.000974083,0.000493063,0.000583472,0,1
27.446,13.411,0.9,12.3839,0.561608,12.3954,0.91433,0.0137821,0.0133818,1.21937e-05,-1.2343e-05,0.000981362,0.000497862,0.000586948,0,1
27.466,13.421,0.9,12.392,0.56132,12.4035,0.914442,0.014687,0.0134017,1.23113e-05,-1.24241e-05,0.000989489,0.000503147,0.000590432,0,1
27.486,13.431,0.9,12.399,0.561076,12.4105,0.914546,0.0154038,0.0134171,1.23972e-05,-1.25008e-05,0.000996609,0.000507829,0.000593924,0,1
27.506,13.441,0.9,12.4062,0.560828,12.4177,0.914656,0.0149743,0.0134329,1.24954e-05,-1.25819e-05,0.00100392,0.000512613,0.000597424,0,1
27.526,13.451,0.9,12.4129,0.560594,12.4244,0.914403,0.0136557,0.0134468,1.23972e-05,-1.26204e-05,0.000975492,0.000494423,0.000583809,0,1
27.546,13.461,0.9,12.4203,0.560331,12.4318,0.914505,0.0144266,0.0134637,1.2484e-05,-1.26953e-05,0.000982873,0.000499274,0.000587286,0,1
27.566,13.471,0.9,12.4274,0.560083,12.4389,0.914608,0.0152223,0.0134795,1.25693e-05,-1.27717e-05,0.000990045,0.000503992,0.000590771,0,1
27.586,13.481,0.9,12.4349,0.559826,12.4464,0.914722,0.015044,0.0134966,1.26759e-05,-1.28547e-05,0.000997602,0.000508925,0.000594264,0,1
27.606,13.491,0.9,12.4414,0.559604,12.4529,0.91482,0.0160538,0.0135101,1.27441e-05,-1.29291e-05,0.00100429,0.000513343,0.000597765,0,1
27.626,13.501,0.9,12.4487,0.559356,12.4602,0.914568,0.0146504,0.0135263,1.26783e-05,-1.29756e-05,0.000976451,0.000495478,0.00058412,0,1
27.646,13.511,0.9,12.4564,0.559091,12.4679,0.91468,0.014629,0.0135443,1.27855e-05,-1.30573e-05,0.000984094,0.000500476,0.000587598,0,1
27.666,13.521,0.9,12.4633,0.558852,12.4748,0.914781,0.014646,0.0135591,1.28612e-05,-1.31327e-05,0.000991027,0.000505049,0.000591084,0,1
27.686,13.531,0.9,12.4702,0.558613,12.4817,0.914882,0.0146983,0.013574,1.29364e-05,-1.32086e-05,0.000998033,0.000509657,0.000594579,0,1
27.706,13.541,0.9,12.4773,0.558364,12.4889,0.914988,0.0147003,0.0135899,1.30215e-05,-1.32876e-05,0.00100539,0.00051446,0.000598081,0,1
27.726,13.551,0.9,12.4839,0.558137,12.4955,0.914723,0.0148125,0.0136036,1.29095e-05,-1.33214e-05,0.000976804,0.000496136,0.000584396,0,1
27.746,13.561,0.9,12.4915,0.557875,12.5031,0.914835,0.0143286,0.0136212,1.3013e-05,-1.34034e-05,0.000984377,0.000501091,0.000587875,0,1
27.766,13.571,0.9,12.4978,0.557656,12.5094,0.914926,0.0142926,0.0136338,1.30634e-05,-1.34729e-05,0.000990712,0.000505313,0.000591362,0,1
27.786,13.581,0.9,12.5049,0.557406,12.5164,0.915027,0.0129428,0.0136492,1.31378e-05,-1.3549e-05,0.000997884,0.000510017,0.000594858,0,1
27.806,13.591,0.9,12.512,0.557147,12.5235,0.915119,0.0126993,0.0136649,1.31967e-05,-1.36203e-05,0.00100517,0.00051478,0.000598361,0,1
27.826,13.601,0.9,12.5193,0.556882,12.5308,0.914902,0.0127123,0.0136813,1.30825e-05,-1.3649e-05,0.000977307,0.000496862,0.000584659,0,1
27.846,13.611,0.9,12.5262,0.55663,12.5378,0.914991,0.0123583,0.0136963,1.3134e-05,-1.37171e-05,0.000984236,0.000501438,0.000588139,0,1
27.866,13.621,0.9,12.5335,0.556367,12.545,0.91508,0.0129868,0.0137125,1.31897e-05,-1.37865e-05,0.000991547,0.000506228,0.000591627,0,1
27.886,13.631,0.9,12.5404,0.556113,12.552,0.915171,0.0120613,0.0137277,1.32436e-05,-1.38568e-05,0.000998641,0.000510883,0.000595124,0,1
27.906,13.641,0.9,12.5474,0.55585,12.559,0.915255,0.0103357,0.0137428,1.32859e-05,-1.39236e-05,0.0010058,0.000515567,0.000598628,0,1
27.926,13.651,0.9,12.5544,0.555581,12.566,0.915034,0.0105248,0.0137579,1.31345e-05,-1.39371e-05,0.000977562,0.000497415,0.000584897,0,1
27.946,13.661,0.9,12.562,0.555292,12.5736,0.915113,0.010451,0.0137754,1.31733e-05,-1.40004e-05,0.000985126,0.000502359,0.000588378,0,1
27.966,13.671,0.9,12.5689,0.555027,12.5805,0.915186,0.0103834,0.0137903,1.31951e-05,-1.40597e-05,0.000992087,0.000506942,0.000591867,0,1
27.986,13.681,0.9,12.5757,0.554766,12.5873,0.915256,0.0106309,0.0138048,1.32137e-05,-1.41184e-05,0.000999029,0.000511505,0.000595364,0,1
28.006,13.691,0.9,12.5827,0.554496,12.5943,0.915332,0.0105232,0.0138203,1.32399e-05,-1.41802e-05,0.0010063,0.000516254,0.00059887,0,1
28.026,13.701,0.9,12.5895,0.554237,12.6011,0.915067,0.01066,0.0138346,1.30893e-05,-1.41885e-05,0.000977816,0.000497939,0.000585112,0,1
28.046,13.711,0.9,12.5965,0.553971,12.6082,0.915142,0.0106872,0.01385,1.31155e-05,-1.42493e-05,0.000984856,0.000502575,0.000588594,0,1
28.066,13.721,0.9,12.6032,0.55372,12.6148,0.915213,0.0112791,0.0138639,1.31334e-05,-1.43082e-05,0.000991583,0.000507022,0.000592084,0,1
28.086,13.731,0.9,12.6101,0.553465,12.6217,0.915291,0.0122497,0.0138788,1.31624e-05,-1.43714e-05,0.000998623,0.000511643,0.000595582,0,1
28.106,13.741,0.9,12.616,0.553254,12.6277,0.915363,0.0136397,0.0138901,1.31781e-05,-1.44317e-05,0.0010047,0.000515701,0.000599089,0,1
28.126,13.751,0.9,12.6234,0.552997,12.635,0.915104,0.0131618,0.0139066,1.30825e-05,-1.44512e-05,0.000976859,0.000497751,0.00058534,0,1
28.146,13.761,0.9,12.6299,0.552767,12.6415,0.91519,0.0130536,0.01392,1.31217e-05,-1.45186e-05,0.000983383,0.000502088,0.000588822,0,1
28.166,13.771,0.9,12.6367,0.552523,12.6484,0.915279,0.0126157,0.0139346,1.31677e-05,-1.45884e-05,0.000990282,0.000506639,0.000592313,0,1
28.186,13.781,0.9,12.6432,0.552294,12.6548,0.91536,0.0130397,0.0139477,1.31978e-05,-1.46538e-05,0.00099684,0.000510985,0.000595813,0,1
28.206,13.791,0.9,12.6497,0.552058,12.6614,0.915446,0.0118504,0.0139613,1.32343e-05,-1.47221e-05,0.00100358,0.000515429,0.00059932,0,1
28.226,13.801,0.9,12.6565,0.551806,12.6682,0.915156,0.0107076,0.0139757,1.31035e-05,-1.47266e-05,0.000975279,0.000497199,0.000585572,0,1
28.246,13.811,0.9,12.6633,0.551548,12.675,0.915229,0.00996628,0.0139902,1.31217e-05,-1.47866e-05,0.000982083,0.000501706,0.000589055,0,1
28.266,13.821,0.9,12.6698,0.551299,12.6814,0.915293,0.00943513,0.0140034,1.31251e-05,-1.48419e-05,0.000988601,0.000506039,0.000592547,0,1
28.286,13.831,0.9,12.6766,0.551033,12.6883,0.915358,0.00945168,0.0140181,1.31288e-05,-1.48977e-05,0.000995575,0.000510633,0.000596047,0,1
28.306,13.841,0.9,12.6837,0.550761,12.6954,0.915425,0.0102991,0.0140336,1.31354e-05,-1.4955e-05,0.00100283,0.000515381,0.000599556,0,1
28.326,13.851,0.9,12.6908,0.550489,12.7025,0.915189,0.00926778,0.0140492,1.29984e-05,-1.495e-05,0.000974871,0.000497336,0.000585802,0,1
28.346,13.861,0.9,12.6976,0.55023,12.7092,0.915252,0.0103544,0.0140635,1.29984e-05,-1.50041e-05,0.000981629,0.000501817,0.000589286,0,1
28.366,13.871,0.9,12.7045,0.549964,12.7162,0.915324,0.00875569,0.0140784,1.30125e-05,-1.50638e-05,0.000988598,0.000506414,0.000592779,0,1
28.386,13.881,0.9,12.7113,0.549697,12.723,0.915384,0.00942016,0.0140931,1.30071e-05,-1.5117e-05,0.000995582,0.000511013,0.00059628,0,1
28.406,13.891,0.9,12.7187,0.549412,12.7304,0.915453,0.00991615,0.0141099,1.30177e-05,-1.51761e-05,0.00100318,0.00051596,0.00059979,0,1
28.426,13.901,0.9,12.7254,0.549153,12.7371,0.91552,0.00897357,0.0141239,1.30207e-05,-1.52335e-05,0.00101011,0.00052051,0.000603307,0,1
28.446,13.911,0.9,12.7327,0.54887,12.7444,0.915313,0.0090152,0.0141402,1.2875e-05,-1.52185e-05,0.000981847,0.000502215,0.000589296,0,1
28.466,13.921,0.9,12.7394,0.548612,12.7511,0.915373,0.00952089,0.0141541,1.2869e-05,-1.52715e-05,0.000988584,0.000506675,0.00059279,0,1
28.486,13.931,0.9,12.7459,0.548362,12.7576,0.915435,0.00987748,0.0141675,1.28652e-05,-1.53259e-05,0.000995214,0.000511065,0.000596291,0,1
28.506,13.941,0.9,12.7527,0.548102,12.7645,0.915503,0.0105221,0.0141823,1.28704e-05,-1.53841e-05,0.00100227,0.000515701,0.000599801,0,1
28.526,13.951,0.9,12.7597,0.547839,12.7714,0.915315,0.00988483,0.0141974,1.27447e-05,-1.53689e-05,0.000974223,0.000497579,0.000586031,0,1
28.546,13.961,0.9,12.7667,0.547575,12.7785,0.915384,0.0102737,0.0142127,1.2753e-05,-1.54271e-05,0.000981231,0.000502206,0.000589517,0,1
28.566,13.971,0.9,12.7737,0.547316,12.7854,0.915456,0.0110531,0.0142277,1.27641e-05,-1.5487e-05,0.000988254,0.000506833,0.000593011,0,1
28.586,13.981,0.9,12.7802,0.547078,12.792,0.915528,0.0118794,0.0142412,1.27747e-05,-1.55476e-05,0.000994908,0.000511238,0.000596514,0,1
28.606,13.991,0.9,12.787,0.546833,12.7987,0.915608,0.0111293,0.0142554,1.27976e-05,-1.56132e-05,0.00100183,0.000515792,0.000600024,0,1
28.626,14.001,0.9,12.7941,0.546573,12.8058,0.915378,0.0114268,0.0142712,1.2686e-05,-1.55965e-05,0.000973962,0.000497765,0.000586245,0,1
28.646,14.011,0.9,12.8012,0.546319,12.813,0.91546,0.0127848,0.014287,1.27141e-05,-1.56622e-05,0.000981116,0.000502477,0.000589732,0,1
28.666,14.021,0.9,12.8082,0.546075,12.8199,0.915549,0.0124788,0.014302,1.27522e-05,-1.57325e-05,0.000988131,0.000507099,0.000593227,0,1
28.686,14.031,0.9,12.8149,0.545839,12.8266,0.915633,0.0121835,0.014316,1.27794e-05,-1.58e-05,0.000994951,0.0005116,0.000596731,0,1
28.706,14.041,0.9,12.8219,0.54559,12.8337,0.915718,0.0124488,0.0143313,1.28107e-05,-1.5869e-05,0.00100216,0.000516322,0.000600242,0,1
28.726,14.051,0.9,12.8289,0.545344,12.8406,0.915483,0.0122258,0.0143464,1.27121e-05,-1.58527e-05,0.000974108,0.00049817,0.000586442,0,1
28.746,14.061,0.9,12.8368,0.545064,12.8486,0.91558,0.0121447,0.0143655,1.27708e-05,-1.59276e-05,0.000982057,0.000503345,0.00058993,0,1
28.766,14.071,0.9,12.8428,0.544856,12.8546,0.915653,0.0129837,0.014377,1.27783e-05,-1.59885e-05,0.000988096,0.000507394,0.000593426,0,1
28.786,14.081,0.9,12.8501,0.544601,12.8619,0.915748,0.0128368,0.0143937,1.2828e-05,-1.60633e-05,0.000995607,0.000512296,0.00059693,0,1
28.806,14.091,0.9,12.8569,0.544365,12.8687,0.915836,0.0128535,0.0144081,1.28589e-05,-1.61335e-05,0.0010026,0.000516884,0.000600443,0,1
28.826,14.101,0.9,12.8642,0.544117,12.876,0.915566,0.0138123,0.0144245,1.27742e-05,-1.61178e-05,0.000974826,0.000498887,0.000586622,0,1
28.846,14.111,0.9,12.8701,0.54392,12.8819,0.915648,0.0142675,0.0144358,1.2794e-05,-1.6184e-05,0.00098077,0.000502887,0.00059011,0,1
28.866,14.121,0.9,12.8771,0.543692,12.8889,0.915748,0.0151463,0.014451,1.28469e-05,-1.62611e-05,0.000987835,0.000507538,0.000593607,0,1
28.886,14.131,0.9,12.8848,0.543446,12.8966,0.915864,0.0151748,0.0144689,1.29338e-05,-1.63482e-05,0.000995648,0.000512614,0.000597112,0,1
28.906,14.141,0.9,12.8924,0.543201,12.9042,0.91598,0.015184,0.0144866,1.30183e-05,-1.64357e-05,0.0010035,0.000517698,0.000600625,0,1
28.926,14.151,0.9,12.8995,0.542976,12.9113,0.91568,0.0152046,0.014502,1.2952e-05,-1.64252e-05,0.000975429,0.000499513,0.000586777,0,1
28.946,14.161,0.9,12.9064,0.542756,12.9182,0.915786,0.015142,0.0145169,1.30119e-05,-1.65053e-05,0.000982373,0.000504093,0.000590266,0,1
28.966,14.171,0.9,12.9132,0.54254,12.925,0.915889,0.0156914,0.0145314,1.30662e-05,-1.65846e-05,0.000989264,0.000508635,0.000593763,0,1
28.986,14.181,0.9,12.9205,0.542307,12.9323,0.916003,0.0145094,0.0145479,1.31444e-05,-1.66714e-05,0.000996743,0.000513511,0.000597269,0,1
29.006,14.191,0.9,12.9271,0.542093,12.9389,0.916099,0.0146348,0.0145615,1.31831e-05,-1.67471e-05,0.00100354,0.000517981,0.000600783,0,1
29.026,14.201,0.9,12.9335,0.541881,12.9454,0.915797,0.0135807,0.0145746,1.30896e-05,-1.67267e-05,0.000974852,0.000499425,0.000586922,0,1
29.046,14.211,0.9,12.94,0.541663,12.9519,0.915885,0.0129964,0.014588,1.31178e-05,-1.67973e-05,0.00098139,0.000503771,0.000590412,0,1
29.066,14.221,0.9,12.9467,0.541434,12.9586,0.915972,0.0122717,0.0146021,1.3144e-05,-1.68674e-05,0.000988176,0.000508255,0.000593911,0,1
29.086,14.231,0.9,12.9538,0.541194,12.9656,0.916058,0.0128131,0.0146174,1.3169e-05,-1.69372e-05,0.000995339,0.000512952,0.000597417,0,1
29.106,14.241,0.9,12.961,0.540949,12.9729,0.916152,0.0132664,0.0146337,1.32064e-05,-1.70117e-05,0.00100283,0.000517833,0.000600932,0,1
29.126,14.251,0.9,12.9679,0.540717,12.9797,0.915876,0.0123915,0.0146483,1.31109e-05,-1.69852e-05,0.000974576,0.000499517,0.000587071,0,1
29.146,14.261,0.9,12.9748,0.540484,12.9866,0.915961,0.0133821,0.0146632,1.31348e-05,-1.70543e-05,0.000981519,0.0005041,0.000590562,0,1
29.166,14.271,0.9,12.9817,0.540253,12.9935,0.916054,0.0127042,0.014678,1.31687e-05,-1.71277e-05,0.000988514,0.000508705,0.000594061,0,1
29.186,14.281,0.9,12.9887,0.540011,13.0006,0.916143,0.0117277,0.0146934,1.31976e-05,-1.71998e-05,0.000995714,0.000513421,0.000597568,0,1
29.206,14.291,0.9,12.9955,0.539774,13.0074,0.916223,0.0114298,0.0147078,1.32083e-05,-1.72663e-05,0.00100271,0.000518009,0.000601084,0,1
29.226,14.301,0.9,13.0023,0.539533,13.0141,0.915971,0.0105965,0.0147221,1.30937e-05,-1.72282e-05,0.000974393,0.000499653,0.000587213,0,1
29.246,14.311,0.9,13.0096,0.539275,13.0214,0.916048,0.0114515,0.0147385,1.31028e-05,-1.72925e-05,0.000981725,0.000504462,0.000590705,0,1
29.266,14.321,0.9,13.0169,0.539022,13.0288,0.916133,0.012666,0.0147552,1.31238e-05,-1.73614e-05,0.000989205,0.000509348,0.000594205,0,1
29.286,14.331,0.9,13.0242,0.538777,13.0361,0.916224,0.0126448,0.0147714,1.31559e-05,-1.7435e-05,0.000996622,0.000514187,0.000597713,0,1
29.306,14.341,0.9,13.0311,0.538538,13.043,0.916312,0.0110147,0.0147863,1.31781e-05,-1.75063e-05,0.00100376,0.000518854,0.000601229,0,1
29.326,14.351,0.9,13.0376,0.538309,13.0495,0.916059,0.0109958,0.0147996,1.30568e-05,-1.74608e-05,0.000975106,0.000500288,0.000587331,0,1
29.346,14.361,0.9,13.0441,0.53808,13.056,0.916131,0.0111566,0.0148131,1.30543e-05,-1.7522e-05,0.000981668,0.000504646,0.000590823,0,1
29.366,14.371,0.9,13.0513,0.537822,13.0632,0.916211,0.00987004,0.0148291,1.3066e-05,-1.75887e-05,0.00098898,0.000509433,0.000594324,0,1
29.386,14.381,0.9,13.0581,0.537578,13.0701,0.916279,0.0110115,0.0148437,1.30548e-05,-1.76478e-05,0.000995959,0.000514019,0.000597833,0,1
29.406,14.391,0.9,13.0654,0.537322,13.0773,0.916359,0.0113077,0.01486,1.30648e-05,-1.7715e-05,0.00100349,0.000518917,0.00060135,0,1
29.426,14.401,0.9,13.0723,0.53708,13.0842,0.916091,0.0106661,0.0148748,1.29581e-05,-1.7668e-05,0.000975238,0.000500577,0.000587447,0,1
29.446,14.411,0.9,13.0789,0.53685,13.0908,0.916162,0.0114398,0.0148884,1.29517e-05,-1.77284e-05,0.000981854,0.000504965,0.00059094,0,1
29.466,14.421,0.9,13.0856,0.536615,13.0975,0.916238,0.0104297,0.0149025,1.29551e-05,-1.77929e-05,0.000988661,0.000509457,0.000594441,0,1
29.486,14.431,0.9,13.092,0.53639,13.1039,0.916305,0.0109307,0.0149154,1.29416e-05,-1.78516e-05,0.000995175,0.000513774,0.000597951,0,1
29.506,14.441,0.9,13.0988,0.536146,13.1107,0.91638,0.00992315,0.01493,1.29403e-05,-1.79156e-05,0.00100223,0.0005184,0.000601468,0,1
29.526,14.451,0.9,13.106,0.535885,13.1179,0.916124,0.0092198,0.0149459,1.2828e-05,-1.78596e-05,0.000974359,0.000500277,0.000587576,0,1
29.546,14.461,0.9,13.1128,0.535638,13.1247,0.916186,0.00932235,0.0149602,1.28076e-05,-1.79154e-05,0.000981151,0.00050477,0.00059107,0,1
29.566,14.471,0.9,13.1198,0.535383,13.1318,0.916252,0.010379,0.0149758,1.27918e-05,-1.79736e-05,0.000988328,0.00050948,0.000594572,0,1
29.586,14.481,0.9,13.1269,0.535133,13.1388,0.916325,0.010279,0.0149911,1.27871e-05,-1.80363e-05,0.000995523,0.000514192,0.000598082,0,1
29.606,14.491,0.9,13.1335,0.534893,13.1455,0.916394,0.00944705,0.015005,1.27747e-05,-1.80967e-05,0.00100241,0.000518719,0.000601601,0,1
29.626,14.501,0.9,13.1397,0.53467,13.1516,0.916136,0.00932286,0.0150171,1.26503e-05,-1.80278e-05,0.000973469,0.000499961,0.000587696,0,1
29.646,14.511,0.9,13.1469,0.534405,13.1589,0.916204,0.00943913,0.0150334,1.26372e-05,-1.8087e-05,0.000980791,0.000504767,0.00059119,0,1
29.666,14.521,0.9,13.1541,0.534146,13.1661,0.916272,0.0098228,0.0150495,1.26235e-05,-1.81465e-05,0.000988101,0.000509555,0.000594693,0,1
29.686,14.531,0.9,13.1609,0.533899,13.1729,0.916338,0.00858422,0.0150638,1.26072e-05,-1.82054e-05,0.000995029,0.000514113,0.000598204,0,1
29.706,14.541,0.9,13.1682,0.533632,13.1801,0.9164,0.0093597,0.01508,1.2582e-05,-1.8262e-05,0.00100252,0.000518987,0.000601723,0,1
29.726,14.551,0.9,13.1743,0.533411,13.1863,0.916458,0.0097032,0.015092,1.25525e-05,-1.8316e-05,0.00100891,0.00052322,0.000605251,0,1
29.746,14.561,0.9,13.1811,0.533164,13.1931,0.916218,0.00966414,0.0151067,1.24465e-05,-1.82453e-05,0.000980256,0.00050457,0.000591109,0,1
29.766,14.571,0.9,13.188,0.532913,13.2,0.916285,0.00810372,0.0151214,1.24295e-05,-1.83038e-05,0.000987214,0.000509155,0.000594612,0,1
29.786,14.581,0.9,13.1949,0.532656,13.2069,0.916341,0.00899769,0.0151364,1.2395e-05,-1.83567e-05,0.000994317,0.000513816,0.000598123,0,1
29.806,14.591,0.9,13.2017,0.532409,13.2137,0.916402,0.00897538,0.0151506,1.23678e-05,-1.84124e-05,0.00100128,0.000518387,0.000601642,0,1
29.826,14.601,0.9,13.209,0.532138,13.221,0.916176,0.0080572,0.0151671,1.22657e-05,-1.83369e-05,0.000973594,0.000500357,0.000587746,0,1
29.846,14.611,0.9,13.216,0.531881,13.228,0.916233,0.00895761,0.0151823,1.22313e-05,-1.83892e-05,0.00098061,0.000504982,0.000591242,0,1
29.866,14.621,0.9,13.2232,0.531621,13.2352,0.916297,0.0098603,0.0151984,1.22097e-05,-1.84469e-05,0.000987942,0.000509782,0.000594745,0,1
29.886,14.631,0.9,13.2303,0.531367,13.2424,0.916368,0.00980052,0.0152141,1.21972e-05,-1.85081e-05,0.000995251,0.00051456,0.000598257,0,1
29.906,14.641,0.9,13.2378,0.531099,13.2498,0.916441,0.00915194,0.0152312,1.21884e-05,-1.85713e-05,0.00100297,0.000519564,0.000601777,0,1
29.926,14.651,0.9,13.2443,0.530862,13.2564,0.916226,0.00888538,0.0152447,1.20854e-05,-1.84876e-05,0.000974386,0.000500997,0.000587845,0,1
29.946,14.661,0.9,13.2507,0.530633,13.2627,0.916282,0.0093413,0.0152574,1.2053e-05,-1.85401e-05,0.000980765,0.000505247,0.000591341,0,1
29.966,14.671,0.9,13.2574,0.530394,13.2694,0.916345,0.0097301,0.0152714,1.20281e-05,-1.85963e-05,0.000987541,0.000509723,0.000594845,0,1
29.986,14.681,0.9,13.2643,0.530149,13.2763,0.916412,0.00977421,0.0152863,1.20098e-05,-1.86558e-05,0.000994629,0.000514374,0.000598358,0,1
30.006,14.691,0.9,13.271,0.529914,13.2831,0.916478,0.0115487,0.0153007,1.19893e-05,-1.87149e-05,0.00100163,0.000518966,0.000601878,0,1
30.026,14.701,0.9,13.2777,0.529687,13.2897,0.916555,0.0106119,0.0153145,1.19847e-05,-1.87806e-05,0.00100855,0.000523502,0.000605408,0,1
30.046,14.711,0.9,13.2849,0.529436,13.297,0.916305,0.0100809,0.0153306,1.19143e-05,-1.86998e-05,0.000980287,0.000505063,0.000591254,0,1
30.066,14.721,0.9,13.2924,0.529173,13.3044,0.91638,0.00980783,0.0153478,1.19088e-05,-1.87638e-05,0.000987881,0.000510015,0.000594758,0,1
30.086,14.731,0.9,13.2995,0.528925,13.3115,0.91645,0.0104395,0.0153634,1.18928e-05,-1.88247e-05,0.000995155,0.00051477,0.000598271,0,1
30.106,14.741,0.9,13.3063,0.528689,13.3184,0.916521,0.0104145,0.0153779,1.18792e-05,-1.88869e-05,0.00100222,0.000519396,0.000601792,0,1
30.126,14.751,0.9,13.3134,0.528446,13.3254,0.916267,0.0107238,0.0153934,1.18076e-05,-1.88013e-05,0.000974205,0.000501154,0.000587865,0,1
30.146,14.761,0.9,13.3202,0.528211,13.3323,0.916341,0.0106614,0.0154081,1.17988e-05,-1.8864e-05,0.000981112,0.00050571,0.000591362,0,1
30.166,14.771,0.9,13.3272,0.527977,13.3393,0.916415,0.0116698,0.0154231,1.17901e-05,-1.89273e-05,0.000988179,0.000510352,0.000594867,0,1
30.186,14.781,0.9,13.334,0.52775,13.3461,0.916495,0.0115822,0.0154376,1.17895e-05,-1.89942e-05,0.000995173,0.000514943,0.00059838,0,1
30.206,14.791,0.9,13.3413,0.52751,13.3534,0.916579,0.0120441,0.015454,1.17966e-05,-1.90643e-05,0.00100271,0.00051984,0.000601902,0,1
30.226,14.801,0.9,13.3487,0.527265,13.3608,0.916322,0.0114218,0.0154708,1.17552e-05,-1.89837e-05,0.000975001,0.00050177,0.000587959,0,1
30.246,14.811,0.9,13.3556,0.527039,13.3677,0.916401,0.0123318,0.0154857,1.17542e-05,-1.90497e-05,0.00098198,0.000506364,0.000591457,0,1
30.266,14.821,0.9,13.3628,0.526808,13.3749,0.91649,0.0129571,0.0155018,1.17693e-05,-1.91218e-05,0.00098932,0.00051116,0.000594963,0,1
30.286,14.831,0.9,13.3701,0.526575,13.3822,0.916585,0.012427,0.0155182,1.17937e-05,-1.91977e-05,0.000996823,0.00051604,0.000598477,0,1
30.306,14.841,0.9,13.3772,0.526346,13.3893,0.916673,0.0122585,0.0155337,1.18047e-05,-1.927e-05,0.00100415,0.000520812,0.000601999,0,1
30.326,14.851,0.9,13.384,0.526121,13.3962,0.916417,0.0109438,0.0155483,1.17547e-05,-1.91834e-05,0.000975796,0.000502354,0.000588027,0,1
30.346,14.861,0.9,13.3913,0.525881,13.4034,0.916496,0.011427,0.0155644,1.17524e-05,-1.92495e-05,0.000983093,0.00050713,0.000591525,0,1
30.366,14.871,0.9,13.3985,0.525644,13.4106,0.916579,0.011536,0.0155805,1.17549e-05,-1.93179e-05,0.000990444,0.000511928,0.000595031,0,1
30.386,14.881,0.9,13.405,0.525428,13.4171,0.916654,0.0113328,0.015594,1.17452e-05,-1.93826e-05,0.000997178,0.00051636,0.000598546,0,1
30.406,14.891,0.9,13.412,0.525199,13.4242,0.916734,0.0121898,0.0156093,1.17409e-05,-1.94499e-05,0.00100446,0.0005211,0.000602069,0,1
30.426,14.901,0.9,13.4192,0.524971,13.4313,0.916441,0.0126575,0.0156252,1.16997e-05,-1.93613e-05,0.000976396,0.000502811,0.000588087,0,1
30.446,14.911,0.9,13.4264,0.524747,13.4385,0.916532,0.0130155,0.015641,1.17159e-05,-1.94344e-05,0.00098364,0.000507552,0.000591586,0,1
30.466,14.921,0.9,13.433,0.524539,13.4451,0.916618,0.0123638,0.0156548,1.17221e-05,-1.9505e-05,0.000990381,0.000511994,0.000595093,0,1
30.486,14.931,0.9,13.4397,0.524326,13.4518,0.916701,0.0121799,0.0156689,1.17228e-05,-1.95741e-05,0.000997283,0.000516523,0.000598608,0,1
30.506,14.941,0.9,13.4471,0.524088,13.4593,0.916792,0.0122596,0.0156859,1.1737e-05,-1.96483e-05,0.00100502,0.000521525,0.000602131,0,1
30.526,14.951,0.9,13.4544,0.523858,13.4665,0.916515,0.0122477,0.0157021,1.16999e-05,-1.95574e-05,0.000977,0.000503255,0.000588136,0,1
30.546,14.961,0.9,13.4608,0.523657,13.473,0.916593,0.0126698,0.0157151,1.1694e-05,-1.96233e-05,0.000983483,0.000507553,0.000591635,0,1
30.566,14.971,0.9,13.4677,0.523441,13.4799,0.916681,0.0123003,0.0157299,1.17017e-05,-1.96948e-05,0.000990516,0.000512164,0.000595143,0,1
30.586,14.981,0.9,13.4752,0.523202,13.4874,0.916773,0.0116687,0.0157471,1.17181e-05,-1.97695e-05,0.000998233,0.000517163,0.000598659,0,1
30.606,14.991,0.9,13.4828,0.522959,13.495,0.916862,0.0120774,0.0157649,1.17278e-05,-1.98426e-05,0.00100615,0.000522263,0.000602183,0,1
30.626,15.001,0.9,13.4927,0.52265,13.5049,0.916595,0.0130042,0.0157936,1.17685e-05,-1.97662e-05,0.000980759,0.000505513,0.000588166,0,1
30.646,15.011,0.9,13.5026,0.522349,13.5148,0.916724,0.0132213,0.0158222,1.18792e-05,-1.98618e-05,0.000990831,0.000511867,0.000591666,0,1
30.666,15.021,0.9,13.5124,0.522053,13.5246,0.916853,0.0133585,0.0158502,1.19879e-05,-1.99582e-05,0.0010009,0.000518189,0.000595173,0,1
30.686,15.031,0.9,13.5216,0.521772,13.5338,0.916977,0.0130726,0.0158756,1.20769e-05,-2.0052e-05,0.00101057,0.000524253,0.00059869,0,1
30.706,15.041,0.9,13.5316,0.521464,13.5439,0.917108,0.0125124,0.0159048,1.21885e-05,-2.01504e-05,0.00102113,0.000530797,0.000602214,0,1
30.726,15.051,0.9,13.5416,0.521156,13.5538,0.916829,0.0121652,0.0159335,1.2227e-05,-2.0081e-05,0.00099484,0.000513475,0.000587958,0,1
30.746,15.061,0.9,13.5522,0.520818,13.5644,0.916958,0.0104001,0.015966,1.23417e-05,-2.01768e-05,0.00100578,0.000520239,0.000591458,0,1
30.766,15.071,0.9,13.562,0.520501,13.5742,0.91706,0.0114058,0.0159941,1.2383e-05,-2.02574e-05,0.00101606,0.000526595,0.000594966,0,1
30.786,15.081,0.9,13.5718,0.520188,13.5841,0.917173,0.0114851,0.0160225,1.24472e-05,-2.03445e-05,0.0010265,0.000533013,0.000598482,0,1
30.806,15.091,0.9,13.5814,0.519888,13.5936,0.917283,0.012466,0.0160495,1.25027e-05,-2.04307e-05,0.00103678,0.000539316,0.000602007,0,1
30.826,15.101,0.9,13.5913,0.519578,13.6036,0.917021,0.0112865,0.0160782,1.25307e-05,-2.03641e-05,0.00100952,0.000521396,0.000587515,0,1
30.846,15.111,0.9,13.6012,0.51926,13.6134,0.917133,0.0100312,0.0161067,1.25919e-05,-2.04497e-05,0.00101987,0.00052774,0.000591015,0,1
30.866,15.121,0.9,13.6103,0.518964,13.6226,0.917224,0.0110272,0.0161314,1.26041e-05,-2.05243e-05,0.00102957,0.000533705,0.000594522,0,1
30.886,15.131,0.9,13.6202,0.518646,13.6324,0.917333,0.0103451,0.0161598,1.26562e-05,-2.06093e-05,0.00104016,0.000540129,0.000598038,0,1
30.906,15.141,0.9,13.63,0.518325,13.6423,0.917435,0.00998647,0.016188,1.26899e-05,-2.06905e-05,0.00105082,0.000546571,0.000601562,0,1
30.926,15.151,0.9,13.6402,0.51799,13.6524,0.917192,0.00978667,0.0162181,1.26624e-05,-2.06127e-05,0.00102297,0.000528288,0.000586876,0,1
30.946,15.161,0.9,13.6496,0.517681,13.6619,0.917285,0.010303,0.0162444,1.26752e-05,-2.06874e-05,0.00103301,0.000534391,0.000590374,0,1
30.966,15.171,0.9,13.6589,0.51738,13.6711,0.91738,0.00983925,0.0162696,1.26926e-05,-2.07641e-05,0.00104295,0.000540419,0.00059388,0,1
30.986,15.181,0.9,13.6689,0.51705,13.6812,0.917479,0.00982761,0.016299,1.2719e-05,-2.08432e-05,0.00105385,0.00054695,0.000597395,0,1
31.006,15.191,0.9,13.679,0.516719,13.6913,0.917578,0.00975839,0.0163286,1.2745e-05,-2.0923e-05,0.00106494,0.000553553,0.000600918,0,1
31.026,15.201,0.9,13.6887,0.516395,13.701,0.917296,0.00862024,0.0163561,1.26974e-05,-2.08409e-05,0.00103569,0.000534477,0.000586049,0,1
31.046,15.211,0.9,13.699,0.516045,13.7113,0.917386,0.00866902,0.0163873,1.27017e-05,-2.09138e-05,0.00104684,0.000541118,0.000589546,0,1
31.066,15.221,0.9,13.7084,0.515729,13.7207,0.917467,0.00883713,0.0164133,1.26862e-05,-2.09824e-05,0.00105707,0.000547239,0.00059305,0,1
31.086,15.231,0.9,13.7182,0.5154,13.7305,0.917554,0.0086899,0.0164412,1.26802e-05,-2.10542e-05,0.00106782,0.000553613,0.000596564,0,1
31.106,15.241,0.9,13.728,0.515072,13.7403,0.917639,0.00930146,0.0164694,1.26705e-05,-2.11258e-05,0.00107874,0.000560055,0.000600085,0,1
31.126,15.251,0.9,13.7377,0.514746,13.75,0.917366,0.00810945,0.0164969,1.26147e-05,-2.10394e-05,0.00104862,0.00054049,0.000585051,0,1
31.146,15.261,0.9,13.7479,0.514399,13.7602,0.917449,0.00829478,0.0165273,1.26006e-05,-2.11085e-05,0.00105973,0.000547044,0.000588546,0,1
31.166,15.271,0.9,13.7577,0.51406,13.7701,0.917531,0.00731432,0.0165557,1.2583e-05,-2.11773e-05,0.00107058,0.000553434,0.000592049,0,1
31.186,15.281,0.9,13.7683,0.513689,13.7807,0.917608,0.00685171,0.0165881,1.25524e-05,-2.12438e-05,0.00108236,0.000560287,0.00059556,0,1
31.206,15.291,0.9,13.7784,0.513327,13.7907,0.917677,0.00536079,0.0166175,1.25015e-05,-2.13055e-05,0.00109367,0.000566867,0.00059908,0,1
31.226,15.301,0.9,13.7886,0.512948,13.8009,0.917409,0.00454676,0.0166478,1.23653e-05,-2.11961e-05,0.00106314,0.000547077,0.000583875,0,1
31.246,15.311,0.9,13.7991,0.51256,13.8114,0.917456,0.00535077,0.0166797,1.22614e-05,-2.12445e-05,0.0010747,0.00055379,0.000587367,0,1
31.266,15.321,0.9,13.8093,0.512174,13.8217,0.917511,0.00375165,0.0167106,1.21766e-05,-2.12975e-05,0.00108617,0.000560435,0.000590868,0,1
31.286,15.331,0.9,13.8191,0.511802,13.8315,0.917548,0.00403079,0.0167385,1.20526e-05,-2.13398e-05,0.00109718,0.000566806,0.000594377,0,1
31.306,15.341,0.9,13.8295,0.511408,13.8419,0.91759,0.00431374,0.01677,1.1933e-05,-2.13854e-05,0.00110906,0.000573606,0.000597894,0,1
31.326,15.351,0.9,13.8399,0.511021,13.8523,0.917302,0.00441764,0.0168009,1.17871e-05,-2.12628e-05,0.00107767,0.000553359,0.000582523,0,1
31.346,15.361,0.9,13.8496,0.510658,13.862,0.917345,0.00459649,0.0168288,1.16787e-05,-2.13084e-05,0.00108852,0.000559628,0.000586013,0,1
31.366,15.371,0.9,13.8597,0.510286,13.8721,0.917391,0.00508678,0.0168583,1.15737e-05,-2.1356e-05,0.00109985,0.000566129,0.000589511,0,1
31.386,15.381,0.9,13.8697,0.509921,13.8821,0.917443,0.00579742,0.0168877,1.14795e-05,-2.14067e-05,0.00111129,0.000572658,0.000593018,0,1
31.406,15.391,0.9,13.8801,0.509549,13.8925,0.917503,0.00607432,0.016919,1.14037e-05,-2.1463e-05,0.00112325,0.000579431,0.000596532,0,1
31.426,15.401,0.9,13.8896,0.509205,13.902,0.917275,0.00495264,0.0169455,1.13124e-05,-2.13412e-05,0.00109,0.000558223,0.000581027,0,1
31.446,15.411,0.9,13.8996,0.508842,13.9121,0.917325,0.00604394,0.0169751,1.12158e-05,-2.13906e-05,0.00110132,0.000564682,0.000584513,0,1
31.466,15.421,0.9,13.9094,0.508498,13.9219,0.917384,0.00673397,0.0170031,1.1142e-05,-2.14456e-05,0.00111242,0.000571003,0.000588009,0,1
31.486,15.431,0.9,13.9191,0.508158,13.9316,0.917449,0.0062485,0.0170306,1.10817e-05,-2.15044e-05,0.00112353,0.000577306,0.000591512,0,1
31.506,15.441,0.9,13.9292,0.507804,13.9417,0.917512,0.00695521,0.0170604,1.10134e-05,-2.15624e-05,0.00113528,0.000583912,0.000595024,0,1
31.526,15.451,0.9,13.9391,0.507459,13.9516,0.917218,0.00661504,0.0170891,1.09556e-05,-2.14411e-05,0.00110173,0.000562576,0.000579428,0,1
31.546,15.461,0.9,13.9493,0.507097,13.9618,0.917285,0.00480508,0.0171192,1.08984e-05,-2.15005e-05,0.00111324,0.000569073,0.000582912,0,1
31.566,15.471,0.9,13.9595,0.506731,13.972,0.917334,0.00587243,0.0171493,1.07962e-05,-2.15494e-05,0.00112487,0.000575612,0.000586404,0,1
31.586,15.481,0.9,13.9689,0.506396,13.9814,0.917389,0.0056824,0.0171753,1.07143e-05,-2.16022e-05,0.00113574,0.000581742,0.000589904,0,1
31.606,15.491,0.9,13.979,0.506037,13.9915,0.917447,0.00603237,0.0172052,1.06313e-05,-2.16567e-05,0.00114759,0.000588343,0.000593413,0,1
31.626,15.501,0.9,13.9888,0.505686,14.0013,0.917155,0.00512403,0.0172335,1.05632e-05,-2.15244e-05,0.00111312,0.000566569,0.00057773,0,1
31.646,15.511,0.9,13.9987,0.505335,14.0112,0.917206,0.00627066,0.0172622,1.04678e-05,-2.15741e-05,0.00112441,0.000572902,0.00058121,0,1
31.666,15.521,0.9,14.0088,0.504985,14.0213,0.917269,0.00650888,0.0172916,1.03991e-05,-2.16311e-05,0.00113599,0.000579361,0.000584699,0,1
31.686,15.531,0.9,14.0194,0.504619,14.0319,0.917338,0.00665841,0.0173242,1.0341e-05,-2.16919e-05,0.00114835,0.00058619,0.000588196,0,1
31.706,15.541,0.9,14.029,0.504287,14.0416,0.917402,0.00698676,0.0173516,1.02757e-05,-2.17502e-05,0.00115975,0.000592512,0.000591701,0,1
31.726,15.551,0.9,14.0391,0.503936,14.0517,0.917473,0.00599319,0.0173814,1.02214e-05,-2.18125e-05,0.00117179,0.000599131,0.000595215,0,1
31.746,15.561,0.9,14.0489,0.503584,14.0615,0.917225,0.0039704,0.0174093,1.01656e-05,-2.16729e-05,0.00113559,0.000576428,0.000579141,0,1
31.766,15.571,0.9,14.0589,0.503214,14.0715,0.917265,0.00386995,0.0174384,1.00416e-05,-2.17162e-05,0.00114717,0.000582834,0.000582625,0,1
31.786,15.581,0.9,14.0692,0.502837,14.0817,0.917305,0.00465937,0.017469,9.91373e-06,-2.17597e-05,0.0011592,0.000589444,0.000586118,0,1
31.806,15.591,0.9,14.0788,0.502487,14.0913,0.91735,0.00437491,0.0174961,9.8042e-06,-2.18063e-05,0.00117058,0.000595712,0.000589619,0,1
31.826,15.601,0.9,14.0888,0.502116,14.1014,0.917124,0.00354454,0.0175255,9.72456e-06,-2.16538e-05,0.00113481,0.00057338,0.000573824,0,1
31.846,15.611,0.9,14.0984,0.501756,14.111,0.917158,0.00267219,0.0175524,9.59301e-06,-2.16934e-05,0.00114583,0.000579486,0.000577296,0,1
31.866,15.621,0.9,14.1087,0.501363,14.1213,0.917185,0.00288583,0.0175834,9.43542e-06,-2.17295e-05,0.00115788,0.000586081,0.000580777,0,1
31.886,15.631,0.9,14.1182,0.501004,14.1308,0.917213,0.00345067,0.0176101,9.28902e-06,-2.17656e-05,0.00116911,0.000592249,0.000584266,0,1
31.906,15.641,0.9,14.1287,0.500613,14.1413,0.917249,0.00343299,0.0176419,9.14908e-06,-2.18069e-05,0.00118158,0.000599007,0.000587763,0,1
31.926,15.651,0.9,14.139,0.500225,14.1516,0.916992,0.00279079,0.0176729,9.06552e-06,-2.16406e-05,0.00114539,0.000576522,0.000571922,0,1
31.946,15.661,0.9,14.1489,0.499852,14.1616,0.91702,0.00335716,0.0177017,8.91479e-06,-2.16764e-05,0.00115691,0.000582824,0.000575391,0,1
31.966,15.671,0.9,14.1583,0.499505,14.1709,0.917051,0.00339306,0.0177273,8.78028e-06,-2.17144e-05,0.00116783,0.000588818,0.000578868,0,1
31.986,15.681,0.9,14.1681,0.499142,14.1807,0.917084,0.00415165,0.0177557,8.64276e-06,-2.17538e-05,0.00117948,0.000595154,0.000582353,0,1
32.006,15.691,0.9,14.1784,0.498768,14.191,0.917127,0.00416067,0.0177863,8.52091e-06,-2.17986e-05,0.00119176,0.000601775,0.000585847,0,1
32.026,15.701,0.9,14.1878,0.498421,14.2005,0.916842,0.0037317,0.0178126,8.47705e-06,-2.1626e-05,0.00115389,0.000578519,0.000569977,0,1
32.046,15.711,0.9,14.1984,0.498039,14.211,0.916881,0.00462342,0.0178448,8.34606e-06,-2.16682e-05,0.00116616,0.000585156,0.000573442,0,1
32.066,15.721,0.9,14.2083,0.497671,14.221,0.916927,0.00255736,0.0178739,8.23688e-06,-2.17145e-05,0.00117791,0.000591518,0.000576915,0,1
32.086,15.731,0.9,14.2182,0.497297,14.2309,0.916953,0.0022019,0.0179022,8.08061e-06,-2.17488e-05,0.0011896,0.000597831,0.000580396,0,1
32.106,15.741,0.9,14.2279,0.496921,14.2406,0.916974,0.00167474,0.01793,7.91686e-06,-2.17811e-05,0.00120131,0.000604137,0.000583886,0,1
32.126,15.751,0.9,14.2376,0.496548,14.2503,0.916651,0.00222493,0.0179577,7.83624e-06,-2.15873e-05,0.00116309,0.000580776,0.000568001,0,1
32.146,15.761,0.9,14.248,0.496154,14.2607,0.916674,0.00241215,0.0179891,7.66778e-06,-2.162e-05,0.00117525,0.000587319,0.000571463,0,1
32.166,15.771,0.9,14.2578,0.495781,14.2705,0.916698,0.00155266,0.018017,7.51016e-06,-2.1653e-05,0.00118675,0.000593525,0.000574932,0,1
32.186,15.781,0.9,14.2677,0.495395,14.2805,0.916713,0.00139216,0.0180459,7.33029e-06,-2.16815e-05,0.00119862,0.000599888,0.000578409,0,1
32.206,15.791,0.9,14.2779,0.494993,14.2907,0.916728,0.000360006,0.0180761,7.14263e-06,-2.17093e-05,0.00121092,0.000606438,0.000581895,0,1
32.226,15.801,0.9,14.2875,0.494614,14.3002,0.916731,0.000571188,0.0181029,6.94294e-06,-2.17309e-05,0.00122255,0.000612649,0.00058539,0,1
32.246,15.811,0.9,14.2979,0.494202,14.3107,0.916516,0.00113357,0.0181346,6.85814e-06,-2.1517e-05,0.0011837,0.000588956,0.000569189,0,1
32.266,15.821,0.9,14.3069,0.493848,14.3197,0.916526,0.000814629,0.0181588,6.68512e-06,-2.15421e-05,0.00119438,0.000594733,0.000572654,0,1
32.286,15.831,0.9,14.3165,0.493472,14.3292,0.916534,0.000558702,0.0181855,6.49681e-06,-2.15659e-05,0.00120578,0.000600837,0.000576127,0,1
32.306,15.841,0.9,14.3271,0.493051,14.3398,0.91654,0.000202163,0.0182179,6.28293e-06,-2.15886e-05,0.00121857,0.00060759,0.000579608,0,1
32.326,15.851,0.9,14.3375,0.492629,14.3503,0.916298,-0.000728332,0.0182496,6.20768e-06,-2.13659e-05,0.00118001,0.000584227,0.000563744,0,1
32.346,15.861,0.9,14.3477,0.492209,14.3605,0.91629,-0.00160629,0.0182799,5.97161e-06,-2.13806e-05,0.00119201,0.00059062,0.000567197,0,1
32.366,15.871,0.9,14.3583,0.491774,14.3711,0.916273,-0.000439139,0.0183124,5.70307e-06,-2.13899e-05,0.00120459,0.00059727,0.000570658,0,1
32.386,15.881,0.9,14.3679,0.491384,14.3807,0.916269,-0.000613203,0.0183395,5.48794e-06,-2.14065e-05,0.00121614,0.000603406,0.000574127,0,1
32.406,15.891,0.9,14.3777,0.490982,14.3905,0.916263,-0.00125589,0.0183677,5.26398e-06,-2.14219e-05,0.00122805,0.000609701,0.000577604,0,1
32.426,15.901,0.9,14.3869,0.490601,14.3997,0.916028,-0.00177581,0.0183926,5.22019e-06,-2.11788e-05,0.00118736,0.00058539,0.000561734,0,1
32.446,15.911,0.9,14.3971,0.490174,14.41,0.91601,-0.0018927,0.0184232,4.95969e-06,-2.11872e-05,0.00119942,0.000591781,0.000565183,0,1
32.466,15.921,0.9,14.4063,0.489788,14.4192,0.915993,-0.00232651,0.0184481,4.72822e-06,-2.11959e-05,0.00121034,0.000597614,0.00056864,0,1
32.486,15.931,0.9,14.4164,0.489361,14.4292,0.915969,-0.00248919,0.0184777,4.45956e-06,-2.12011e-05,0.00122245,0.000603999,0.000572105,0,1
32.506,15.941,0.9,14.4262,0.488948,14.439,0.915945,-0.00236196,0.0185057,4.19777e-06,-2.12057e-05,0.00123431,0.000610242,0.000575578,0,1
32.526,15.951,0.9,14.4356,0.488549,14.4484,0.915682,-0.0024994,0.0185318,4.15854e-06,-2.09432e-05,0.00119347,0.000585955,0.000559752,0,1
32.546,15.961,0.9,14.4455,0.488135,14.4583,0.915657,-0.00160783,0.0185604,3.89419e-06,-2.09475e-05,0.00120514,0.000592132,0.000563197,0,1
32.566,15.971,0.9,14.455,0.487735,14.4679,0.915642,-0.0023397,0.0185873,3.65973e-06,-2.0957e-05,0.00121652,0.000598163,0.00056665,0,1
32.586,15.981,0.9,14.4649,0.487318,14.4778,0.915619,-0.00211654,0.018616,3.39844e-06,-2.09619e-05,0.00122845,0.000604436,0.000570112,0,1
32.606,15.991,0.9,14.4752,0.486897,14.4881,0.915597,-0.000574133,0.0186465,3.13256e-06,-2.09676e-05,0.00124089,0.00061093,0.000573581,0,1
32.626,16.001,0.9,14.4851,0.486495,14.498,0.915359,-0.00099518,0.0186753,3.15201e-06,-2.07012e-05,0.0012002,0.000586803,0.000557794,0,1
32.646,16.011,0.9,14.4947,0.486099,14.5077,0.915349,-0.00180001,0.0187026,2.931e-06,-2.07136e-05,0.00121157,0.000592816,0.000561235,0,1
32.666,16.021,0.9,14.5047,0.485689,14.5176,0.915332,-0.00136578,0.0187314,2.68386e-06,-2.07212e-05,0.00122341,0.000599038,0.000564684,0,1
32.686,16.031,0.9,14.5148,0.485275,14.5278,0.915318,-0.000737359,0.0187614,2.44079e-06,-2.07311e-05,0.00123564,0.000605424,0.000568142,0,1
32.706,16.041,0.9,14.5244,0.484888,14.5374,0.915311,-0.000372276,0.0187885,2.22593e-06,-2.07447e-05,0.00124733,0.000611541,0.000571608,0,1
32.726,16.051,0.9,14.534,0.484495,14.5469,0.9151,-0.00239755,0.0188155,2.28751e-06,-2.04688e-05,0.00120579,0.000587101,0.00055586,0,1
32.746,16.061,0.9,14.544,0.484073,14.557,0.915076,-0.00234188,0.018845,2.02515e-06,-2.04727e-05,0.00121766,0.000593331,0.000559298,0,1
32.766,16.071,0.9,14.554,0.483657,14.5669,0.915053,-0.00232238,0.0188737,1.76857e-06,-2.04769e-05,0.00122949,0.000599525,0.000562743,0,1
32.786,16.081,0.9,14.5641,0.483241,14.577,0.915029,-0.000843418,0.0189035,1.50657e-06,-2.04809e-05,0.00124168,0.000605867,0.000566197,0,1
32.806,16.091,0.9,14.5746,0.482812,14.5875,0.915021,-0.00165078,0.0189354,1.26995e-06,-2.04932e-05,0.00125447,0.000612472,0.00056966,0,1
32.826,16.101,0.9,14.5845,0.482403,14.5975,0.914824,-0.00173116,0.0189641,1.32632e-06,-2.01991e-05,0.00121283,0.000588074,0.000553941,0,1
32.846,16.111,0.9,14.5946,0.481989,14.6076,0.914806,-0.000998765,0.0189942,1.0796e-06,-2.02062e-05,0.00122484,0.000594339,0.000557375,0,1
32.866,16.121,0.9,14.6055,0.481552,14.6185,0.914795,-0.000527394,0.0190281,8.33048e-07,-2.02169e-05,0.0012378,0.000601031,0.000560817,0,1
32.886,16.131,0.9,14.6155,0.481149,14.6285,0.91479,-0.00101172,0.0190573,6.18577e-07,-2.02308e-05,0.00124988,0.000607296,0.000564267,0,1
32.906,16.141,0.9,14.625,0.480757,14.6381,0.91478,-0.00174966,0.0190843,4.03197e-07,-2.02421e-05,0.00126158,0.000613368,0.000567726,0,1
32.926,16.151,0.9,14.6347,0.480358,14.6478,0.914583,-0.00185602,0.0191117,4.9283e-07,-1.9938e-05,0.00121917,0.000588694,0.000552036,0,1
32.946,16.161,0.9,14.6447,0.479949,14.6578,0.914564,-0.00108024,0.0191408,2.50636e-07,-1.99441e-05,0.00123099,0.000594848,0.000555466,0,1
32.966,16.171,0.9,14.6549,0.479539,14.668,0.914553,-0.000542425,0.0191711,2.09595e-08,-1.99544e-05,0.00124319,0.000601165,0.000558905,0,1
32.986,16.181,0.9,14.6649,0.479136,14.678,0.914548,-0.000915276,0.0192004,-1.9166e-07,-1.99677e-05,0.0012553,0.000607421,0.000562352,0,1
33.006,16.191,0.9,14.6744,0.478751,14.6874,0.914539,-0.00190736,0.0192267,-3.99003e-07,-1.99792e-05,0.00126683,0.000613394,0.000565807,0,1
33.026,16.201,0.9,14.6842,0.478344,14.6973,0.91437,-0.00196646,0.019255,-2.91198e-07,-1.96655e-05,0.00122425,0.000588736,0.000550174,0,1
33.046,16.211,0.9,14.6945,0.477915,14.7076,0.914349,-0.00244735,0.0192859,-5.42827e-07,-1.96703e-05,0.00123645,0.000595053,0.000553601,0,1
33.066,16.221,0.9,14.7049,0.477478,14.718,0.914324,-0.00277734,0.0193174,-8.09903e-07,-1.9672e-05,0.00124893,0.000601476,0.000557036,0,1
33.086,16.231,0.9,14.7144,0.477083,14.7275,0.914298,-0.00222209,0.0193436,-1.05237e-06,-1.96733e-05,0.00126033,0.000607386,0.000560479,0,1
33.106,16.241,0.9,14.7243,0.476672,14.7374,0.914275,-0.00177396,0.0193724,-1.29831e-06,-1.96768e-05,0.00127246,0.000613616,0.000563931,0,1
33.126,16.251,0.9,14.7343,0.476257,14.7474,0.914135,-0.0021604,0.0194018,-1.16346e-06,-1.9354e-05,0.00122972,0.00058898,0.000548347,0,1
33.146,16.261,0.9,14.744,0.475857,14.7571,0.914114,-0.00214062,0.0194292,-1.39734e-06,-1.9358e-05,0.00124116,0.000594922,0.00055177,0,1
33.166,16.271,0.9,14.7537,0.47545,14.7668,0.914093,-0.00322406,0.0194567,-1.6313e-06,-1.93619e-05,0.00125274,0.000600914,0.000555202,0,1
33.186,16.281,0.9,14.764,0.475008,14.7772,0.91406,-0.00357374,0.0194879,-1.91198e-06,-1.93588e-05,0.00126525,0.00060732,0.000558642,0,1
33.206,16.291,0.9,14.7741,0.474571,14.7873,0.914024,-0.00404829,0.0195178,-2.19292e-06,-1.93539e-05,0.00127762,0.000613646,0.00056209,0,1
33.226,16.301,0.9,14.7844,0.474124,14.7976,0.913813,-0.00415803,0.0195485,-2.09217e-06,-1.90087e-05,0.00123483,0.000589074,0.00054656,0,1
33.246,16.311,0.9,14.7944,0.473685,14.8076,0.913771,-0.00512981,0.0195778,-2.37944e-06,-1.90008e-05,0.00124669,0.00059519,0.00054998,0,1
33.266,16.321,0.9,14.8044,0.473237,14.8176,0.91372,-0.00608316,0.0196069,-2.68782e-06,-1.89874e-05,0.00125864,0.000601333,0.000553408,0,1
33.286,16.331,0.9,14.8145,0.472772,14.8277,0.913658,-0.00720892,0.0196368,-3.02463e-06,-1.89681e-05,0.00127088,0.000607597,0.000556845,0,1
33.306,16.341,0.9,14.8253,0.472261,14.8386,0.91358,-0.00870502,0.0196705,-3.42538e-06,-1.89394e-05,0.0012841,0.000614285,0.00056029,0,1
33.326,16.351,0.9,14.8356,0.471767,14.8488,0.913539,-0.00926984,0.0197011,-3.39188e-06,-1.85555e-05,0.0012408,0.000589564,0.000544793,0,1
33.346,16.361,0.9,14.8455,0.471287,14.8587,0.913447,-0.00917101,0.0197296,-3.78584e-06,-1.85197e-05,0.00125252,0.000595595,0.00054821,0,1
33.366,16.371,0.9,14.8552,0.470814,14.8685,0.913358,-0.00920807,0.0197575,-4.16817e-06,-1.84847e-05,0.00126419,0.000601592,0.000551635,0,1
33.386,16.381,0.9,14.8652,0.470325,14.8785,0.913266,-0.00989707,0.0197867,-4.56579e-06,-1.84479e-05,0.00127628,0.000607766,0.000555068,0,1
33.406,16.391,0.9,14.8752,0.469835,14.8884,0.913167,-0.00974846,0.0198157,-4.97634e-06,-1.84071e-05,0.00128846,0.000613965,0.00055851,0,1
33.426,16.401,0.9,14.8862,0.469293,14.8995,0.913059,-0.00960309,0.0198508,-5.45602e-06,-1.83607e-05,0.00130212,0.000620814,0.00056196,0,1
33.446,16.411,0.9,14.8957,0.468829,14.909,0.912962,-0.00987335,0.0198772,-5.32165e-06,-1.79482e-05,0.00125655,0.000595047,0.000546206,0,1
33.466,16.421,0.9,14.9061,0.468314,14.9195,0.912858,-0.00958762,0.019909,-5.76205e-06,-1.79049e-05,0.00126909,0.000601423,0.000549627,0,1
33.486,16.431,0.9,14.9158,0.467834,14.9291,0.912765,-0.0108334,0.0199365,-6.14244e-06,-1.78671e-05,0.00128079,0.000607401,0.000553057,0,1
33.506,16.441,0.9,14.9259,0.46733,14.9392,0.912656,-0.0104996,0.019966,-6.57472e-06,-1.78199e-05,0.00129307,0.000613627,0.000556495,0,1
33.526,16.451,0.9,14.9363,0.466813,14.9496,0.912683,-0.00953431,0.0199977,-6.49329e-06,-1.73909e-05,0.0012494,0.000588932,0.000541131,0,1
33.546,16.461,0.9,14.9466,0.466314,14.9599,0.912585,-0.00844489,0.0200284,-6.90759e-06,-1.73502e-05,0.00126159,0.000595147,0.000544541,0,1
33.566,16.471,0.9,14.9569,0.465819,14.9703,0.912498,-0.00797497,0.0200596,-7.29807e-06,-1.7315e-05,0.00127399,0.000601442,0.00054796,0,1
33.586,16.481,0.9,14.9672,0.465336,14.9805,0.912416,-0.00756077,0.0200899,-7.66746e-06,-1.72827e-05,0.00128634,0.000607697,0.000551386,0,1
33.606,16.491,0.9,14.9766,0.464887,14.99,0.912345,-0.00865395,0.0201162,-7.98539e-06,-1.72557e-05,0.00129787,0.000613569,0.000554821,0,1
33.626,16.501,0.9,14.9869,0.464389,15.0003,0.912266,-0.00889272,0.020147,-7.80183e-06,-1.68226e-05,0.00125368,0.000588727,0.000539509,0,1
33.646,16.511,0.9,14.9965,0.463925,15.0099,0.91218,-0.0085895,0.0201741,-8.1536e-06,-1.67882e-05,0.00126504,0.000594553,0.000542916,0,1
33.666,16.521,0.9,15.0065,0.46344,15.02,0.912094,-0.00828131,0.0202037,-8.5254e-06,-1.67529e-05,0.00127709,0.000600678,0.000546332,0,1
33.686,16.531,0.9,15.017,0.462938,15.0305,0.912007,-0.00814509,0.0202356,-8.91324e-06,-1.67169e-05,0.00128978,0.000607074,0.000549756,0,1
33.706,16.541,0.9,15.0275,0.462435,15.041,0.911921,-0.00838841,0.0202676,-9.29697e-06,-1.66814e-05,0.0013026,0.000613517,0.000553188,0,1
33.726,16.551,0.9,15.0371,0.461975,15.0505,0.911863,-0.00874006,0.0202945,-9.0213e-06,-1.62402e-05,0.00125721,0.000588218,0.000537925,0,1
33.746,16.561,0.9,15.0465,0.461523,15.06,0.91178,-0.00755383,0.0203207,-9.35516e-06,-1.62067e-05,0.00126837,0.000593941,0.00054133,0,1
33.766,16.571,0.9,15.0571,0.461022,15.0706,0.9117,-0.00810769,0.020353,-9.72246e-06,-1.61744e-05,0.00128099,0.00060031,0.000544742,0,1
33.786,16.581,0.9,15.0676,0.460518,15.081,0.911615,-0.00856359,0.0203849,-1.00989e-05,-1.61388e-05,0.00129364,0.000606681,0.000548163,0,1
33.806,16.591,0.9,15.0778,0.460024,15.0913,0.911528,-0.0085557,0.0204154,-1.04717e-05,-1.61015e-05,0.00130613,0.000612961,0.000551593,0,1
33.826,16.601,0.9,15.0881,0.459534,15.1016,0.911488,-0.00758249,0.020446,-1.02006e-05,-1.56458e-05,0.00126134,0.000588024,0.000536395,0,1
33.846,16.611,0.9,15.0978,0.459069,15.1114,0.911414,-0.00796965,0.020474,-1.05222e-05,-1.56161e-05,0.0012729,0.000593915,0.000539797,0,1
33.866,16.621,0.9,15.1073,0.458619,15.1209,0.911338,-0.00703116,0.0205006,-1.08374e-05,-1.55853e-05,0.00128425,0.000599701,0.000543207,0,1
33.886,16.631,0.9,15.1177,0.458126,15.1313,0.911265,-0.00817908,0.020532,-1.11762e-05,-1.55555e-05,0.0012968,0.000606013,0.000546625,0,1
33.906,16.641,0.9,15.1275,0.457657,15.1411,0.911185,-0.00819757,0.0205601,-1.1509e-05,-1.55217e-05,0.00130872,0.000612029,0.000550052,0,1
33.926,16.651,0.9,15.1371,0.457198,15.1506,0.911191,-0.00838992,0.0205869,-1.11563e-05,-1.5063e-05,0.00126291,0.000586723,0.00053493,0,1
33.946,16.661,0.9,15.1468,0.456727,15.1604,0.911109,-0.00815166,0.0206149,-1.14902e-05,-1.50284e-05,0.00127445,0.000592599,0.000538329,0,1
33.966,16.671,0.9,15.1574,0.456216,15.1709,0.911023,-0.00914702,0.020647,-1.18586e-05,-1.49915e-05,0.00128699,0.000598916,0.000541736,0,1
33.986,16.681,0.9,15.1668,0.45575,15.1804,0.910937,-0.0096507,0.0206734,-1.21901e-05,-1.49537e-05,0.0012984,0.000604708,0.000545152,0,1
34.006,16.691,0.9,15.1771,0.455244,15.1907,0.910837,-0.0091328,0.020704,-1.25789e-05,-1.49088e-05,0.00131088,0.000610969,0.000548576,0,1
34.026,16.701,0.9,15.1873,0.454747,15.2009,0.9109,-0.00854675,0.0207342,-1.22473e-05,-1.44344e-05,0.00126567,0.000586029,0.000533531,0,1
34.046,16.711,0.9,15.1972,0.454267,15.2108,0.910815,-0.00855864,0.0207629,-1.25849e-05,-1.43977e-05,0.00127733,0.000591953,0.000536928,0,1
34.066,16.721,0.9,15.2069,0.453797,15.2205,0.910732,-0.00820072,0.0207904,-1.29112e-05,-1.43616e-05,0.00128888,0.000597812,0.000540333,0,1
34.086,16.731,0.9,15.2161,0.453346,15.2298,0.910656,-0.0088471,0.020816,-1.32081e-05,-1.43287e-05,0.00130005,0.000603493,0.000543747,0,1
34.106,16.741,0.9,15.2257,0.452879,15.2393,0.910572,-0.00917855,0.0208427,-1.35297e-05,-1.42912e-05,0.00131161,0.00060934,0.000547169,0,1
34.126,16.751,0.9,15.2352,0.452413,15.2489,0.910615,-0.0082494,0.0208694,-1.31331e-05,-1.38135e-05,0.00126562,0.000584136,0.000532217,0,1
34.146,16.761,0.9,15.2451,0.451934,15.2587,0.910533,-0.00865931,0.0208979,-1.34562e-05,-1.37779e-05,0.0012772,0.000590028,0.000535612,0,1
34.166,16.771,0.9,15.255,0.451446,15.2687,0.910447,-0.00945036,0.0209267,-1.37914e-05,-1.37394e-05,0.00128898,0.000595996,0.000539015,0,1
34.186,16.781,0.9,15.2651,0.450943,15.2788,0.910351,-0.00921519,0.0209567,-1.41575e-05,-1.36952e-05,0.00130116,0.000602129,0.000542426,0,1
34.206,16.791,0.9,15.2747,0.450467,15.2884,0.910263,-0.00999174,0.0209836,-1.44828e-05,-1.36549e-05,0.00131274,0.000607981,0.000545846,0,1
34.226,16.801,0.9,15.2849,0.449957,15.2986,0.910321,-0.00936516,0.021014,-1.41142e-05,-1.31639e-05,0.00126748,0.000583194,0.000530976,0,1
34.246,16.811,0.9,15.2944,0.449485,15.3081,0.910232,-0.00972392,0.0210404,-1.44343e-05,-1.31235e-05,0.00127859,0.000588868,0.000534369,0,1
34.266,16.821,0.9,15.3046,0.448977,15.3183,0.910133,-0.00939153,0.0210707,-1.48033e-05,-1.30773e-05,0.00129066,0.000594963,0.00053777,0,1
34.286,16.831,0.9,15.3146,0.448478,15.3283,0.910039,-0.00955764,0.0211,-1.51533e-05,-1.30334e-05,0.00130265,0.000601009,0.00054118,0,1
34.306,16.841,0.9,15.3248,0.447968,15.3386,0.909941,-0.00947613,0.0211304,-1.55184e-05,-1.2987e-05,0.00131501,0.000607208,0.000544597,0,1
34.326,16.851,0.9,15.3344,0.447494,15.3481,0.909851,-0.00911669,0.0211573,-1.58413e-05,-1.29443e-05,0.00132668,0.000613081,0.000548023,0,1
34.346,16.861,0.9,15.344,0.447014,15.3578,0.909909,-0.00980741,0.0211845,-1.53668e-05,-1.24451e-05,0.00127967,0.000587495,0.000532932,0,1
34.366,16.871,0.9,15.3534,0.446538,15.3672,0.909816,-0.0100177,0.0212108,-1.56875e-05,-1.24016e-05,0.00129083,0.000593179,0.00053633,0,1
34.386,16.881,0.9,15.3635,0.446031,15.3773,0.909715,-0.00962099,0.0212405,-1.60496e-05,-1.23532e-05,0.00130287,0.000599246,0.000539737,0,1
34.406,16.891,0.9,15.3736,0.445525,15.3874,0.909618,-0.00975342,0.0212701,-1.6401e-05,-1.23065e-05,0.00131503,0.000605351,0.000543152,0,1
34.426,16.901,0.9,15.3837,0.445012,15.3976,0.909518,-0.010502,0.0213002,-1.67583e-05,-1.22584e-05,0.00132738,0.000611534,0.000546575,0,1
34.446,16.911,0.9,15.3933,0.444525,15.4071,0.909604,-0.0105769,0.0213269,-1.62795e-05,-1.17483e-05,0.00128024,0.000585974,0.000531576,0,1
34.466,16.921,0.9,15.4031,0.444022,15.4169,0.9095,-0.0109669,0.0213549,-1.66297e-05,-1.16983e-05,0.00129177,0.000591821,0.000534972,0,1
34.486,16.931,0.9,15.4127,0.443523,15.4266,0.909394,-0.0107836,0.0213825,-1.69822e-05,-1.16463e-05,0.00130331,0.000597661,0.000538377,0,1
34.506,16.941,0.9,15.4227,0.443005,15.4366,0.909286,-0.011789,0.0214116,-1.73469e-05,-1.15932e-05,0.00131529,0.000603691,0.000541789,0,1
34.526,16.951,0.9,15.4322,0.442507,15.4461,0.909401,-0.0113595,0.0214382,-1.68855e-05,-1.10819e-05,0.0012691,0.000578737,0.000527174,0,1
34.546,16.961,0.9,15.4433,0.441931,15.4572,0.909275,-0.0109384,0.0214736,-1.7337e-05,-1.10196e-05,0.00128202,0.000585224,0.000530561,0,1
34.566,16.971,0.9,15.4532,0.44142,15.4671,0.909167,-0.0110656,0.0215021,-1.76936e-05,-1.09664e-05,0.00129363,0.000591105,0.000533955,0,1
34.586,16.981,0.9,15.463,0.440911,15.4769,0.909058,-0.0107019,0.0215305,-1.80503e-05,-1.09122e-05,0.00130533,0.000597014,0.000537358,0,1
34.606,16.991,0.9,15.4733,0.440384,15.4873,0.908947,-0.0100276,0.0215613,-1.84263e-05,-1.08568e-05,0.00131769,0.000603207,0.00054077,0,1
34.626,17.001,0.9,15.4831,0.439884,15.4971,0.909061,-0.00992968,0.0215895,-1.79104e-05,-1.03457e-05,0.00127169,0.000578407,0.0005262,0,1
34.646,17.011,0.9,15.493,0.439378,15.507,0.908963,-0.0104587,0.0216181,-1.82393e-05,-1.02973e-05,0.00128319,0.000584247,0.000529585,0,1
34.666,17.021,0.9,15.5032,0.438857,15.5172,0.908856,-0.00959561,0.0216485,-1.85994e-05,-1.02438e-05,0.00129519,0.000590304,0.000532978,0,1
34.686,17.031,0.9,15.5135,0.438341,15.5275,0.908758,-0.00914599,0.021679,-1.89388e-05,-1.01945e-05,0.00130736,0.000596417,0.00053638,0,1
34.706,17.041,0.9,15.5238,0.437817,15.5378,0.908663,-0.00996578,0.0217102,-1.92727e-05,-1.01467e-05,0.00131979,0.000602636,0.00053979,0,1
34.726,17.051,0.9,15.5328,0.437359,15.5468,0.908894,-0.00936805,0.0217343,-1.8684e-05,-9.63678e-06,0.00127271,0.000577416,0.000525266,0,1
34.746,17.061,0.9,15.5421,0.436894,15.5561,0.908808,-0.00879686,0.0217596,-1.89596e-05,-9.59361e-06,0.00128345,0.000582912,0.00052865,0,1
34.766,17.071,0.9,15.5522,0.436391,15.5662,0.908719,-0.00833097,0.0217893,-1.92652e-05,-9.54899e-06,0.00129527,0.000588889,0.000532042,0,1
34.786,17.081,0.9,15.563,0.435848,15.5771,0.908628,-0.00907299,0.0218235,-1.96002e-05,-9.50295e-06,0.00130817,0.000595334,0.000535443,0,1
34.806,17.091,0.9,15.573,0.435347,15.587,0.908538,-0.00904248,0.0218524,-1.99032e-05,-9.45675e-06,0.00132008,0.000601323,0.000538851,0,1
34.826,17.101,0.9,15.5825,0.434873,15.5966,0.908452,-0.00816291,0.021879,-2.01813e-05,-9.41255e-06,0.00133157,0.00060711,0.000542268,0,1
34.846,17.111,0.9,15.5926,0.434378,15.6067,0.908793,-0.00715569,0.0219088,-1.95715e-05,-8.89904e-06,0.00128485,0.000582035,0.000527536,0,1
34.866,17.121,0.9,15.6029,0.433876,15.617,0.908719,-0.00690166,0.0219398,-1.98419e-05,-8.86151e-06,0.00129694,0.000588127,0.000530926,0,1
34.886,17.131,0.9,15.6136,0.433349,15.6277,0.908645,-0.00848915,0.0219729,-2.01219e-05,-8.82366e-06,0.00130961,0.000594466,0.000534325,0,1
34.906,17.141,0.9,15.624,0.432829,15.6381,0.908557,-0.00898119,0.022004,-2.04243e-05,-8.77808e-06,0.00132197,0.000600651,0.000537732,0,1
34.926,17.151,0.9,15.6337,0.432335,15.6479,0.908934,-0.00861812,0.022032,-1.98195e-05,-8.27147e-06,0.00127565,0.000575908,0.000523331,0,1
34.946,17.161,0.9,15.6438,0.43183,15.6579,0.908848,-0.00822584,0.0220615,-2.0106e-05,-8.22685e-06,0.00128728,0.000581801,0.000526712,0,1
34.966,17.171,0.9,15.6536,0.431343,15.6677,0.908767,-0.00750459,0.0220896,-2.03709e-05,-8.185e-06,0.00129875,0.000587609,0.000530101,0,1
34.986,17.181,0.9,15.6641,0.430814,15.6783,0.908688,-0.0088062,0.022122,-2.06535e-05,-8.14351e-06,0.00131124,0.000593867,0.000533498,0,1
35.006,17.191,0.9,15.6748,0.430277,15.6889,0.908594,-0.00849984,0.0221546,-2.09714e-05,-8.09412e-06,0.00132393,0.000600191,0.000536904,0,1
35.026,17.201,0.9,15.6847,0.429778,15.6988,0.90851,-0.00866964,0.0221833,-2.12443e-05,-8.04938e-06,0.00133588,0.000606174,0.000540318,0,1
35.046,17.211,0.9,15.6948,0.429262,15.709,0.908825,-0.0086083,0.0222135,-2.06188e-05,-7.53519e-06,0.00128896,0.000581135,0.000525673,0,1
35.066,17.221,0.9,15.7047,0.428761,15.7189,0.90874,-0.00886329,0.0222418,-2.08871e-05,-7.49048e-06,0.00130045,0.000586949,0.000529061,0,1
35.086,17.231,0.9,15.714,0.428288,15.7282,0.908657,-0.00826608,0.0222675,-2.11356e-05,-7.44647e-06,0.00131146,0.000592534,0.000532456,0,1
35.106,17.241,0.9,15.7237,0.427803,15.7379,0.908577,-0.00762824,0.022295,-2.13873e-05,-7.40353e-06,0.00132299,0.000598347,0.00053586,0,1
35.126,17.251,0.9,15.7336,0.427308,15.7478,0.908941,-0.00748802,0.0223238,-2.07328e-05,-6.90808e-06,0.00127678,0.000573788,0.000521586,0,1
35.146,17.261,0.9,15.7437,0.426806,15.7579,0.908865,-0.00720222,0.0223535,-2.09808e-05,-6.86775e-06,0.00128842,0.000579684,0.000524965,0,1
35.166,17.271,0.9,15.7537,0.42631,15.768,0.908793,-0.00674267,0.0223829,-2.12195e-05,-6.82879e-06,0.00130012,0.000585599,0.000528351,0,1
35.186,17.281,0.9,15.7634,0.425832,15.7777,0.908727,-0.00660143,0.0224105,-2.14337e-05,-6.79315e-06,0.00131156,0.00059138,0.000531746,0,1
35.206,17.291,0.9,15.773,0.425367,15.7872,0.908664,-0.00591644,0.0224374,-2.16379e-05,-6.75855e-06,0.00132291,0.000597114,0.00053515,0,1
35.226,17.301,0.9,15.7835,0.424852,15.7978,0.908952,-0.00630968,0.0224697,-2.09633e-05,-6.2753e-06,0.00127747,0.000572961,0.000520935,0,1
35.246,17.311,0.9,15.7938,0.424351,15.8081,0.908887,-0.00567997,0.0225005,-2.11843e-05,-6.23982e-06,0.00128932,0.000578954,0.000524313,0,1
35.266,17.321,0.9,15.8034,0.423891,15.8177,0.908833,-0.00484111,0.0225275,-2.13656e-05,-6.20957e-06,0.00130047,0.00058462,0.000527699,0,1
35.286,17.331,0.9,15.8131,0.423429,15.8275,0.908786,-0.00451258,0.0225554,-2.15337e-05,-6.18288e-06,0.00131195,0.000590422,0.000531093,0,1
35.306,17.341,0.9,15.8226,0.422981,15.8369,0.908743,-0.00478606,0.0225818,-2.16856e-05,-6.15845e-06,0.00132317,0.0005961,0.000534495,0,1
35.326,17.351,0.9,15.8321,0.42253,15.8465,0.90914,-0.00401748,0.0226084,-2.09527e-05,-5.69221e-06,0.00127652,0.000571453,0.000520332,0,1
35.346,17.361,0.9,15.8422,0.422057,15.8566,0.909099,-0.00364213,0.0226382,-2.11066e-05,-5.66875e-06,0.00128814,0.000577348,0.000523709,0,1
35.366,17.371,0.9,15.853,0.421547,15.8674,0.90906,-0.00469234,0.022672,-2.12679e-05,-5.64577e-06,0.00130069,0.000583651,0.000527094,0,1
35.386,17.381,0.9,15.8631,0.421066,15.8775,0.909013,-0.00475639,0.0227016,-2.14357e-05,-5.61847e-06,0.00131251,0.000589608,0.000530488,0,1
35.406,17.391,0.9,15.873,0.4206,15.8873,0.908966,-0.00376304,0.02273,-2.15983e-05,-5.59119e-06,0.00132419,0.00059549,0.00053389,0,1
35.426,17.401,0.9,15.8831,0.420126,15.8975,0.909305,-0.00325661,0.0227601,-2.08655e-05,-5.13823e-06,0.00127821,0.000571199,0.000519763,0,1
35.446,17.411,0.9,15.8939,0.419623,15.9083,0.909269,-0.00332225,0.0227938,-2.10103e-05,-5.117e-06,0.00129062,0.000577445,0.000523139,0,1
35.466,17.421,0.9,15.9036,0.419173,15.918,0.909237,-0.00319192,0.0228213,-2.11327e-05,-5.09718e-06,0.00130187,0.000583157,0.000526524,0,1
35.486,17.431,0.9,15.913,0.418736,15.9274,0.909207,-0.00306021,0.0228474,-2.12463e-05,-5.07837e-06,0.00131289,0.000588757,0.000529917,0,1
35.506,17.441,0.9,15.9229,0.418276,15.9373,0.909177,-0.00378752,0.0228759,-2.13656e-05,-5.05935e-06,0.00132457,0.000594639,0.000533319,0,1
35.526,17.451,0.9,15.9329,0.417799,15.9473,0.909515,-0.00481142,0.022905,-2.06409e-05,-4.61822e-06,0.00127837,0.000570293,0.000519235,0,1
35.546,17.461,0.9,15.9428,0.417315,15.9573,0.909467,-0.00509557,0.0229342,-2.07996e-05,-4.5897e-06,0.00128982,0.000576114,0.000522611,0,1
35.566,17.471,0.9,15.9538,0.41678,15.9683,0.909411,-0.00522493,0.0229689,-2.09945e-05,-4.55686e-06,0.00130255,0.000582495,0.000525996,0,1
35.586,17.481,0.9,15.9639,0.41629,15.9784,0.909358,-0.0046775,0.0229987,-2.11652e-05,-4.52544e-06,0.00131439,0.000588461,0.000529388,0,1
35.606,17.491,0.9,15.9747,0.415768,15.9892,0.909308,-0.00498975,0.0230324,-2.13417e-05,-4.49502e-06,0.00132718,0.000594837,0.000532789,0,1
35.626,17.501,0.9,15.9846,0.415291,15.9991,0.909629,-0.00408196,0.023061,-2.06452e-05,-4.05602e-06,0.00128067,0.00057039,0.000518715,0,1
35.646,17.511,0.9,15.9955,0.414769,16.01,0.909585,-0.00452325,0.023095,-2.08028e-05,-4.02882e-06,0.00129314,0.000576661,0.000522091,0,1
35.666,17.521,0.9,16.0053,0.414293,16.0198,0.90954,-0.00427491,0.0231236,-2.09455e-05,-4.00128e-06,0.00130458,0.000582456,0.000525475,0,1
35.686,17.531,0.9,16.0157,0.413792,16.0302,0.909496,-0.00489723,0.0231547,-2.10942e-05,-3.97376e-06,0.00131671,0.000588549,0.000528867,0,1
35.706,17.541,0.9,16.0255,0.413318,16.04,0.909448,-0.00408812,0.0231829,-2.12427e-05,-3.94405e-06,0.00132832,0.000594395,0.000532267,0,1
35.726,17.551,0.9,16.0355,0.412836,16.05,0.909801,-0.00439452,0.0232121,-2.05345e-05,-3.51889e-06,0.00128187,0.000570016,0.000518222,0,1
35.746,17.561,0.9,16.0447,0.412388,16.0592,0.909761,-0.00503593,0.0232372,-2.06538e-05,-3.49313e-06,0.00129242,0.000575421,0.000521598,0,1
35.766,17.571,0.9,16.0547,0.411898,16.0693,0.90971,-0.00465004,0.0232664,-2.08067e-05,-3.46201e-06,0.001304,0.000581281,0.000524981,0,1
35.786,17.581,0.9,16.0643,0.411425,16.0789,0.909666,-0.00580657,0.0232935,-2.09396e-05,-3.43372e-06,0.00131521,0.000586967,0.000528373,0,1
35.806,17.591,0.9,16.074,0.410946,16.0886,0.909609,-0.00484227,0.0233211,-2.11e-05,-3.39904e-06,0.00132666,0.00059275,0.000531773,0,1
35.826,17.601,0.9,16.084,0.410453,16.0986,0.910005,-0.00501445,0.0233504,-2.0419e-05,-2.98081e-06,0.00128037,0.000568492,0.000517794,0,1
35.846,17.611,0.9,16.0942,0.409949,16.1088,0.909954,-0.0050395,0.0233808,-2.05722e-05,-2.94889e-06,0.00129204,0.000574411,0.000521169,0,1
35.866,17.621,0.9,16.104,0.409469,16.1186,0.909905,-0.00465241,0.0234087,-2.07134e-05,-2.91779e-06,0.00130333,0.000580143,0.000524552,0,1
35.886,17.631,0.9,16.1134,0.409002,16.1281,0.909861,-0.0053165,0.0234351,-2.08378e-05,-2.88924e-06,0.00131436,0.000585751,0.000527943,0,1
35.906,17.641,0.9,16.1232,0.408523,16.1379,0.909808,-0.00368643,0.0234632,-2.09847e-05,-2.85625e-06,0.00132589,0.000591574,0.000531343,0,1
35.926,17.651,0.9,16.1318,0.40811,16.1464,0.909777,-0.00381071,0.0234852,-2.10715e-05,-2.83391e-06,0.00133609,0.000596794,0.000534751,0,1
35.946,17.661,0.9,16.1413,0.407649,16.156,0.91015,-0.00360057,0.023512,-2.03564e-05,-2.4274e-06,0.00128853,0.000571926,0.000520566,0,1
35.966,17.671,0.9,16.1509,0.407193,16.1655,0.910116,-0.00295775,0.0235387,-2.04557e-05,-2.40356e-06,0.00129948,0.000577519,0.000523948,0,1
35.986,17.681,0.9,16.1606,0.406733,16.1752,0.910087,-0.0027157,0.0235662,-2.05439e-05,-2.38252e-06,0.00131073,0.000583241,0.000527339,0,1
36.006,17.691,0.9,16.1708,0.406248,16.1855,0.910059,-0.00245019,0.0235968,-2.0635e-05,-2.36179e-06,0.00132276,0.000589302,0.000530738,0,1
36.026,17.701,0.9,16.1806,0.405792,16.1953,0.910429,-0.00151095,0.0236247,-1.99207e-05,-1.97961e-06,0.00127649,0.000565145,0.000516896,0,1
36.046,17.711,0.9,16.1908,0.405317,16.2055,0.910413,-0.0016199,0.0236551,-1.99781e-05,-1.96517e-06,0.0012881,0.000571055,0.00052027,0,1
36.066,17.721,0.9,16.2008,0.404852,16.2155,0.910397,-0.00157398,0.0236843,-2.00357e-05,-1.95026e-06,0.00129959,0.000576898,0.000523653,0,1
36.086,17.731,0.9,16.2101,0.404418,16.2249,0.910382,-0.00136628,0.0237102,-2.00862e-05,-1.93605e-06,0.00131045,0.000582447,0.000527043,0,1
36.106,17.741,0.9,16.2202,0.403951,16.2349,0.910369,-0.00151327,0.0237398,-2.0138e-05,-1.92231e-06,0.00132224,0.000588404,0.000530442,0,1
36.126,17.751,0.9,16.2304,0.403468,16.2451,0.910748,-0.00302158,0.0237701,-1.94274e-05,-1.55896e-06,0.00127651,0.000564528,0.000516637,0,1
36.146,17.761,0.9,16.241,0.402961,16.2557,0.910716,-0.00238333,0.0238026,-1.95239e-05,-1.5355e-06,0.00128854,0.000570633,0.000520011,0,1
36.166,17.771,0.9,16.2508,0.402492,16.2656,0.910693,-0.00241178,0.023831,-1.95934e-05,-1.51634e-06,0.00129986,0.000576398,0.000523394,0,1
36.186,17.781,0.9,16.2614,0.401991,16.2762,0.910667,-0.00220194,0.0238633,-1.96723e-05,-1.49606e-06,0.00131209,0.000582565,0.000526785,0,1
36.206,17.791,0.9,16.2712,0.401529,16.2859,0.910646,-0.00193228,0.0238913,-1.97359e-05,-1.47777e-06,0.00132353,0.000588362,0.000530183,0,1
36.226,17.801,0.9,16.2811,0.401058,16.2959,0.911042,-0.00226347,0.0239201,-1.90493e-05,-1.12505e-06,0.00127741,0.000564331,0.000516388,0,1
36.246,17.811,0.9,16.2909,0.400591,16.3057,0.91102,-0.00169885,0.0239485,-1.91121e-05,-1.10616e-06,0.00128859,0.000570053,0.000519762,0,1
36.266,17.821,0.9,16.3009,0.400115,16.3158,0.911003,-0.00255553,0.0239777,-1.91629e-05,-1.08995e-06,0.00130005,0.000575886,0.000523144,0,1
36.286,17.831,0.9,16.3112,0.399623,16.326,0.910977,-0.00278864,0.0240081,-1.92366e-05,-1.06889e-06,0.00131189,0.000581877,0.000526535,0,1
36.306,17.841,0.9,16.3216,0.399113,16.3365,0.910947,-0.00362977,0.0240399,-1.93192e-05,-1.0461e-06,0.00132413,0.000588039,0.000529934,0,1
36.326,17.851,0.9,16.3322,0.3986,16.347,0.911328,-0.00242172,0.0240722,-1.87004e-05,-6.96402e-07,0.00127868,0.000564341,0.000516156,0,1
36.346,17.861,0.9,16.3423,0.398106,16.3572,0.911304,-0.00336308,0.0241022,-1.87661e-05,-6.75897e-07,0.0012902,0.000570209,0.00051953,0,1
36.366,17.871,0.9,16.352,0.397632,16.3669,0.911271,-0.00275671,0.0241299,-1.88472e-05,-6.51054e-07,0.00130135,0.000575901,0.000522913,0,1
36.386,17.881,0.9,16.3621,0.397144,16.377,0.911243,-0.00217801,0.0241597,-1.89196e-05,-6.28623e-07,0.00131305,0.00058183,0.000526304,0,1
36.406,17.891,0.9,16.3727,0.396634,16.3876,0.91122,-0.00267728,0.0241921,-1.89835e-05,-6.08608e-07,0.00132544,0.000588055,0.000529703,0,1
36.426,17.901,0.9,16.3821,0.396181,16.397,0.911491,-0.00209516,0.0242181,-1.83406e-05,-2.76579e-07,0.00127857,0.000563733,0.000515931,0,1
36.446,17.911,0.9,16.3922,0.395687,16.4071,0.91147,-0.00348233,0.024248,-1.83941e-05,-2.57366e-07,0.00129006,0.000569595,0.000519305,0,1
36.466,17.921,0.9,16.403,0.395148,16.4179,0.911432,-0.00465376,0.0242816,-1.84922e-05,-2.29586e-07,0.00130241,0.000575832,0.000522688,0,1
36.486,17.931,0.9,16.4135,0.394616,16.4284,0.911383,-0.00487605,0.0243135,-1.86144e-05,-1.95776e-07,0.00131455,0.000581955,0.000526079,0,1
36.506,17.941,0.9,16.4239,0.394091,16.4389,0.911332,-0.0037714,0.024345,-1.87405e-05,-1.60664e-07,0.00132675,0.000588094,0.000529478,0,1
36.526,17.951,0.9,16.4339,0.393592,16.4489,0.911627,-0.00327893,0.0243745,-1.81421e-05,1.67785e-07,0.00128053,0.000564092,0.000515712,0,1
36.546,17.961,0.9,16.4438,0.393101,16.4588,0.911594,-0.00347949,0.0244032,-1.82161e-05,1.93276e-07,0.00129177,0.000569836,0.000519086,0,1
36.566,17.971,0.9,16.4534,0.392622,16.4684,0.911561,-0.00458224,0.0244299,-1.82881e-05,2.19247e-07,0.00130269,0.000575422,0.000522469,0,1
36.586,17.981,0.9,16.4634,0.392111,16.4784,0.911515,-0.00451688,0.0244594,-1.83943e-05,2.52113e-07,0.00131433,0.000581321,0.00052586,0,1
36.606,17.991,0.9,16.4741,0.391572,16.4891,0.911467,-0.00410544,0.0244923,-1.8512e-05,2.86275e-07,0.0013268,0.000587583,0.000529259,0,1
36.626,18.001,0.9,16.4845,0.391043,16.4995,0.9118,-0.0048641,0.0245237,-1.79384e-05,6.06983e-07,0.00128098,0.000563789,0.000515516,0,1
36.646,18.011,0.9,16.4949,0.390512,16.51,0.911749,-0.00377744,0.0245554,-1.80573e-05,6.42408e-07,0.00129284,0.000569811,0.00051889,0,1
36.666,18.021,0.9,16.5048,0.390016,16.5199,0.911712,-0.00311503,0.0245842,-1.8138e-05,6.71074e-07,0.0013042,0.000575596,0.000522273,0,1
36.686,18.031,0.9,16.5147,0.389532,16.5298,0.911681,-0.00183594,0.0246128,-1.82025e-05,6.96408e-07,0.00131564,0.000581406,0.000525664,0,1
36.706,18.041,0.9,16.5249,0.389039,16.54,0.911662,-0.00208083,0.0246428,-1.82397e-05,7.1547e-07,0.00132752,0.0005874,0.000529063,0,1
36.726,18.051,0.9,16.5344,0.388577,16.5495,0.911642,-0.00226389,0.0246694,-1.82764e-05,7.3519e-07,0.00133872,0.000593081,0.000532471,0,1
36.746,18.061,0.9,16.5442,0.388098,16.5593,0.91204,-0.00134959,0.0246979,-1.76555e-05,1.03803e-06,0.0012914,0.000568547,0.000518471,0,1
36.766,18.071,0.9,16.5545,0.387599,16.5696,0.912026,-0.00201835,0.0247286,-1.76783e-05,1.05482e-06,0.00130315,0.000574511,0.000521853,0,1
36.786,18.081,0.9,16.564,0.387129,16.5792,0.912007,-0.00306642,0.0247553,-1.77109e-05,1.07447e-06,0.00131415,0.000580128,0.000525244,0,1
36.806,18.091,0.9,16.5739,0.386633,16.589,0.911977,-0.00409163,0.0247836,-1.77694e-05,1.09994e-06,0.00132561,0.000585941,0.000528643,0,1
36.826,18.101,0.9,16.5836,0.386129,16.5988,0.91235,-0.00509442,0.0248115,-1.72153e-05,1.39532e-06,0.00127918,0.000561925,0.000514968,0,1
36.846,18.111,0.9,16.5926,0.385662,16.6078,0.912304,-0.0041991,0.0248356,-1.72997e-05,1.42898e-06,0.00128937,0.0005672,0.000518342,0,1
36.866,18.121,0.9,16.6021,0.385177,16.6173,0.912264,-0.0032088,0.0248623,-1.73751e-05,1.45972e-06,0.00130022,0.00057277,0.000521725,0,1
36.886,18.131,0.9,16.6125,0.38465,16.6277,0.912231,-0.00407498,0.0248935,-1.74409e-05,1.48712e-06,0.00131217,0.000578824,0.000525115,0,1
36.906,18.141,0.9,16.6223,0.384152,16.6375,0.912191,-0.0028726,0.0249219,-1.75183e-05,1.51824e-06,0.00132362,0.000584641,0.000528514,0,1
36.926,18.151,0.9,16.6327,0.383634,16.6479,0.912586,-0.00247544,0.024953,-1.69559e-05,1.798e-06,0.00127801,0.000561021,0.000514884,0,1
36.946,18.161,0.9,16.6419,0.383177,16.6571,0.912563,-0.00132072,0.0249782,-1.69888e-05,1.82016e-06,0.00128843,0.000566409,0.000518259,0,1
36.966,18.171,0.9,16.6514,0.382713,16.6666,0.91255,-0.00190964,0.0250045,-1.69992e-05,1.83701e-06,0.00129919,0.000571944,0.000521641,0,1
36.986,18.181,0.9,16.661,0.382238,16.6762,0.912532,-0.00212513,0.0250316,-1.70226e-05,1.85695e-06,0.00131021,0.000577587,0.000525032,0,1
37.006,18.191,0.9,16.6707,0.381759,16.686,0.912511,-0.000732546,0.0250595,-1.70518e-05,1.87827e-06,0.00132156,0.000583368,0.000528432,0,1
37.026,18.201,0.9,16.6802,0.3813,16.6955,0.912995,-0.000424772,0.0250861,-1.64545e-05,2.13348e-06,0.00127516,0.000559406,0.000514843,0,1
37.046,18.211,0.9,16.6907,0.380798,16.706,0.912991,0.000601669,0.0251181,-1.64431e-05,2.14645e-06,0.00128698,0.000565447,0.000518218,0,1
37.066,18.221,0.9,16.7001,0.38036,16.7154,0.912996,0.00221306,0.0251443,-1.64104e-05,2.15417e-06,0.00129769,0.000570965,0.000521601,0,1
37.086,18.231,0.9,16.7093,0.379941,16.7246,0.913017,0.00248116,0.0251693,-1.6347e-05,2.1542e-06,0.00130824,0.000576403,0.000524992,0,1
37.106,18.241,0.9,16.7188,0.379513,16.7341,0.91304,0.00316535,0.0251957,-1.62745e-05,2.15248e-06,0.00131923,0.000582029,0.000528392,0,1
37.126,18.251,0.9,16.729,0.379057,16.7443,0.913743,0.00357378,0.0252261,-1.56097e-05,2.3703e-06,0.0012738,0.000558533,0.000514847,0,1
37.146,18.261,0.9,16.7394,0.378596,16.7547,0.91378,0.00410372,0.0252572,-1.54948e-05,2.36207e-06,0.00128543,0.000564489,0.000518222,0,1
37.166,18.271,0.9,16.7492,0.378166,16.7645,0.91382,0.00471526,0.0252853,-1.53791e-05,2.35201e-06,0.00129655,0.000570202,0.000521605,0,1
37.186,18.281,0.9,16.7588,0.37775,16.7741,0.913865,0.00462009,0.0253124,-1.5255e-05,2.33916e-06,0.00130755,0.000575848,0.000524997,0,1
37.206,18.291,0.9,16.7693,0.377303,16.7846,0.913914,0.00548493,0.0253445,-1.51101e-05,2.32433e-06,0.00131975,0.000582027,0.000528397,0,1
37.226,18.301,0.9,16.7797,0.376855,16.7951,0.914593,0.00419597,0.0253762,-1.44248e-05,2.50873e-06,0.00127454,0.000558643,0.000514852,0,1
37.246,18.311,0.9,16.7896,0.376432,16.8049,0.914635,0.00555071,0.0254045,-1.43044e-05,2.49833e-06,0.0012856,0.000564341,0.000518228,0,1
37.266,18.321,0.9,16.799,0.376036,16.8144,0.914687,0.00659153,0.0254308,-1.41645e-05,2.48196e-06,0.00129632,0.000569874,0.000521612,0,1
37.286,18.331,0.9,16.8094,0.3756,16.8248,0.914756,0.00554016,0.0254623,-1.39709e-05,2.45695e-06,0.00130825,0.000575944,0.000525004,0,1
37.306,18.341,0.9,16.8194,0.375178,16.8348,0.914811,0.00552119,0.0254913,-1.3818e-05,2.43872e-06,0.00131979,0.000581822,0.000528405,0,1
37.326,18.351,0.9,16.8293,0.374763,16.8446,0.915459,0.00669013,0.0255198,-1.3197e-05,2.60249e-06,0.00127395,0.000558158,0.000514866,0,1
37.346,18.361,0.9,16.8392,0.37435,16.8546,0.915525,0.0070388,0.0255488,-1.30146e-05,2.57901e-06,0.00128513,0.000563916,0.000518243,0,1
37.366,18.371,0.9,16.8493,0.37394,16.8647,0.915596,0.00831447,0.0255784,-1.28206e-05,2.55305e-06,0.00129656,0.000569773,0.000521627,0,1
37.386,18.381,0.9,16.8584,0.373576,16.8738,0.915672,0.00875658,0.0256031,-1.26356e-05,2.52418e-06,0.00130701,0.000575177,0.00052502,0,1
37.406,18.391,0.9,16.8675,0.373221,16.8829,0.915752,0.00977579,0.0256276,-1.24442e-05,2.49304e-06,0.00131753,0.0005806,0.000528421,0,1
37.426,18.401,0.9,16.8773,0.372845,16.8928,0.916419,0.0107111,0.0256558,-1.178e-05,2.61282e-06,0.0012718,0.000556999,0.00051492,0,1
37.446,18.411,0.9,16.8867,0.372493,16.9021,0.916519,0.0114498,0.0256816,-1.15355e-05,2.57194e-06,0.00128227,0.000562441,0.000518297,0,1
37.466,18.421,0.9,16.8967,0.37212,16.9122,0.916634,0.0116295,0.025711,-1.12386e-05,2.52302e-06,0.00129362,0.000568274,0.000521682,0,1
37.486,18.431,0.9,16.9065,0.371769,16.9219,0.916748,0.0136508,0.0257388,-1.09556e-05,2.47448e-06,0.00130475,0.000573995,0.000525075,0,1
37.506,18.441,0.9,16.9163,0.371429,16.9318,0.916882,0.0148454,0.0257671,-1.0622e-05,2.41436e-06,0.00131612,0.000579811,0.000528476,0,1
37.526,18.451,0.9,16.9263,0.371089,16.9418,0.917505,0.0150493,0.0257964,-9.89445e-06,2.47938e-06,0.00127073,0.000556376,0.000514998,0,1
37.546,18.461,0.9,16.9372,0.370723,16.9526,0.917668,0.0154487,0.0258304,-9.44854e-06,2.40568e-06,0.00128287,0.000562588,0.000518376,0,1
37.566,18.471,0.9,16.9469,0.370394,16.9623,0.917818,0.0148119,0.025858,-9.08372e-06,2.33823e-06,0.00129385,0.000568251,0.000521761,0,1
37.586,18.481,0.9,16.9575,0.370034,16.9729,0.917975,0.0149684,0.0258903,-8.6701e-06,2.26673e-06,0.00130593,0.000574404,0.000525155,0,1
37.606,18.491,0.9,16.968,0.369682,16.9835,0.918133,0.0163164,0.0259225,-8.25592e-06,2.19391e-06,0.00131812,0.000580588,0.000528557,0,1
37.626,18.501,0.9,16.9775,0.369372,16.993,0.918758,0.0170494,0.0259492,-7.61709e-06,2.22129e-06,0.00127203,0.000556833,0.000515054,0,1
37.646,18.511,0.9,16.9889,0.369005,17.0044,0.918952,0.0170424,0.0259862,-7.06932e-06,2.13136e-06,0.00128478,0.000563316,0.000518432,0,1
37.666,18.521,0.9,16.9985,0.368691,17.014,0.919116,0.016254,0.0260134,-6.67916e-06,2.05617e-06,0.00129567,0.000568936,0.000521818,0,1
37.686,18.531,0.9,17.0082,0.36837,17.0237,0.919274,0.0160569,0.026041,-6.30133e-06,1.98358e-06,0.00130677,0.000574638,0.000525212,0,1
37.706,18.541,0.9,17.0184,0.368035,17.0339,0.919437,0.0168076,0.0260711,-5.89276e-06,1.90742e-06,0.00131852,0.000580625,0.000528615,0,1
37.726,18.551,0.9,17.029,0.367694,17.0445,0.920073,0.0177871,0.0261036,-5.23662e-06,1.88956e-06,0.0012736,0.00055741,0.000515109,0,1
37.746,18.561,0.9,17.0392,0.367374,17.0547,0.920255,0.0184819,0.0261338,-4.78177e-06,1.80557e-06,0.00128503,0.000563287,0.000518487,0,1
37.766,18.571,0.9,17.049,0.367068,17.0644,0.920436,0.0182979,0.0261618,-4.34875e-06,1.72106e-06,0.00129612,0.000568994,0.000521874,0,1
37.786,18.581,0.9,17.0588,0.366757,17.0743,0.920617,0.0179021,0.0261904,-3.91327e-06,1.63583e-06,0.00130743,0.000574792,0.000525268,0,1
37.806,18.591,0.9,17.0686,0.366449,17.0841,0.920791,0.0182493,0.0262183,-3.4993e-06,1.55308e-06,0.00131871,0.000580566,0.000528672,0,1
37.826,18.601,0.9,17.079,0.366118,17.0945,0.920982,0.0175134,0.0262498,-3.01937e-06,1.46137e-06,0.00133088,0.000586733,0.000532083,0,1
37.846,18.611,0.9,17.0894,0.365778,17.1049,0.921637,0.0168938,0.0262813,-2.46223e-06,1.4015e-06,0.00128482,0.000562919,0.000518297,0,1
37.866,18.621,0.9,17.0991,0.365464,17.1146,0.921801,0.0180256,0.0263088,-2.07648e-06,1.32531e-06,0.00129579,0.000568575,0.000521683,0,1
37.886,18.631,0.9,17.1086,0.365164,17.1241,0.921972,0.0184293,0.0263351,-1.68803e-06,1.24501e-06,0.00130659,0.000574145,0.000525078,0,1
37.906,18.641,0.9,17.1188,0.364846,17.1343,0.922159,0.0189216,0.0263653,-1.22773e-06,1.15486e-06,0.00131836,0.00058014,0.000528481,0,1
37.926,18.651,0.9,17.1275,0.364573,17.143,0.922794,0.0186358,0.026388,-8.50628e-07,1.08027e-06,0.00127136,0.000555988,0.000514994,0,1
37.946,18.661,0.9,17.1372,0.364268,17.1527,0.922975,0.0190231,0.0264157,-4.24379e-07,9.95002e-07,0.00128225,0.000561627,0.000518373,0,1
37.966,18.671,0.9,17.1472,0.363959,17.1627,0.923165,0.0194156,0.0264448,3.11137e-08,9.04614e-07,0.00129352,0.000567434,0.00052176,0,1
37.986,18.681,0.9,17.157,0.363658,17.1725,0.923356,0.0195913,0.026473,4.77845e-07,8.13129e-07,0.00130472,0.000573193,0.000525155,0,1
38.006,18.691,0.9,17.167,0.363353,17.1825,0.923551,0.0195693,0.0265019,9.39868e-07,7.18495e-07,0.0013162,0.000579066,0.000528558,0,1
38.026,18.701,0.9,17.1763,0.36307,17.1918,0.924286,0.0203029,0.0265273,1.30309e-06,6.06662e-07,0.00126999,0.000555286,0.000515103,0,1
38.046,18.711,0.9,17.1859,0.362782,17.2014,0.924481,0.0208287,0.0265544,1.75071e-06,5.13563e-07,0.00128073,0.000560865,0.000518482,0,1
38.066,18.721,0.9,17.1954,0.362499,17.211,0.924681,0.0209991,0.0265813,2.20235e-06,4.17644e-07,0.00129152,0.000566454,0.000521869,0,1
38.086,18.731,0.9,17.2061,0.362185,17.2216,0.924905,0.0212437,0.0266142,2.7693e-06,3.07938e-07,0.00130368,0.00057266,0.000525265,0,1
38.106,18.741,0.9,17.2166,0.361875,17.2321,0.925128,0.0208379,0.0266461,3.32081e-06,1.97934e-07,0.00131577,0.000578815,0.000528669,0,1
38.126,18.751,0.9,17.2264,0.361584,17.242,0.926291,0.0217664,0.0266744,3.68764e-06,4.22478e-08,0.00127023,0.000555344,0.000515218,0,1
38.146,18.761,0.9,17.2365,0.361285,17.2521,0.92651,0.0211411,0.026704,4.20919e-06,-6.40789e-08,0.00128149,0.000561161,0.000518598,0,1
38.166,18.771,0.9,17.247,0.360973,17.2625,0.926732,0.0214199,0.0267358,4.75489e-06,-1.72362e-07,0.00129331,0.000567224,0.000521986,0,1
38.186,18.781,0.9,17.2574,0.360658,17.2729,0.926955,0.0203708,0.0267672,5.29917e-06,-2.82441e-07,0.0013052,0.0005733,0.000525382,0,1
38.206,18.791,0.9,17.2671,0.360355,17.2827,0.927154,0.0198657,0.026795,5.74829e-06,-3.80517e-07,0.00131644,0.000579068,0.000528787,0,1
38.226,18.801,0.9,17.2766,0.360057,17.2922,0.928344,0.020121,0.0268214,5.9741e-06,-5.58142e-07,0.00127044,0.000555383,0.000515326,0,1
38.246,18.811,0.9,17.2873,0.35972,17.3028,0.928559,0.0200225,0.0268542,6.5079e-06,-6.62723e-07,0.00128234,0.000561499,0.000518706,0,1
38.266,18.821,0.9,17.2971,0.359409,17.3127,0.928756,0.020309,0.0268827,6.95972e-06,-7.59524e-07,0.00129349,0.000567252,0.000522094,0,1
38.286,18.831,0.9,17.3076,0.35908,17.3232,0.928969,0.0202208,0.0269144,7.47352e-06,-8.64794e-07,0.00130542,0.000573351,0.000525491,0,1
38.306,18.841,0.9,17.3179,0.358754,17.3335,0.929178,0.0202931,0.0269454,7.97129e-06,-9.69245e-07,0.00131735,0.000579432,0.000528896,0,1
38.326,18.851,0.9,17.3284,0.358431,17.344,0.930368,0.0223785,0.0269774,8.23227e-06,-1.1872e-06,0.00127243,0.000556247,0.000515421,0,1
38.346,18.861,0.9,17.3385,0.358129,17.3541,0.930594,0.022196,0.027007,8.75607e-06,-1.29845e-06,0.00128371,0.000562069,0.000518802,0,1
38.366,18.871,0.9,17.3482,0.357835,17.3638,0.930809,0.0217568,0.0270344,9.23022e-06,-1.40494e-06,0.00129465,0.000567719,0.000522191,0,1
38.386,18.881,0.9,17.359,0.357507,17.3746,0.931044,0.0221596,0.027068,9.81085e-06,-1.52278e-06,0.00130697,0.000573992,0.000525588,0,1
38.406,18.891,0.9,17.3693,0.357197,17.3848,0.931271,0.0222654,0.0270987,1.03438e-05,-1.638e-06,0.00131885,0.000580045,0.000528993,0,1
38.426,18.901,0.9,17.3785,0.356917,17.3941,0.931477,0.0218488,0.027124,1.07701e-05,-1.7425e-06,0.00132963,0.00058559,0.000532407,0,1
38.446,18.911,0.9,17.3884,0.356612,17.404,0.932732,0.0221442,0.0271528,1.09078e-05,-1.99839e-06,0.00128312,0.000561597,0.000518649,0,1
38.466,18.921,0.9,17.3987,0.356301,17.4143,0.932959,0.0231056,0.0271833,1.14346e-05,-2.11216e-06,0.0012947,0.000567546,0.000522038,0,1
38.486,18.931,0.9,17.409,0.355989,17.4246,0.933197,0.0223281,0.0272142,1.19906e-05,-2.23288e-06,0.00130649,0.000573574,0.000525435,0,1
38.506,18.941,0.9,17.4196,0.355667,17.4352,0.933433,0.0228286,0.0272465,1.25513e-05,-2.3532e-06,0.00131868,0.000579772,0.00052884,0,1
38.526,18.951,0.9,17.4295,0.355361,17.4451,0.934853,0.0224781,0.0272755,1.26613e-05,-2.63269e-06,0.00127306,0.000556275,0.000515357,0,1
38.546,18.961,0.9,17.4392,0.35506,17.4548,0.93507,0.0225334,0.0273028,1.3129e-05,-2.74148e-06,0.00128387,0.00056188,0.000518738,0,1
38.566,18.971,0.9,17.4488,0.354765,17.4644,0.935287,0.0234099,0.0273299,1.35906e-05,-2.85085e-06,0.00129473,0.000567499,0.000522127,0,1
38.586,18.981,0.9,17.459,0.354452,17.4746,0.935526,0.0226255,0.0273602,1.41339e-05,-2.97282e-06,0.00130639,0.000573469,0.000525524,0,1
38.606,18.991,0.9,17.4686,0.354155,17.4842,0.935742,0.0228386,0.0273872,1.45899e-05,-3.08411e-06,0.00131744,0.000579153,0.00052893,0,1
38.626,19.001,0.9,17.4779,0.353865,17.4935,0.937561,0.0233209,0.0274128,1.45671e-05,-3.3791e-06,0.0012712,0.000555371,0.000515464,0,1
38.646,19.011,0.9,17.4883,0.35354,17.504,0.937804,0.0236658,0.0274443,1.51293e-05,-3.50218e-06,0.00128284,0.000561367,0.000518845,0,1
38.666,19.0199,0.9,17.4965,0.353287,17.5121,0.937998,0.02369,0.0274644,1.54674e-05,-3.60049e-06,0.00129206,0.000566238,0.000522235,0,1
38.686,19.025,0.9,17.5005,0.353162,17.5162,0.938093,0.0238228,0.0274702,1.55371e-05,-3.64848e-06,0.00129664,0.000568981,0.000525632,0,1
38.706,19.0262,0.9,17.5005,0.353164,17.5161,0.938092,0.0239669,0.0274704,1.55427e-05,-3.64569e-06,0.00129657,0.000569581,0.000529039,0,1
38.726,19.0262,0.9,17.5002,0.353171,17.5159,0.939886,0.0251749,0.0274707,1.50581e-05,-3.82795e-06,0.00124151,0.000541677,0.000515859,0,1
38.746,19.0262,0.9,17.4997,0.353189,17.5153,0.939872,0.0258275,0.0274711,1.50798e-05,-3.81882e-06,0.0012409,0.000541986,0.000519242,0,1
38.766,19.0262,0.9,17.4998,0.353184,17.5155,0.939875,0.0271,0.0274714,1.5083e-05,-3.81895e-06,0.00124106,0.000542661,0.000522632,0,1
38.786,19.0262,0.9,17.4999,0.353183,17.5155,0.939877,0.0268177,0.0274716,1.50868e-05,-3.81805e-06,0.00124112,0.000543294,0.000526031,0,1
38.806,19.0262,0.9,17.4995,0.353193,17.5152,0.939868,0.025559,0.0274719,1.51022e-05,-3.8113e-06,0.00124074,0.000543709,0.000529439,0,1
38.826,19.0262,0.9,17.4994,0.353196,17.5151,0.941492,0.025764,0.0274721,1.46515e-05,-3.97585e-06,0.00119041,0.000517915,0.000517009,0,1
38.846,19.0262,0.9,17.4994,0.353196,17.5151,0.941492,0.0257516,0.0274722,1.46556e-05,-3.97427e-06,0.00119042,0.000518486,0.000520394,0,1
38.866,19.0262,0.9,17.4993,0.3532,17.515,0.941488,0.0269611,0.0274725,1.46641e-05,-3.97061e-06,0.00119026,0.000518976,0.000523788,0,1
38.886,19.0262,0.9,17.4988,0.353215,17.5145,0.941475,0.0267512,0.0274729,1.46844e-05,-3.96194e-06,0.00118974,0.000519285,0.00052719,0,1
38.906,19.0262,0.9,17.5,0.353179,17.5156,0.941507,0.0266015,0.0274739,1.46896e-05,-3.97702e-06,0.00119097,0.000520478,0.0005306,0,1
38.926,19.0262,0.9,17.5005,0.353163,17.5162,0.943012,0.0264074,0.0274743,1.42682e-05,-4.13271e-06,0.00114518,0.000496755,0.000518793,0,1
38.946,19.0262,0.9,17.5004,0.353166,17.5161,0.94301,0.0270259,0.0274745,1.42754e-05,-4.12984e-06,0.00114507,0.000497243,0.000522183,0,1
38.966,19.0262,0.9,17.5003,0.353168,17.516,0.943008,0.027399,0.0274747,1.42818e-05,-4.1274e-06,0.00114501,0.000497748,0.000525581,0,1
38.986,19.0262,0.9,17.5004,0.353165,17.5161,0.943011,0.0281017,0.0274749,1.42855e-05,-4.12753e-06,0.00114511,0.000498348,0.000528987,0,1
39.006,19.0262,0.9,17.5002,0.353173,17.5158,0.943003,0.0287127,0.0274752,1.42987e-05,-4.12195e-06,0.00114484,0.000498742,0.000532402,0,1
39.026,19.0262,0.9,17.4996,0.353191,17.5152,0.944378,0.0293815,0.0274757,1.39305e-05,-4.24462e-06,0.00110143,0.000475997,0.000521134,0,1
39.046,19.0262,0.9,17.4992,0.353202,17.5149,0.944366,0.029574,0.027476,1.39478e-05,-4.23738e-06,0.00110106,0.000476311,0.000524529,0,1
39.066,19.0262,0.9,17.499,0.353209,17.5146,0.94436,0.0290893,0.0274763,1.39593e-05,-4.23272e-06,0.00110086,0.000476713,0.000527933,0,1
39.086,19.0262,0.9,17.4983,0.353227,17.514,0.944342,0.0279254,0.0274768,1.39855e-05,-4.22172e-06,0.00110026,0.000476895,0.000531346,0,1
39.106,19.0262,0.9,17.4981,0.353235,17.5138,0.944335,0.0273014,0.0274771,1.39971e-05,-4.21688e-06,0.00110004,0.000477284,0.000534766,0,1
39.126,19.0262,0.9,17.498,0.353237,17.5137,0.945626,0.0274465,0.0274773,1.36348e-05,-4.33398e-06,0.00106041,0.000456302,0.00052399,0,1
39.146,19.0262,0.9,17.4979,0.35324,17.5136,0.945623,0.0269748,0.0274775,1.36418e-05,-4.33142e-06,0.00106033,0.000456743,0.000527392,0,1
39.166,19.0262,0.9,17.4979,0.35324,17.5136,0.945623,0.0284883,0.0274776,1.36462e-05,-4.33011e-06,0.00106033,0.00045723,0.000530803,0,1
39.186,19.0262,0.9,17.4978,0.353246,17.5135,0.945618,0.0279739,0.0274779,1.36557e-05,-4.32634e-06,0.00106018,0.00045763,0.000534223,0,1
39.206,19.0262,0.9,17.4976,0.353251,17.5133,0.945614,0.0275221,0.0274781,1.36648e-05,-4.32272e-06,0.00106003,0.000458034,0.00053765,0,1
39.226,19.0262,0.9,17.4971,0.353265,17.5128,0.946787,0.0282547,0.0274785,1.33382e-05,-4.42106e-06,0.00102291,0.000438141,0.000527274,0,1
39.246,19.0262,0.9,17.4969,0.353272,17.5126,0.94678,0.0287295,0.0274787,1.33494e-05,-4.41651e-06,0.00102271,0.000438486,0.000530685,0,1
39.266,19.0262,0.9,17.4977,0.353246,17.5135,0.946804,0.0291527,0.0274794,1.33543e-05,-4.42804e-06,0.00102344,0.000439393,0.000534103,0,1
39.286,19.0262,0.9,17.498,0.353239,17.5137,0.946811,0.0297232,0.0274797,1.33581e-05,-4.4306e-06,0.00102365,0.000439986,0.000537531,0,1
39.306,19.0262,0.9,17.498,0.353237,17.5137,0.946813,0.0301145,0.0274799,1.33626e-05,-4.43025e-06,0.0010237,0.000440478,0.000540966,0,1
39.326,19.0262,0.9,17.4975,0.353254,17.5132,0.946796,0.0315008,0.0274803,1.33865e-05,-4.41991e-06,0.0010232,0.000440639,0.00054441,0,1
39.346,19.0262,0.9,17.4975,0.353252,17.5133,0.947895,0.0326794,0.0274805,1.30663e-05,-4.5142e-06,0.00098904,0.000422109,0.000534264,0,1
39.366,19.0262,0.9,17.4974,0.353256,17.5131,0.94789,0.0325796,0.0274807,1.30766e-05,-4.51039e-06,0.000988909,0.000422469,0.000537691,0,1
39.386,19.0262,0.9,17.4974,0.353257,17.5131,0.94789,0.0324941,0.0274809,1.30823e-05,-4.50899e-06,0.000988895,0.000422902,0.000541127,0,1
39.406,19.0262,0.9,17.497,0.353268,17.5127,0.947877,0.0329537,0.0274812,1.31007e-05,-4.50115e-06,0.000988571,0.000423138,0.000544571,0,1
39.426,19.0262,0.9,17.4963,0.353288,17.512,0.948861,0.0341248,0.0274818,1.28276e-05,-4.57042e-06,0.00095606,0.0004053,0.000534823,0,1
39.446,19.0262,0.9,17.497,0.353268,17.5127,0.948886,0.0346941,0.0274824,1.28342e-05,-4.5829e-06,0.00095666,0.000406118,0.000538252,0,1
39.466,19.0262,0.9,17.4965,0.353282,17.5122,0.948869,0.0333617,0.0274828,1.28577e-05,-4.57273e-06,0.000956264,0.000406277,0.000541688,0,1
39.486,19.0262,0.9,17.4964,0.353284,17.5122,0.948867,0.0341008,0.027483,1.28654e-05,-4.57038e-06,0.000956206,0.00040666,0.000545133,0,1
39.506,19.0262,0.9,17.4971,0.353266,17.5128,0.948889,0.0344091,0.0274835,1.28713e-05,-4.58141e-06,0.000956735,0.000407436,0.000548587,0,1
39.526,19.0262,0.9,17.4969,0.35327,17.5127,0.949834,0.0351128,0.0274838,1.25926e-05,-4.65091e-06,0.000926727,0.000390842,0.000539075,0,1
39.546,19.0262,0.9,17.4971,0.353265,17.5128,0.949841,0.03479,0.027484,1.25977e-05,-4.65344e-06,0.000926872,0.000391344,0.000542514,0,1
39.566,19.0262,0.9,17.4969,0.35327,17.5126,0.949834,0.0355481,0.0274843,1.26101e-05,-4.64865e-06,0.000926715,0.000391638,0.00054596,0,1
39.586,19.0262,0.9,17.4965,0.353282,17.5122,0.949819,0.0357951,0.0274846,1.26307e-05,-4.63967e-06,0.000926394,0.000391816,0.000549416,0,1
39.606,19.0262,0.9,17.4968,0.353275,17.5125,0.949828,0.0370036,0.0274849,1.26359e-05,-4.64375e-06,0.000926596,0.00039236,0.000552879,0,1
39.626,19.0262,0.9,17.4968,0.353275,17.5125,0.950653,0.037004,0.0274851,1.23674e-05,-4.70701e-06,0.000898588,0.000376726,0.000543569,0,1
39.646,19.0262,0.9,17.4961,0.353292,17.5118,0.950628,0.037775,0.0274856,1.23994e-05,-4.6928e-06,0.000898093,0.000376753,0.000547018,0,1
39.666,19.0262,0.9,17.4972,0.353265,17.5129,0.950669,0.0382755,0.0274865,1.24123e-05,-4.7142e-06,0.000898909,0.000377728,0.000550475,0,1
39.686,19.0262,0.9,17.4971,0.353266,17.5129,0.950667,0.0387688,0.0274867,1.24204e-05,-4.71208e-06,0.000898866,0.000378082,0.00055394,0,1
39.706,19.0262,0.9,17.4976,0.353254,17.5134,0.950687,0.0389341,0.0274871,1.24271e-05,-4.72208e-06,0.000899251,0.000378748,0.000557414,0,1
39.726,19.0262,0.9,17.4971,0.353265,17.5129,0.951427,0.0392397,0.0274875,1.21917e-05,-4.76636e-06,0.000872539,0.000363617,0.000548256,0,1
39.746,19.0262,0.9,17.497,0.353268,17.5128,0.951423,0.0399546,0.0274877,1.22014e-05,-4.76337e-06,0.000872469,0.000363931,0.000551715,0,1
39.766,19.0262,0.9,17.4977,0.353253,17.5134,0.951448,0.040497,0.0274882,1.22095e-05,-4.77608e-06,0.000872919,0.000364639,0.000555183,0,1
39.786,19.0262,0.9,17.498,0.353246,17.5137,0.95146,0.0398373,0.0274885,1.22159e-05,-4.78197e-06,0.000873139,0.000365174,0.00055866,0,1
39.806,19.0262,0.9,17.4979,0.353247,17.5137,0.951459,0.0399761,0.0274887,1.22231e-05,-4.78056e-06,0.000873121,0.000365529,0.000562145,0,1
39.826,19.0262,0.9,17.4981,0.353242,17.5139,0.952187,0.0399647,0.0274889,1.19811e-05,-4.83144e-06,0.000848427,0.000351488,0.000553113,0,1
39.846,19.0262,0.9,17.498,0.353247,17.5137,0.95218,0.0399782,0.0274891,1.19939e-05,-4.82667e-06,0.000848303,0.000351741,0.000556584,0,1
39.866,19.0262,0.9,17.4983,0.353238,17.514,0.952193,0.0400213,0.0274895,1.20005e-05,-4.83327e-06,0.000848539,0.000352279,0.000560063,0,1
39.886,19.0262,0.9,17.4987,0.353229,17.5144,0.952209,0.0406126,0.0274898,1.20072e-05,-4.84126e-06,0.000848817,0.000352852,0.000563551,0,1
39.906,19.0262,0.9,17.499,0.353222,17.5148,0.952222,0.0397645,0.0274901,1.20138e-05,-4.84758e-06,0.000849037,0.00035338,0.000567047,0,1
39.926,19.0262,0.9,17.4991,0.353219,17.5149,0.952892,0.041559,0.0274903,1.17837e-05,-4.88854e-06,0.000825644,0.000339931,0.000558107,0,1
39.946,19.0262,0.9,17.4991,0.353219,17.5149,0.952893,0.0412582,0.0274905,1.17903e-05,-4.88824e-06,0.000825659,0.00034028,0.000561589,0,1
39.966,19.0262,0.9,17.4992,0.353217,17.5149,0.952896,0.0419937,0.0274907,1.17968e-05,-4.8892e-06,0.000825711,0.00034066,0.00056508,0,1
39.986,19.0262,0.9,17.4992,0.353216,17.515,0.952899,0.0425846,0.0274909,1.18034e-05,-4.89e-06,0.000825758,0.000341035,0.000568579,0,1
40.006,19.0262,0.9,17.499,0.35322,17.5148,0.95289,0.042663,0.0274911,1.18181e-05,-4.8842e-06,0.000825618,0.000341255,0.000572086,0,1
40.026,19.0262,0.9,17.4988,0.353225,17.5146,0.95288,0.0427519,0.0274914,1.18338e-05,-4.87786e-06,0.000825464,0.000341462,0.000575602,0,1
40.046,19.0262,0.9,17.4992,0.353217,17.515,0.953543,0.0423766,0.0274917,1.16157e-05,-4.91881e-06,0.000803567,0.000328764,0.000566632,0,1
40.066,19.0262,0.9,17.4995,0.35321,17.5153,0.953556,0.043591,0.027492,1.16228e-05,-4.92511e-06,0.000803761,0.000329253,0.000570134,0,1
40.086,19.0262,0.9,17.4998,0.353203,17.5156,0.953571,0.0420398,0.0274924,1.16304e-05,-4.93277e-06,0.000803985,0.000329769,0.000573645,0,1
40.106,19.0262,0.9,17.4997,0.353205,17.5155,0.953566,0.0421012,0.0274926,1.16411e-05,-4.92934e-06,0.000803913,0.000330029,0.000577164,0,1
40.126,19.0262,0.9,17.5001,0.353196,17.5159,0.954178,0.0426874,0.0274929,1.14332e-05,-4.96372e-06,0.000783179,0.000317936,0.000568353,0,1
40.146,19.0262,0.9,17.5001,0.353196,17.5159,0.954178,0.0419847,0.0274931,1.14401e-05,-4.96291e-06,0.000783179,0.000318244,0.000571858,0,1
40.166,19.0262,0.9,17.5004,0.353189,17.5162,0.95419,0.0416843,0.0274934,1.14472e-05,-4.96913e-06,0.000783364,0.000318719,0.000575372,0,1
40.186,19.0262,0.9,17.5004,0.353189,17.5162,0.95419,0.0416599,0.0274935,1.14539e-05,-4.9686e-06,0.000783371,0.000319033,0.000578894,0,1
40.206,19.0262,0.9,17.4996,0.353209,17.5154,0.954156,0.0405592,0.0274942,1.1496e-05,-4.9481e-06,0.000782851,0.000318869,0.000582424,0,1
40.226,19.0262,0.9,17.4998,0.353203,17.5156,0.954166,0.0410609,0.0274945,1.15027e-05,-4.95318e-06,0.00078301,0.000319322,0.000585963,0,1
40.246,19.0262,0.9,17.5002,0.353194,17.516,0.954738,0.0417406,0.0274948,1.1303e-05,-4.98128e-06,0.00076337,0.000307731,0.000577075,0,1
40.266,19.0262,0.9,17.5005,0.353188,17.5162,0.954748,0.0414649,0.0274951,1.131e-05,-4.98622e-06,0.000763516,0.000308163,0.0005806,0,1
40.286,19.0262,0.9,17.5004,0.35319,17.5162,0.954745,0.0417444,0.0274953,1.13195e-05,-4.98346e-06,0.000763466,0.00030841,0.000584133,0,1
40.306,19.0262,0.9,17.4999,0.353202,17.5157,0.954724,0.0406693,0.0274957,1.13458e-05,-4.97063e-06,0.000763162,0.000308417,0.000587675,0,1
40.326,19.0262,0.9,17.4998,0.353203,17.5156,0.955288,0.0416771,0.0274959,1.11545e-05,-4.98347e-06,0.000744295,0.000297135,0.000578918,0,1
40.346,19.0262,0.9,17.499,0.353223,17.5148,0.955253,0.0423401,0.0274965,1.1196e-05,-4.96287e-06,0.00074381,0.000296942,0.000582447,0,1
40.366,19.0262,0.9,17.4995,0.353211,17.5153,0.955274,0.0412039,0.0274969,1.1205e-05,-4.97419e-06,0.000744103,0.00029751,0.000585984,0,1
40.386,19.0262,0.9,17.499,0.353223,17.5148,0.955254,0.0407204,0.0274973,1.12305e-05,-4.96159e-06,0.000743814,0.000297506,0.000589529,0,1
40.406,19.0262,0.9,17.4988,0.353229,17.5146,0.955246,0.0397799,0.0274976,1.1244e-05,-4.956e-06,0.000743696,0.000297671,0.000593083,0,1
40.426,19.0262,0.9,17.4983,0.353241,17.5141,0.955785,0.0414835,0.027498,1.10757e-05,-4.95378e-06,0.000725561,0.000286631,0.000584335,0,1
40.446,19.0262,0.9,17.498,0.353249,17.5138,0.955772,0.0422215,0.0274983,1.10942e-05,-4.94511e-06,0.000725378,0.000286712,0.000587876,0,1
40.466,19.0262,0.9,17.4983,0.353242,17.5141,0.955784,0.0421502,0.0274986,1.11017e-05,-4.95141e-06,0.000725544,0.00028715,0.000591424,0,1
40.486,19.0262,0.9,17.499,0.353225,17.5148,0.955813,0.0434421,0.0274992,1.11134e-05,-4.96788e-06,0.000725944,0.00028783,0.000594982,0,1
40.506,19.0262,0.9,17.4989,0.353227,17.5147,0.95581,0.0442636,0.0274994,1.11231e-05,-4.96501e-06,0.0007259,0.000288053,0.000598548,0,1
40.526,19.0262,0.9,17.4979,0.35325,17.5137,0.956241,0.0437499,0.0275002,1.09913e-05,-4.94266e-06,0.000708353,0.000277136,0.000589782,0,1
40.546,19.0262,0.9,17.4977,0.353255,17.5135,0.956233,0.0446424,0.0275004,1.10052e-05,-4.93684e-06,0.000708248,0.000277281,0.000593334,0,1
40.566,19.0262,0.9,17.498,0.353249,17.5138,0.956244,0.0449064,0.0275007,1.10132e-05,-4.94252e-06,0.000708387,0.000277686,0.000596895,0,1
40.586,19.0262,0.9,17.4981,0.353247,17.5139,0.956249,0.0449148,0.0275009,1.10206e-05,-4.94453e-06,0.000708448,0.000278008,0.000600464,0,1
40.606,19.0262,0.9,17.4982,0.353245,17.514,0.956252,0.0451212,0.0275011,1.10278e-05,-4.94575e-06,0.000708492,0.000278312,0.000604042,0,1
40.626,19.0262,0.9,17.4974,0.353261,17.5132,0.95622,0.045536,0.0275017,1.1067e-05,-4.92493e-06,0.000708088,0.000278128,0.000607628,0,1
40.646,19.0262,0.9,17.4974,0.353261,17.5133,0.95668,0.0456956,0.0275018,1.08932e-05,-4.92517e-06,0.000691964,0.000268227,0.000598729,0,1
40.666,19.0262,0.9,17.4976,0.353257,17.5134,0.956687,0.0457849,0.0275021,1.09009e-05,-4.92844e-06,0.000692047,0.000268565,0.000602301,0,1
40.686,19.0262,0.9,17.498,0.353249,17.5138,0.956704,0.0448546,0.0275024,1.09101e-05,-4.93736e-06,0.00069224,0.000269026,0.000605882,0,1
40.706,19.0262,0.9,17.4973,0.353265,17.5131,0.956673,0.0444789,0.0275029,1.09461e-05,-4.91797e-06,0.000691877,0.000268861,0.000609471,0,1
40.726,19.0262,0.9,17.4973,0.353265,17.5131,0.957111,0.045099,0.0275031,1.07782e-05,-4.91398e-06,0.000676511,0.000259383,0.00060065,0,1
40.746,19.0262,0.9,17.4969,0.353273,17.5128,0.957095,0.0448817,0.0275034,1.07984e-05,-4.90381e-06,0.000676336,0.000259414,0.000604225,0,1
40.766,19.0262,0.9,17.4969,0.353274,17.5127,0.957093,0.0471173,0.0275036,1.08073e-05,-4.90143e-06,0.000676311,0.000259618,0.000607809,0,1
40.786,19.0262,0.9,17.4967,0.353277,17.5125,0.957085,0.0469639,0.0275038,1.08217e-05,-4.89525e-06,0.000676218,0.000259743,0.000611402,0,1
40.806,19.0262,0.9,17.4966,0.353281,17.5124,0.957078,0.0460689,0.0275041,1.08349e-05,-4.88983e-06,0.000676139,0.000259884,0.000615002,0,1
40.826,19.0262,0.9,17.4959,0.353296,17.5117,0.957046,0.045992,0.0275046,1.0872e-05,-4.86928e-06,0.000675783,0.000259694,0.000618612,0,1
40.846,19.0262,0.9,17.4958,0.353297,17.5116,0.957452,0.0467812,0.0275048,1.07115e-05,-4.85953e-06,0.000661123,0.000250541,0.000609629,0,1
40.866,19.0262,0.9,17.4956,0.353302,17.5114,0.957442,0.0471076,0.0275051,1.07275e-05,-4.85199e-06,0.00066101,0.000250627,0.000613224,0,1
40.886,19.0262,0.9,17.4957,0.353298,17.5116,0.95745,0.046956,0.0275053,1.07359e-05,-4.85615e-06,0.000661102,0.000250962,0.000616828,0,1
40.906,19.0262,0.9,17.4958,0.353298,17.5116,0.957452,0.0471484,0.0275055,1.07434e-05,-4.85599e-06,0.000661119,0.000251205,0.00062044,0,1
40.926,19.0262,0.9,17.4963,0.353287,17.5121,0.957874,0.0474729,0.0275059,1.05904e-05,-4.85957e-06,0.000647404,0.000242789,0.000611514,0,1
40.946,19.0262,0.9,17.4966,0.353281,17.5124,0.957887,0.047001,0.0275062,1.05995e-05,-4.86634e-06,0.000647537,0.00024317,0.000615112,0,1
40.966,19.0262,0.9,17.4957,0.353299,17.5116,0.957848,0.0458295,0.0275068,1.0644e-05,-4.84132e-06,0.000647138,0.000242876,0.000618719,0,1
40.986,19.0262,0.9,17.4955,0.353305,17.5113,0.957837,0.0473517,0.0275071,1.06608e-05,-4.83293e-06,0.000647014,0.000242931,0.000622334,0,1
41.006,19.0262,0.9,17.4961,0.353292,17.5119,0.957864,0.0463405,0.0275076,1.06737e-05,-4.8487e-06,0.000647294,0.000243501,0.000625958,0,1
41.026,19.0262,0.9,17.4958,0.353298,17.5116,0.958229,0.0465855,0.0275079,1.05297e-05,-4.82704e-06,0.000633819,0.000234941,0.000616955,0,1
41.046,19.0262,0.9,17.4958,0.353298,17.5116,0.958229,0.0480425,0.027508,1.05377e-05,-4.82537e-06,0.000633812,0.000235135,0.000620564,0,1
41.066,19.0262,0.9,17.4962,0.353289,17.5121,0.958249,0.0471953,0.0275084,1.05489e-05,-4.83702e-06,0.000634015,0.000235606,0.000624182,0,1
41.086,19.0262,0.9,17.4967,0.353278,17.5126,0.958273,0.0462597,0.0275088,1.05607e-05,-4.85038e-06,0.000634248,0.000236119,0.000627808,0,1
41.106,19.0262,0.9,17.4968,0.353276,17.5127,0.958277,0.0460679,0.027509,1.05685e-05,-4.85211e-06,0.000634296,0.000236386,0.000631443,0,1
41.126,19.0262,0.9,17.4969,0.353274,17.5128,0.958282,0.0454568,0.0275092,1.05763e-05,-4.85401e-06,0.000634346,0.000236657,0.000635087,0,1
41.146,19.0262,0.9,17.4965,0.353282,17.5124,0.958619,0.0470248,0.0275096,1.04416e-05,-4.82481e-06,0.000621366,0.000228273,0.000625872,0,1
41.166,19.0262,0.9,17.497,0.353271,17.5129,0.958643,0.047644,0.02751,1.04538e-05,-4.83867e-06,0.000621601,0.000228789,0.000629501,0,1
41.186,19.0262,0.9,17.4969,0.353273,17.5128,0.958639,0.0466552,0.0275102,1.04652e-05,-4.83434e-06,0.000621554,0.00022892,0.000633138,0,1
41.206,19.0262,0.9,17.4973,0.353266,17.5131,0.958653,0.0468642,0.0275105,1.04748e-05,-4.84244e-06,0.000621698,0.000229315,0.000636784,0,1
41.226,19.0262,0.9,17.4967,0.353278,17.5126,0.958976,0.0474783,0.027511,1.03518e-05,-4.80554e-06,0.00060919,0.000221153,0.000627604,0,1
41.246,19.0262,0.9,17.4966,0.353281,17.5124,0.958969,0.0474937,0.0275112,1.03649e-05,-4.7997e-06,0.000609123,0.000221244,0.000631235,0,1
41.266,19.0262,0.9,17.4969,0.353274,17.5127,0.958984,0.0474529,0.0275115,1.03749e-05,-4.80798e-06,0.000609264,0.000221632,0.000634874,0,1
41.286,19.0262,0.9,17.4979,0.353253,17.5137,0.959031,0.0487397,0.0275123,1.03975e-05,-4.8364e-06,0.000609703,0.000222445,0.000638522,0,1
41.306,19.0262,0.9,17.4981,0.353248,17.514,0.959043,0.0488281,0.0275126,1.04071e-05,-4.84333e-06,0.00060982,0.0002228,0.000642179,0,1
41.326,19.0262,0.9,17.498,0.35325,17.5139,0.959365,0.0488427,0.0275128,1.02705e-05,-4.81576e-06,0.000597987,0.000215163,0.000632897,0,1
41.346,19.0262,0.9,17.498,0.353251,17.5138,0.959362,0.0498095,0.027513,1.02807e-05,-4.8124e-06,0.000597959,0.0002153,0.000636539,0,1
41.366,19.0262,0.9,17.4977,0.353257,17.5136,0.959348,0.0493633,0.0275132,1.02991e-05,-4.80261e-06,0.000597844,0.000215309,0.000640189,0,1
41.386,19.0262,0.9,17.4973,0.353265,17.5132,0.959329,0.0485428,0.0275136,1.03225e-05,-4.78905e-06,0.000597678,0.00021524,0.000643848,0,1
41.406,19.0262,0.9,17.4974,0.353262,17.5133,0.959335,0.0492627,0.0275138,1.03309e-05,-4.79154e-06,0.000597731,0.000215498,0.000647515,0,1
41.426,19.0262,0.9,17.4972,0.353267,17.5131,0.959633,0.0497315,0.0275141,1.02021e-05,-4.75809e-06,0.000586348,0.000208076,0.00063814,0,1
41.446,19.0262,0.9,17.4973,0.353266,17.5131,0.959634,0.0509413,0.0275142,1.02102e-05,-4.75781e-06,0.000586362,0.000208269,0.000641792,0,1
41.466,19.0262,0.9,17.4967,0.353277,17.5125,0.959604,0.0511457,0.0275147,1.02437e-05,-4.73717e-06,0.000586119,0.000208062,0.000645452,0,1
41.486,19.0262,0.9,17.496,0.353289,17.5119,0.959572,0.0512765,0.0275152,1.02795e-05,-4.71495e-06,0.000585858,0.000207826,0.000649122,0,1
41.506,19.0262,0.9,17.4962,0.353286,17.5121,0.95958,0.051966,0.0275155,1.02889e-05,-4.71886e-06,0.000585925,0.0002081,0.000652799,0,1
41.526,19.0262,0.9,17.4966,0.353279,17.5124,0.959599,0.05156,0.0275158,1.03007e-05,-4.72973e-06,0.000586077,0.000208507,0.000656486,0,1
41.546,19.0262,0.9,17.4966,0.353279,17.5124,0.959893,0.0515209,0.0275159,1.0167e-05,-4.70048e-06,0.000575244,0.000201465,0.000646884,0,1
41.566,19.0262,0.9,17.4959,0.353291,17.5118,0.959861,0.0512297,0.0275165,1.02031e-05,-4.67778e-06,0.00057499,0.000201216,0.000650555,0,1
41.586,19.0262,0.9,17.4961,0.353287,17.512,0.959872,0.051544,0.0275167,1.02131e-05,-4.68364e-06,0.000575079,0.000201522,0.000654234,0,1
41.606,19.0262,0.9,17.4959,0.353293,17.5117,0.959857,0.0504928,0.027517,1.02324e-05,-4.67266e-06,0.000574966,0.000201501,0.000657922,0,1
41.626,19.0262,0.9,17.4961,0.353289,17.5119,0.959868,0.0514663,0.0275173,1.02421e-05,-4.67788e-06,0.000575048,0.000201796,0.000661618,0,1
41.646,19.0262,0.9,17.4953,0.353303,17.5112,0.960102,0.0504272,0.0275178,1.01439e-05,-4.62215e-06,0.000564363,0.000194536,0.000651912,0,1
41.666,19.0262,0.9,17.4949,0.353312,17.5107,0.960079,0.0504436,0.0275182,1.01711e-05,-4.60503e-06,0.000564181,0.000194383,0.000655593,0,1
41.686,19.0262,0.9,17.4944,0.353322,17.5102,0.960053,0.0505442,0.0275187,1.01995e-05,-4.58691e-06,0.000563988,0.00019421,0.000659282,0,1
41.706,19.0262,0.9,17.4935,0.35334,17.5094,0.960009,0.050873,0.0275194,1.0248e-05,-4.55579e-06,0.000563648,0.000193781,0.000662979,0,1
41.726,19.0262,0.9,17.4931,0.353348,17.509,0.959989,0.0514429,0.0275197,1.02719e-05,-4.5408e-06,0.000563496,0.000193672,0.000666685,0,1
41.746,19.0262,0.9,17.4932,0.353345,17.5091,0.960236,0.0520653,0.02752,1.01431e-05,-4.51403e-06,0.000553603,0.000187285,0.000656889,0,1
41.766,19.0262,0.9,17.4938,0.353333,17.5097,0.960267,0.0503947,0.0275204,1.01602e-05,-4.53321e-06,0.000553833,0.000187833,0.000660579,0,1
41.786,19.0262,0.9,17.4945,0.353318,17.5104,0.960303,0.0494015,0.027521,1.01791e-05,-4.55539e-06,0.000554104,0.000188453,0.000664277,0,1
41.806,19.0262,0.9,17.4945,0.353319,17.5104,0.960302,0.0482661,0.0275212,1.0188e-05,-4.55279e-06,0.000554094,0.000188581,0.000667984,0,1
41.826,19.0262,0.9,17.4946,0.353317,17.5105,0.960587,0.047547,0.0275214,1.00615e-05,-4.52155e-06,0.000544523,0.000182365,0.000658193,0,1
41.846,19.0262,0.9,17.4945,0.35332,17.5103,0.96058,0.047699,0.0275216,1.00739e-05,-4.51533e-06,0.000544471,0.000182412,0.000661884,0,1
41.866,19.0262,0.9,17.4944,0.353322,17.5103,0.960576,0.0471588,0.0275218,1.00843e-05,-4.51092e-06,0.000544441,0.000182496,0.000665584,0,1
41.886,19.0262,0.9,17.4938,0.353335,17.5097,0.960551,0.0459069,0.0275222,1.01125e-05,-4.49218e-06,0.000544245,0.000182276,0.000669292,0,1
41.906,19.0262,0.9,17.4938,0.353337,17.5097,0.960548,0.0476095,0.0275224,1.01218e-05,-4.48856e-06,0.000544224,0.000182376,0.000673008,0,1
41.926,19.0262,0.9,17.4936,0.353341,17.5095,0.960811,0.0472862,0.0275227,1.0004e-05,-4.44695e-06,0.000534919,0.000176205,0.000663102,0,1
41.946,19.0262,0.9,17.4933,0.353349,17.5092,0.960796,0.046666,0.027523,1.00229e-05,-4.43503e-06,0.000534807,0.000176125,0.000666802,0,1
41.966,19.0262,0.9,17.4935,0.353342,17.5094,0.960808,0.0458176,0.0275233,1.00329e-05,-4.44167e-06,0.000534903,0.00017644,0.000670511,0,1
41.986,19.0262,0.9,17.4938,0.353334,17.5097,0.960823,0.0462818,0.0275236,1.00432e-05,-4.44959e-06,0.000535016,0.000176786,0.000674228,0,1
42.006,19.0262,0.9,17.4938,0.353335,17.5097,0.960822,0.0466704,0.0275238,1.00514e-05,-4.44693e-06,0.000535007,0.000176902,0.000677954,0,1
42.026,19.0262,0.9,17.4939,0.353333,17.5098,0.961104,0.0475217,0.0275239,9.93005e-06,-4.41213e-06,0.000526128,0.000171111,0.000667924,0,1
42.046,19.0262,0.9,17.4949,0.353308,17.5108,0.961154,0.0471864,0.0275248,9.95737e-06,-4.44349e-06,0.000526489,0.000171937,0.000671633,0,1
42.066,19.0262,0.9,17.4953,0.353301,17.5112,0.961168,0.0467839,0.0275251,9.96791e-06,-4.45126e-06,0.000526594,0.000172269,0.000675351,0,1
42.086,19.0262,0.9,17.4954,0.353298,17.5113,0.961173,0.0476078,0.0275253,9.97623e-06,-4.45298e-06,0.000526634,0.000172474,0.000679077,0,1
42.106,19.0262,0.9,17.4953,0.353298,17.5112,0.961172,0.047065,0.0275255,9.98452e-06,-4.45044e-06,0.000526627,0.000172588,0.000682812,0,1
42.126,19.0262,0.9,17.4953,0.3533,17.5112,0.961416,0.0465708,0.0275257,9.86823e-06,-4.40833e-06,0.000517982,0.000166845,0.000672649,0,1
42.146,19.0262,0.9,17.4951,0.353305,17.511,0.961408,0.0466107,0.0275259,9.88154e-06,-4.40079e-06,0.000517923,0.000166847,0.000676367,0,1
42.166,19.0262,0.9,17.4949,0.35331,17.5108,0.961399,0.0452315,0.0275262,9.89517e-06,-4.39294e-06,0.000517861,0.000166842,0.000680093,0,1
42.186,19.0262,0.9,17.4953,0.353298,17.5112,0.961418,0.0449798,0.0275265,9.90709e-06,-4.40417e-06,0.000518005,0.000167255,0.000683828,0,1
42.206,19.0262,0.9,17.4948,0.353311,17.5107,0.961397,0.0447265,0.0275269,9.93121e-06,-4.38745e-06,0.000517845,0.000167049,0.000687572,0,1
42.226,19.0262,0.9,17.4947,0.353316,17.5106,0.961647,0.0446709,0.0275272,9.81921e-06,-4.34181e-06,0.000509483,0.00016145,0.000677287,0,1
42.246,19.0262,0.9,17.4944,0.353322,17.5104,0.961636,0.0451378,0.0275274,9.83388e-06,-4.33265e-06,0.000509408,0.000161407,0.000681013,0,1
42.266,19.0262,0.9,17.4942,0.353328,17.5101,0.961626,0.0444332,0.0275277,9.84821e-06,-4.3238e-06,0.000509337,0.000161372,0.000684748,0,1
42.286,19.0262,0.9,17.4949,0.35331,17.5108,0.961655,0.0439703,0.0275282,9.86419e-06,-4.34174e-06,0.00050955,0.000161937,0.000688491,0,1
42.306,19.0262,0.9,17.4948,0.353312,17.5107,0.961652,0.0431973,0.0275284,9.87319e-06,-4.3377e-06,0.000509529,0.000162007,0.000692244,0,1
42.326,19.0262,0.9,17.4941,0.353333,17.51,0.961897,0.043122,0.027529,9.78477e-06,-4.2741e-06,0.000501274,0.000156201,0.000681833,0,1
42.346,19.0262,0.9,17.4937,0.353344,17.5096,0.96188,0.0446002,0.0275293,9.80383e-06,-4.26087e-06,0.000501158,0.000156053,0.000685567,0,1
42.366,19.0262,0.9,17.4932,0.353358,17.5091,0.961858,0.0449989,0.0275298,9.82841e-06,-4.2433e-06,0.000501001,0.000155817,0.00068931,0,1
42.386,19.0262,0.9,17.4935,0.353349,17.5094,0.961872,0.0460631,0.0275301,9.83897e-06,-4.25124e-06,0.000501103,0.00015615,0.000693062,0,1
42.406,19.0262,0.9,17.494,0.353336,17.5099,0.961895,0.0455924,0.0275305,9.85237e-06,-4.26452e-06,0.000501255,0.000156594,0.000696823,0,1
42.426,19.0262,0.9,17.494,0.353337,17.5099,0.962133,0.0454749,0.0275307,9.74062e-06,-4.22028e-06,0.000493496,0.000151445,0.00068629,0,1
42.446,19.0262,0.9,17.4939,0.353338,17.5098,0.962131,0.043929,0.0275308,9.74882e-06,-4.21708e-06,0.000493487,0.000151527,0.000690032,0,1
42.466,19.0262,0.9,17.4947,0.353317,17.5106,0.962164,0.0435156,0.0275314,9.76677e-06,-4.23731e-06,0.000493712,0.000152142,0.000693784,0,1
42.486,19.0262,0.9,17.4955,0.353294,17.5114,0.962199,0.0438836,0.0275321,9.78587e-06,-4.25929e-06,0.000493957,0.000152802,0.000697543,0,1
42.506,19.0262,0.9,17.4954,0.353295,17.5114,0.962198,0.0430014,0.0275322,9.79353e-06,-4.25646e-06,0.00049395,0.000152892,0.000701312,0,1
42.526,19.0262,0.9,17.4956,0.353289,17.5115,0.962451,0.0430848,0.0275325,9.6838e-06,-4.2173e-06,0.000486492,0.000148027,0.000690644,0,1
42.546,19.0262,0.9,17.4954,0.353296,17.5113,0.962442,0.0428324,0.0275327,9.69709e-06,-4.20873e-06,0.00048643,0.000147981,0.000694394,0,1
42.566,19.0262,0.9,17.4951,0.353304,17.511,0.96243,0.0438952,0.027533,9.71304e-06,-4.19771e-06,0.000486343,0.000147876,0.000698152,0,1
42.586,19.0262,0.9,17.4949,0.353311,17.5108,0.962419,0.0437565,0.0275333,9.7273e-06,-4.18824e-06,0.000486274,0.000147811,0.00070192,0,1
42.606,19.0262,0.9,17.4951,0.353305,17.511,0.962428,0.0439812,0.0275335,9.73607e-06,-4.19207e-06,0.000486333,0.00014805,0.000705696,0,1
42.626,19.0262,0.9,17.4955,0.353294,17.5114,0.962668,0.0445988,0.0275339,9.6316e-06,-4.15895e-06,0.000479186,0.000143508,0.000694904,0,1
42.646,19.0262,0.9,17.495,0.353307,17.5109,0.962648,0.0451131,0.0275343,9.65389e-06,-4.14256e-06,0.000479056,0.000143288,0.000698661,0,1
42.666,19.0262,0.9,17.4945,0.353322,17.5104,0.962623,0.0456867,0.0275347,9.67993e-06,-4.12313e-06,0.000478902,0.000143004,0.000702427,0,1
42.686,19.0262,0.9,17.4943,0.353327,17.5102,0.962616,0.0463554,0.027535,9.69254e-06,-4.11526e-06,0.000478854,0.000142978,0.000706202,0,1
42.706,19.0262,0.9,17.4942,0.353329,17.5101,0.962611,0.0463488,0.0275352,9.7031e-06,-4.10951e-06,0.000478824,0.000142999,0.000709986,0,1
42.726,19.0262,0.9,17.4942,0.353329,17.5102,0.962817,0.0459358,0.0275354,9.59621e-06,-4.06475e-06,0.000471814,0.000138377,0.000699072,0,1
42.746,19.0262,0.9,17.4946,0.353319,17.5105,0.962833,0.046023,0.0275357,9.60745e-06,-4.07301e-06,0.000471906,0.000138699,0.000702837,0,1
42.766,19.0262,0.9,17.4944,0.353323,17.5103,0.962826,0.0453107,0.0275359,9.61917e-06,-4.06595e-06,0.000471867,0.000138689,0.00070661,0,1
42.786,19.0262,0.9,17.4943,0.353326,17.5102,0.962822,0.0460047,0.0275361,9.62943e-06,-4.06026e-06,0.000471839,0.000138706,0.000710392,0,1
42.806,19.0262,0.9,17.4945,0.353322,17.5104,0.962829,0.0457243,0.0275363,9.63839e-06,-4.0632e-06,0.000471885,0.000138912,0.000714183,0,1
42.826,19.0262,0.9,17.4951,0.353304,17.511,0.962858,0.0464312,0.0275368,9.65532e-06,-4.08159e-06,0.000472063,0.000139457,0.000717982,0,1
42.846,19.0262,0.9,17.4949,0.35331,17.5109,0.96306,0.0461244,0.0275371,9.55619e-06,-4.02795e-06,0.000465199,0.000134786,0.000706794,0,1
42.866,19.0262,0.9,17.4942,0.353329,17.5102,0.963028,0.045675,0.0275376,9.58874e-06,-4.003e-06,0.000465015,0.000134385,0.000710574,0,1
42.886,19.0262,0.9,17.4942,0.35333,17.5101,0.963026,0.0456164,0.0275378,9.59709e-06,-3.9993e-06,0.000465006,0.000134443,0.000714363,0,1
42.906,19.0262,0.9,17.4939,0.353339,17.5098,0.963011,0.0443929,0.0275381,9.61539e-06,-3.98564e-06,0.000464915,0.000134284,0.00071816,0,1
42.926,19.0262,0.9,17.4938,0.353341,17.5097,0.963205,0.0457857,0.0275383,9.51276e-06,-3.93709e-06,0.000458316,0.000129907,0.000707001,0,1
42.946,19.0262,0.9,17.4933,0.353356,17.5092,0.96318,0.0461596,0.0275388,9.53894e-06,-3.91672e-06,0.000458175,0.000129599,0.000710779,0,1
42.966,19.0262,0.9,17.4929,0.353367,17.5088,0.963162,0.0467046,0.0275391,9.55913e-06,-3.90127e-06,0.000458074,0.000129401,0.000714566,0,1
42.986,19.0262,0.9,17.4936,0.353345,17.5096,0.963198,0.0457056,0.0275397,9.58051e-06,-3.92474e-06,0.000458278,0.000130039,0.000718361,0,1
43.006,19.0262,0.9,17.4937,0.353344,17.5096,0.9632,0.0453253,0.0275399,9.58809e-06,-3.92315e-06,0.000458287,0.000130141,0.000722165,0,1
43.026,19.0262,0.9,17.4939,0.353338,17.5098,0.963418,0.0461672,0.0275402,9.48812e-06,-3.88283e-06,0.000451958,0.000126097,0.000710882,0,1
43.046,19.0262,0.9,17.4941,0.353334,17.51,0.963425,0.0459084,0.0275404,9.49709e-06,-3.88512e-06,0.000451997,0.00012628,0.000714666,0,1
43.066,19.0262,0.9,17.4939,0.353337,17.5099,0.96342,0.044911,0.0275406,9.50758e-06,-3.8789e-06,0.00045197,0.000126279,0.000718459,0,1
43.086,19.0262,0.9,17.494,0.353335,17.5099,0.963423,0.0447495,0.0275408,9.51527e-06,-3.87806e-06,0.000451985,0.000126396,0.000722261,0,1
43.106,19.0262,0.9,17.4943,0.353327,17.5102,0.963436,0.0444726,0.0275411,9.52581e-06,-3.88482e-06,0.000452059,0.000126683,0.000726071,0,1
