t,gt_x,gt_y,odom_x,odom_y,ekf_x,ekf_y,ekf_theta,Pxx,Pxy,Pxt,Pyy,Pyt,Ptt,lambda_min,warn
1.022,0.5,0.9,0.499874,0.9,0.495541,0.908409,-0.00121393,0.00233355,-6.93881e-11,-1.61761e-11,0.00233333,-5.00271e-08,0.000397481,5.49861e+06,0
1.042,0.5,0.9,0.4999,0.9,0.495567,0.908409,-0.000580199,0.00233372,-2.76569e-10,-3.51395e-12,0.00233333,-3.95963e-08,0.000399482,5.49861e+06,0
1.062,0.500001,0.9,0.499513,0.9,0.49518,0.908409,-0.00116314,0.00233407,-4.80915e-10,-9.32263e-11,0.00233333,-1.9422e-07,0.000401484,5.49861e+06,0
1.082,0.500003,0.9,0.499989,0.9,0.495656,0.908408,-0.00127832,0.00233448,-9.54437e-10,1.29074e-10,0.00233333,-3.09933e-09,0.000403487,5.49861e+06,0
1.102,0.500005,0.9,0.500103,0.9,0.495771,0.908408,-0.00151301,0.00233469,-1.22183e-09,1.88265e-10,0.00233333,4.32042e-08,0.00040549,5.49861e+06,0
1.122,0.502485,0.9,0.503704,0.899998,0.495567,0.915879,-0.000326004,0.00219353,-9.95514e-09,2.82513e-09,0.00218751,1.48346e-06,0.000402851,5.5009e+06,0
1.142,0.506901,0.9,0.507988,0.900001,0.499851,0.915877,0.000480987,0.00219999,-1.2045e-08,3.38776e-09,0.00218753,3.20925e-06,0.000404856,5.5009e+06,0
1.162,0.512121,0.9,0.513142,0.900008,0.505004,0.91588,0.00101751,0.00220886,-7.77829e-09,2.38418e-09,0.00218757,5.29581e-06,0.000406862,5.5009e+06,0
1.182,0.518141,0.9,0.519451,0.900019,0.511314,0.915886,0.00119592,0.00222149,5.04339e-09,-2.27841e-10,0.00218765,7.86292e-06,0.00040887,5.5009e+06,0
1.202,0.524961,0.9,0.525888,0.900032,0.517751,0.915894,0.00142408,0.00223458,2.06203e-08,-3.37545e-09,0.00218777,1.04949e-05,0.000410877,5.5009e+06,0
1.222,0.532581,0.9,0.534306,0.900048,0.522044,0.921853,0.000721109,0.00212172,4.24669e-08,-7.06461e-09,0.00205925,1.31816e-05,0.000408116,5.39193e+06,0
1.242,0.541001,0.9,0.542991,0.900057,0.530729,0.921859,-0.000439859,0.00214421,5.85197e-08,-9.62069e-09,0.00205951,1.67262e-05,0.000410126,5.39193e+06,0
1.262,0.550221,0.9,0.552226,0.900064,0.539964,0.921855,0.000139716,0.00216939,4.74405e-08,-7.95481e-09,0.00205986,2.05139e-05,0.000412136,5.39193e+06,0
1.282,0.560131,0.9,0.561859,0.90007,0.549597,0.921857,-0.000729664,0.0021966,5.11323e-08,-8.50954e-09,0.00206029,2.4484e-05,0.000414148,5.39193e+06,0
1.302,0.570131,0.9,0.571922,0.900075,0.55966,0.921849,-0.000228905,0.0022261,2.97296e-08,-5.46855e-09,0.00206083,2.8652e-05,0.00041616,5.39193e+06,0
1.322,0.580131,0.9,0.581777,0.900083,0.569515,0.921847,0.000111978,0.00225448,2.32531e-08,-4.52981e-09,0.00206143,3.27535e-05,0.000418174,5.39193e+06,0
1.342,0.590131,0.9,0.591782,0.900095,0.574132,0.926174,0.000328043,0.00214724,1.9747e-08,-4.10338e-09,0.0019474,3.47011e-05,0.000415222,5.11397e+06,0
1.362,0.600131,0.9,0.601612,0.900111,0.583963,0.926178,0.000807931,0.00217549,2.88497e-08,-5.44247e-09,0.00194812,3.87835e-05,0.000417237,5.11397e+06,0
1.382,0.610131,0.9,0.611213,0.900125,0.593564,0.926185,-0.000187455,0.00220253,5.03164e-08,-8.6791e-09,0.0019489,4.27899e-05,0.000419254,5.11397e+06,0
1.402,0.620131,0.9,0.621071,0.900132,0.603421,0.926184,-0.000437566,0.00223093,4.49947e-08,-7.90449e-09,0.00194979,4.69234e-05,0.000421271,5.11397e+06,0
1.422,0.630131,0.9,0.630935,0.900138,0.613286,0.926179,-0.000562087,0.00225936,3.26963e-08,-6.08621e-09,0.00195075,5.10797e-05,0.000423289,5.11397e+06,0
1.442,0.640131,0.9,0.640698,0.900144,0.617113,0.92933,-0.00030064,0.00215025,1.25846e-08,-3.23708e-09,0.00184867,5.18879e-05,0.000420181,4.84318e+06,0
1.462,0.650131,0.9,0.650706,0.90015,0.627121,0.929327,-0.000664478,0.00217945,3.94014e-09,-1.97272e-09,0.00184975,5.60943e-05,0.000422201,4.84318e+06,0
1.482,0.660131,0.9,0.660794,0.900151,0.637209,0.92932,-0.00136885,0.00220909,-1.53683e-08,8.5749e-10,0.00185093,6.03544e-05,0.000424222,4.84318e+06,0
1.502,0.670131,0.9,0.670319,0.90015,0.646734,0.929307,-0.00110257,0.00223574,-5.09986e-08,6.38855e-09,0.00185212,6.43959e-05,0.000426244,4.84318e+06,0
1.522,0.680131,0.9,0.680573,0.900148,0.656988,0.929296,-0.00137451,0.00226629,-8.3837e-08,1.12079e-08,0.00185348,6.87678e-05,0.000428267,4.84318e+06,0
1.542,0.690131,0.9,0.690908,0.900142,0.660438,0.931506,-0.00202655,0.00215947,-1.14639e-07,1.63111e-08,0.00176152,6.88927e-05,0.000424988,4.62889e+06,0
1.562,0.700131,0.9,0.700055,0.900134,0.669585,0.931488,-0.00172122,0.0021842,-1.6327e-07,2.41899e-08,0.00176282,7.27814e-05,0.000427013,4.62889e+06,0
1.582,0.710131,0.9,0.709999,0.900126,0.679529,0.931471,-0.00200907,0.00221306,-2.11379e-07,3.14991e-08,0.00176431,7.70289e-05,0.000429039,4.62889e+06,0
1.602,0.72013,0.9,0.719327,0.900117,0.688857,0.931452,-0.0021251,0.0022387,-2.61093e-07,3.95413e-08,0.00176578,8.10328e-05,0.000431066,4.62889e+06,0
1.622,0.730127,0.9,0.729718,0.900112,0.699248,0.93143,-0.000883362,0.00227001,-3.25323e-07,4.9061e-08,0.00176751,8.55135e-05,0.000433094,4.3702e+06,0
1.642,0.740124,0.9,0.740565,0.90011,0.702977,0.93318,-0.00148426,0.00216567,-3.17169e-07,4.99727e-08,0.00168415,8.50484e-05,0.000429636,4.3702e+06,0
1.662,0.75012,0.9,0.750715,0.900102,0.713127,0.933165,-0.00211429,0.00219564,-3.59802e-07,5.64467e-08,0.00168592,8.94109e-05,0.000431666,4.3702e+06,0
1.682,0.760115,0.9,0.760528,0.900088,0.72294,0.933145,-0.00256634,0.0022238,-4.1684e-07,6.54047e-08,0.00168772,9.36489e-05,0.000433697,4.3702e+06,0
1.702,0.770109,0.9,0.770586,0.900073,0.732998,0.933119,-0.00244272,0.00225327,-4.89298e-07,7.66022e-08,0.00168965,9.80134e-05,0.000435729,4.3702e+06,0
1.722,0.780103,0.9,0.780416,0.900063,0.739277,0.934603,-0.0015228,0.00214523,-5.04694e-07,8.26275e-08,0.00161345,9.65807e-05,0.000432149,3.68235e+06,0
1.742,0.790097,0.9,0.789919,0.900063,0.748781,0.934588,-0.000439032,0.00217177,-5.4287e-07,8.88847e-08,0.00161532,0.00010069,0.000434183,3.68235e+06,0
1.762,0.80009,0.9,0.799759,0.900074,0.758621,0.934584,0.000775436,0.00220008,-5.53967e-07,9.07635e-08,0.00161734,0.000104965,0.000436219,3.68235e+06,0
1.782,0.810083,0.9,0.809595,0.900088,0.768456,0.934591,0.000157935,0.00222835,-5.3198e-07,8.74394e-08,0.00161945,0.000109258,0.000438255,3.68235e+06,0
1.802,0.820078,0.9,0.819626,0.900101,0.778487,0.934593,0.00040852,0.00225768,-5.26651e-07,8.6748e-08,0.00162169,0.000113657,0.000440293,3.68235e+06,0
1.822,0.830073,0.9,0.829134,0.900114,0.789742,0.935761,0.000225838,0.00214744,-4.65809e-07,8.09467e-08,0.00155162,0.00011141,0.000436518,2.82837e+06,0
1.842,0.840069,0.9,0.839142,0.900131,0.799751,0.935763,0.000874863,0.00217664,-4.58665e-07,7.99626e-08,0.0015539,0.000115782,0.000438557,2.82837e+06,0
1.862,0.850066,0.9,0.849674,0.900156,0.810283,0.935772,0.00158313,0.00220875,-4.30846e-07,7.59241e-08,0.00155638,0.000120404,0.000440598,2.82837e+06,0
1.882,0.860063,0.9,0.859742,0.900182,0.820351,0.935788,0.0014279,0.00223828,-3.85322e-07,6.89034e-08,0.00155885,0.000124844,0.00044264,2.82837e+06,0
1.902,0.870061,0.9,0.870491,0.900211,0.831099,0.935803,0.00159778,0.00227162,-3.3896e-07,6.21114e-08,0.00156159,0.000129605,0.000444684,2.82837e+06,0
1.922,0.88006,0.9,0.880616,0.900233,0.843185,0.936611,0.000398165,0.00216301,-2.63965e-07,5.24331e-08,0.00149698,0.00012696,0.000440701,2.55553e+06,0
1.942,0.890058,0.9,0.890549,0.900248,0.853118,0.936615,-5.40826e-05,0.00219181,-2.52496e-07,5.06913e-08,0.00149955,0.000131341,0.000442746,2.55553e+06,0
1.962,0.900057,0.9,0.899845,0.900257,0.862414,0.936615,-0.000670755,0.00221729,-2.53334e-07,5.09151e-08,0.00150203,0.000135461,0.000444793,2.55553e+06,0
1.982,0.910056,0.9,0.910579,0.900259,0.873148,0.936607,-0.00156999,0.00225055,-2.74086e-07,5.4119e-08,0.00150499,0.00014024,0.000446841,2.55553e+06,0
2.002,0.920055,0.9,0.92127,0.900255,0.883839,0.936591,-0.00182966,0.00228356,-3.22897e-07,6.16207e-08,0.00150804,0.000145022,0.00044889,2.55553e+06,0
2.022,0.930055,0.9,0.931119,0.900252,0.893688,0.936573,-0.00128326,0.00231191,-3.71468e-07,6.97121e-08,0.00151094,0.000149448,0.000450941,2.55553e+06,0
2.042,0.940054,0.9,0.941211,0.900252,0.905508,0.937156,-0.00160876,0.00219832,-3.74256e-07,7.24388e-08,0.00145073,0.000145935,0.000446659,2.38207e+06,0
2.062,0.950054,0.9,0.951351,0.900254,0.915649,0.93714,-0.000907881,0.00222824,-4.19205e-07,7.97282e-08,0.00145374,0.00015047,0.000448712,2.38207e+06,0
2.082,0.960054,0.9,0.961312,0.900257,0.925609,0.937131,-0.00141718,0.00225719,-4.43292e-07,8.37892e-08,0.00145678,0.000154945,0.000450766,2.38207e+06,0
2.102,0.970053,0.9,0.970867,0.900259,0.935164,0.937117,-0.00114139,0.002284,-4.78322e-07,8.98964e-08,0.00145978,0.000159257,0.000452821,2.38207e+06,0
2.122,0.980053,0.9,0.981238,0.900264,0.948264,0.937602,-0.000993881,0.00217528,-4.69981e-07,9.14263e-08,0.00140385,0.000155566,0.000448415,2.22228e+06,0
2.142,0.990053,0.9,0.991258,0.900269,0.958285,0.937592,-0.00133433,0.00220455,-4.96564e-07,9.58963e-08,0.00140702,0.000160065,0.000450472,2.22228e+06,0
2.162,1.00005,0.9,1.00185,0.900272,0.968873,0.937577,-0.00151025,0.00223697,-5.36485e-07,1.02265e-07,0.00141046,0.000164841,0.000452531,2.22228e+06,0
2.182,1.01005,0.9,1.0117,0.900274,0.978724,0.937563,-0.00138611,0.00226533,-5.75792e-07,1.09003e-07,0.00141375,0.000169306,0.000454591,2.22228e+06,0
2.202,1.02005,0.9,1.02204,0.900283,0.98907,0.937548,-0.000180755,0.00229639,-6.15215e-07,1.15527e-07,0.0014173,0.000174016,0.000456652,2.22228e+06,0
2.222,1.03005,0.9,1.03256,0.900295,1.00255,0.937954,-0.00114736,0.00218703,-5.66521e-07,1.11671e-07,0.00136488,0.000169833,0.000452022,2.06781e+06,0
2.242,1.04005,0.9,1.04326,0.900307,1.01324,0.937942,-0.00032311,0.00222008,-6.01101e-07,1.17224e-07,0.00136856,0.000174676,0.000454085,2.06781e+06,0
2.262,1.05005,0.9,1.05298,0.900321,1.02296,0.937939,-0.000536516,0.00224775,-6.08341e-07,1.18656e-07,0.001372,0.000179098,0.00045615,2.06781e+06,0
2.282,1.06005,0.9,1.06345,0.900338,1.03343,0.937933,4.89997e-06,0.0022795,-6.23097e-07,1.21224e-07,0.0013758,0.00018388,0.000458216,2.06781e+06,0
2.302,1.07005,0.9,1.07342,0.90036,1.04341,0.937933,0.000519329,0.00230851,-6.21755e-07,1.21207e-07,0.00137951,0.000188458,0.000460284,2.06781e+06,0
2.322,1.08005,0.9,1.08314,0.900388,1.05313,0.937938,0.00158097,0.00233618,-6.07181e-07,1.18889e-07,0.00138322,0.000192941,0.000462353,2.06781e+06,0
2.342,1.09005,0.9,1.09327,0.900419,1.06541,0.938138,0.000455288,0.00221984,-5.10358e-07,1.06937e-07,0.00133342,0.000187809,0.000457398,1.9158e+06,0
2.362,1.10005,0.9,1.1033,0.900437,1.07544,0.938143,-0.00114504,0.00224916,-4.96817e-07,1.04853e-07,0.00133723,0.000192405,0.000459469,1.9158e+06,0
2.382,1.11005,0.9,1.11353,0.90044,1.08568,0.938131,-0.00258229,0.00227961,-5.283e-07,1.10243e-07,0.00134122,0.000197117,0.000461541,1.9158e+06,0
2.402,1.12005,0.9,1.12331,0.900437,1.09545,0.938106,-0.00232535,0.00230755,-5.94283e-07,1.21895e-07,0.00134511,0.000201637,0.000463615,1.9158e+06,0
2.422,1.13005,0.9,1.13341,0.900436,1.10819,0.938047,-0.00236598,0.00219457,-6.06581e-07,1.27593e-07,0.00129819,0.000196265,0.000458539,1.68071e+06,0
2.442,1.14005,0.9,1.14381,0.900436,1.11859,0.938023,-0.00246924,0.00222593,-6.74504e-07,1.38884e-07,0.00130232,0.000201043,0.000460615,1.68071e+06,0
2.462,1.15005,0.9,1.15348,0.90044,1.12826,0.937999,-0.00143113,0.00225334,-7.35937e-07,1.49892e-07,0.00130625,0.000205508,0.000462693,1.68071e+06,0
2.482,1.16005,0.9,1.16383,0.90045,1.1386,0.937984,-0.00141432,0.00228438,-7.75696e-07,1.56749e-07,0.00131055,0.000210303,0.000464772,1.68071e+06,0
2.502,1.17005,0.9,1.17303,0.900466,1.1478,0.937971,0.000224207,0.00230937,-8.06811e-07,1.62805e-07,0.00131446,0.000214589,0.000466852,1.68071e+06,0
2.522,1.18005,0.9,1.18238,0.900491,1.15948,0.937777,0.000104939,0.00219223,-7.28596e-07,1.55084e-07,0.00126954,0.000208418,0.000461553,1.59134e+06,0
2.542,1.19005,0.9,1.19259,0.900515,1.16969,0.937778,-0.000437865,0.00222253,-7.24061e-07,1.54598e-07,0.00127384,0.000213141,0.000463635,1.59134e+06,0
2.562,1.20005,0.9,1.20241,0.900528,1.1795,0.937774,-0.00204819,0.00225068,-7.33935e-07,1.56599e-07,0.00127807,0.000217701,0.00046572,1.59134e+06,0
2.582,1.21005,0.9,1.2125,0.900534,1.18959,0.937753,-0.00194221,0.00228034,-7.88501e-07,1.66236e-07,0.00128251,0.000222412,0.000467805,1.59134e+06,0
2.602,1.22005,0.9,1.22283,0.90054,1.19992,0.937733,-0.00206424,0.0023113,-8.42355e-07,1.7563e-07,0.00128716,0.000227256,0.000469893,1.59134e+06,0
2.622,1.23005,0.9,1.23316,0.900544,1.21312,0.93754,-0.00245631,0.0021991,-8.26908e-07,1.78362e-07,0.00124466,0.000221088,0.000464369,1.50222e+06,0
2.642,1.24005,0.9,1.24289,0.900543,1.22285,0.937516,-0.00348776,0.00222681,-8.87854e-07,1.89471e-07,0.00124901,0.000225618,0.000466459,1.50222e+06,0
2.662,1.25005,0.9,1.25342,0.900536,1.23338,0.93748,-0.00335069,0.00225891,-9.89341e-07,2.06618e-07,0.00125381,0.000230543,0.000468549,1.50222e+06,0
2.682,1.26005,0.9,1.26318,0.900531,1.24314,0.937447,-0.00328201,0.0022868,-1.07308e-06,2.2196e-07,0.00125836,0.00023513,0.000470642,1.50222e+06,0
2.702,1.27005,0.9,1.27387,0.900524,1.25383,0.937412,-0.00353176,0.0023198,-1.17058e-06,2.38487e-07,0.00126344,0.000240174,0.000472736,1.50222e+06,0
2.722,1.28005,0.9,1.28382,0.900513,1.26685,0.937164,-0.00446602,0.00220447,-1.15827e-06,2.45204e-07,0.0012225,0.000233365,0.000466982,1.43356e+06,0
2.742,1.29005,0.9,1.29339,0.900497,1.27642,0.937121,-0.00487608,0.00223137,-1.26587e-06,2.65187e-07,0.00122701,0.000237849,0.000469078,1.43356e+06,0
2.762,1.30005,0.9,1.30353,0.900478,1.28656,0.937071,-0.00500179,0.00226132,-1.3972e-06,2.88413e-07,0.00123189,0.000242622,0.000471176,1.43356e+06,0
2.782,1.31005,0.9,1.3134,0.900453,1.29643,0.937022,-0.00602402,0.00228976,-1.52444e-06,3.11693e-07,0.00123672,0.000247286,0.000473275,1.43356e+06,0
2.802,1.32005,0.9,1.32418,0.90042,1.30721,0.936957,-0.00610579,0.00232329,-1.70665e-06,3.42456e-07,0.00124211,0.000252404,0.000475376,1.43356e+06,0
2.822,1.33005,0.9,1.33384,0.900391,1.31969,0.936663,-0.00617901,0.00220603,-1.70211e-06,3.56315e-07,0.00120256,0.000245028,0.000469396,1.38573e+06,0
2.842,1.34005,0.9,1.34321,0.900364,1.32905,0.936605,-0.00595341,0.00223186,-1.84393e-06,3.83507e-07,0.00120719,0.000249439,0.000471499,1.38573e+06,0
2.862,1.35005,0.9,1.35398,0.900332,1.33983,0.936541,-0.00626094,0.00226535,-2.02287e-06,4.13788e-07,0.00121262,0.000254536,0.000473604,1.38573e+06,0
2.882,1.36005,0.9,1.36387,0.900303,1.34971,0.936479,-0.00600749,0.0022939,-2.18147e-06,4.43142e-07,0.0012177,0.000259234,0.00047571,1.38573e+06,0
2.902,1.37005,0.9,1.37341,0.900275,1.35926,0.936422,-0.00623941,0.00232064,-2.32279e-06,4.70457e-07,0.00122269,0.000263791,0.000477819,1.38573e+06,0
2.922,1.38005,0.9,1.38345,0.900246,1.37246,0.936106,-0.00626152,0.0022057,-2.27603e-06,4.81315e-07,0.00118468,0.000256196,0.000471622,1.32563e+06,0
2.942,1.39005,0.9,1.39362,0.900216,1.38263,0.936042,-0.00636474,0.0022358,-2.44295e-06,5.11401e-07,0.00118995,0.000261011,0.000473732,1.32563e+06,0
2.962,1.40005,0.9,1.4035,0.900191,1.39252,0.935979,-0.00559018,0.00226434,-2.60286e-06,5.41257e-07,0.00119515,0.000265712,0.000475844,1.32563e+06,0
2.982,1.41005,0.9,1.41337,0.900172,1.40238,0.935924,-0.00491948,0.00229278,-2.74159e-06,5.67554e-07,0.00120044,0.000270424,0.000477957,1.32563e+06,0
3.002,1.42005,0.9,1.42308,0.900162,1.41209,0.935877,-0.00395306,0.0023204,-2.85884e-06,5.90446e-07,0.00120574,0.000275085,0.000480073,1.32563e+06,0
3.022,1.43005,0.9,1.43326,0.900155,1.42227,0.935836,-0.00432002,0.00235051,-2.96058e-06,6.09813e-07,0.00121139,0.000279989,0.00048219,1.32563e+06,0
3.042,1.44005,0.9,1.4433,0.90014,1.43231,0.935793,-0.00540447,0.00237989,-3.06901e-06,6.30787e-07,0.00121706,0.00028485,0.000484309,1.32563e+06,0
3.062,1.45005,0.9,1.45302,0.900122,1.44357,0.935467,-0.00536307,0.00225605,-2.91641e-06,6.30936e-07,0.00117935,0.000276181,0.000477638,1.28369e+06,0
3.082,1.46005,0.9,1.46355,0.9001,1.4541,0.93541,-0.00603372,0.00228817,-3.06611e-06,6.57985e-07,0.00118523,0.000281233,0.000479759,1.28369e+06,0
3.102,1.47005,0.9,1.47361,0.900074,1.46415,0.935349,-0.0063259,0.00231761,-3.21981e-06,6.87153e-07,0.00119093,0.000286076,0.000481882,1.28369e+06,0
3.122,1.48005,0.9,1.48343,0.900046,1.47723,0.935003,-0.00677988,0.00220188,-3.08573e-06,6.89757e-07,0.00115499,0.000277589,0.00047526,1.21217e+06,0
3.142,1.49005,0.9,1.49389,0.900018,1.48769,0.934932,-0.00631742,0.00223357,-3.27334e-06,7.23531e-07,0.00116085,0.000282581,0.000477384,1.21217e+06,0
3.162,1.50005,0.9,1.50399,0.899987,1.49778,0.934868,-0.00748414,0.00226326,-3.4353e-06,7.54064e-07,0.00116661,0.000287423,0.000479511,1.21217e+06,0
3.182,1.51005,0.9,1.51358,0.899951,1.50738,0.934797,-0.00758472,0.00229028,-3.60932e-06,7.88585e-07,0.00117217,0.000292047,0.000481639,1.21217e+06,0
3.202,1.52005,0.9,1.5237,0.899915,1.5175,0.93472,-0.00730304,0.00232009,-3.8046e-06,8.25634e-07,0.00117813,0.000296943,0.000483769,1.21217e+06,0
3.222,1.53005,0.9,1.53329,0.89988,1.53027,0.934381,-0.00769913,0.00220282,-3.6324e-06,8.26922e-07,0.00114292,0.00028795,0.000476932,1.14021e+06,0
3.242,1.54005,0.9,1.54331,0.899843,1.54029,0.934303,-0.00773504,0.00223209,-3.82688e-06,8.63807e-07,0.00114874,0.000292751,0.000479064,1.14021e+06,0
3.262,1.55005,0.9,1.55305,0.89981,1.55003,0.934228,-0.00719983,0.00225986,-4.01083e-06,8.99991e-07,0.00115449,0.00029744,0.000481198,1.14021e+06,0
3.282,1.56005,0.9,1.56315,0.899773,1.56013,0.934155,-0.00820169,0.00228959,-4.19378e-06,9.35101e-07,0.00116055,0.000302326,0.000483333,1.14021e+06,0
3.302,1.57005,0.9,1.57365,0.899724,1.57063,0.934069,-0.00920364,0.0023215,-4.41926e-06,9.76828e-07,0.00116695,0.000307425,0.000485471,1.14021e+06,0
3.322,1.58005,0.9,1.58353,0.899664,1.58327,0.93375,-0.0110412,0.00220562,-4.24882e-06,9.82518e-07,0.00113265,0.000298188,0.000478425,1.05778e+06,0
3.342,1.59005,0.9,1.5932,0.899605,1.59293,0.933643,-0.0096276,0.002233,-4.50928e-06,1.03369e-06,0.00113846,0.000302837,0.000480564,1.05778e+06,0
3.362,1.60005,0.9,1.60393,0.899542,1.60366,0.93354,-0.0104658,0.00226622,-4.78626e-06,1.08345e-06,0.00114502,0.000308018,0.000482705,1.05778e+06,0
3.382,1.61005,0.9,1.61425,0.899475,1.61398,0.933432,-0.0107492,0.00229716,-5.06505e-06,1.13574e-06,0.00115144,0.000313028,0.000484849,1.05778e+06,0
3.402,1.62005,0.9,1.62476,0.899408,1.62449,0.933319,-0.0103793,0.00232914,-5.36089e-06,1.19065e-06,0.00115807,0.00031815,0.000486994,1.05778e+06,0
3.422,1.63005,0.9,1.63494,0.899347,1.63467,0.933213,-0.00999398,0.00235927,-5.6274e-06,1.24224e-06,0.0011646,0.000323135,0.000489141,1.05778e+06,0
3.442,1.64005,0.9,1.64437,0.899289,1.64574,0.932777,-0.0108489,0.00223644,-5.3369e-06,1.24029e-06,0.0011302,0.000312993,0.000481738,922347,0
3.462,1.65005,0.9,1.65447,0.899219,1.65583,0.932668,-0.0117335,0.00226612,-5.61158e-06,1.29321e-06,0.00113658,0.000317884,0.000483887,922347,0
3.482,1.66005,0.9,1.66457,0.899142,1.66594,0.932549,-0.0120188,0.00229586,-5.90919e-06,1.35076e-06,0.00114306,0.000322803,0.000486038,922347,0
3.502,1.67005,0.9,1.67512,0.899059,1.67648,0.932422,-0.0123771,0.00232804,-6.24009e-06,1.41253e-06,0.00114992,0.000327957,0.000488191,922347,0
3.522,1.68005,0.9,1.68496,0.898986,1.68813,0.931961,-0.0113275,0.00221113,-5.97753e-06,1.41756e-06,0.00111671,0.00031792,0.000480734,868559,0
3.542,1.69005,0.9,1.69451,0.898919,1.69769,0.931853,-0.0115013,0.00223793,-6.23269e-06,1.46977e-06,0.00112284,0.000322542,0.000482888,868559,0
3.562,1.70005,0.9,1.70533,0.898837,1.70851,0.931729,-0.012532,0.00227169,-6.56427e-06,1.53006e-06,0.00112988,0.000327797,0.000485045,868559,0
3.582,1.71005,0.9,1.71464,0.898761,1.71781,0.931612,-0.0126032,0.00229723,-6.83132e-06,1.58683e-06,0.00113602,0.000332341,0.000487204,868559,0
3.602,1.72005,0.9,1.72531,0.898681,1.72848,0.931477,-0.0112856,0.0023301,-7.18329e-06,1.65254e-06,0.00114318,0.00033757,0.000489365,868559,0
3.622,1.73005,0.9,1.73538,0.898613,1.74071,0.931009,-0.01115,0.0022142,-6.8197e-06,1.64542e-06,0.00111055,0.000327274,0.00048171,833652,0
3.642,1.74005,0.9,1.74502,0.898543,1.75035,0.930902,-0.0123194,0.00224144,-7.07191e-06,1.69741e-06,0.00111691,0.000331948,0.000483872,833652,0
3.662,1.75005,0.9,1.75521,0.898458,1.76055,0.930776,-0.0134996,0.00227164,-7.38444e-06,1.7584e-06,0.00112373,0.000336912,0.000486037,833652,0
3.682,1.76005,0.9,1.76492,0.898373,1.77026,0.930645,-0.0129434,0.00229928,-7.69563e-06,1.82237e-06,0.00113033,0.000341666,0.000488204,833652,0
3.702,1.77005,0.9,1.77509,0.898289,1.78043,0.930514,-0.0126888,0.00232935,-8.0207e-06,1.88687e-06,0.00113733,0.000346663,0.000490372,833652,0
3.722,1.78005,0.9,1.78559,0.898207,1.79301,0.930142,-0.0121714,0.00221592,-7.64424e-06,1.88062e-06,0.00110537,0.000336222,0.00048253,810690,0
3.742,1.79005,0.9,1.79619,0.898125,1.8036,0.930013,-0.0124887,0.0022484,-7.97564e-06,1.94313e-06,0.00111255,0.000341369,0.0004847,810690,0
3.762,1.80005,0.9,1.80657,0.898044,1.81399,0.929883,-0.0122584,0.00227965,-8.30083e-06,2.00623e-06,0.0011197,0.000346435,0.000486873,810690,0
3.782,1.81005,0.9,1.81618,0.897968,1.8236,0.929766,-0.0127951,0.00230676,-8.57252e-06,2.06389e-06,0.00112641,0.000351151,0.000489047,810690,0
3.802,1.82005,0.9,1.82577,0.897893,1.83319,0.929643,-0.0120054,0.00233373,-8.8542e-06,2.12418e-06,0.00113319,0.000355876,0.000491224,810690,0
3.822,1.83005,0.9,1.83599,0.897814,1.84544,0.929217,-0.0127106,0.00221822,-8.36286e-06,2.10414e-06,0.00110131,0.000344931,0.000483192,780002,0
3.842,1.84005,0.9,1.84558,0.897737,1.85502,0.929095,-0.0127072,0.00224519,-8.64283e-06,2.16331e-06,0.00110797,0.000349598,0.00048537,780002,0
3.862,1.85005,0.9,1.85585,0.897649,1.86529,0.928964,-0.0135459,0.00227584,-8.96388e-06,2.22698e-06,0.00111521,0.000354621,0.000487551,780002,0
3.882,1.86005,0.9,1.86494,0.897568,1.87438,0.928841,-0.0136013,0.00230028,-9.23049e-06,2.28732e-06,0.0011217,0.000359089,0.000489733,780002,0
3.902,1.87005,0.9,1.87525,0.897481,1.88469,0.928701,-0.0125706,0.00233111,-9.57529e-06,2.3563e-06,0.00112916,0.000364175,0.000491918,780002,0
3.922,1.88005,0.9,1.88547,0.897402,1.89693,0.928372,-0.012263,0.0022159,-9.03295e-06,2.33025e-06,0.00109752,0.000352899,0.000483714,767668,0
3.942,1.89005,0.9,1.89579,0.897324,1.90725,0.928245,-0.012141,0.00224683,-9.34284e-06,2.39182e-06,0.00110486,0.00035793,0.0004859,767668,0
3.962,1.90005,0.9,1.90538,0.897255,1.91684,0.928129,-0.0114369,0.00227382,-9.60542e-06,2.44875e-06,0.00111178,0.00036263,0.000488088,767668,0
3.982,1.91005,0.9,1.91559,0.897189,1.92705,0.928012,-0.0107735,0.0023041,-9.88387e-06,2.50608e-06,0.00111924,0.000367651,0.000490279,767668,0
4.002,1.92005,0.9,1.92518,0.89713,1.93664,0.927909,-0.0107552,0.00233111,-1.01123e-05,2.55713e-06,0.00112634,0.000372396,0.000492472,767668,0
4.022,1.93005,0.9,1.93552,0.897071,1.94943,0.927495,-0.00999444,0.00221657,-9.47981e-06,2.51497e-06,0.00109497,0.000360842,0.000484097,733592,0
4.042,1.94005,0.9,1.94582,0.897021,1.95973,0.927392,-0.00910748,0.00224735,-9.72389e-06,2.56516e-06,0.00110245,0.000365867,0.000486291,733592,0
4.062,1.95005,0.9,1.9556,0.896972,1.9695,0.927303,-0.0103537,0.00227532,-9.92054e-06,2.60884e-06,0.00110965,0.000370663,0.000488488,733592,0
4.082,1.96005,0.9,1.9657,0.896921,1.9796,0.927198,-0.00912298,0.00230503,-1.01625e-05,2.66033e-06,0.00111719,0.000375641,0.000490687,733592,0
4.102,1.97005,0.9,1.97586,0.896877,1.98976,0.927106,-0.00896575,0.00233505,-1.03741e-05,2.7062e-06,0.00112488,0.000380669,0.000492888,733592,0
4.122,1.98005,0.9,1.98658,0.896831,2.00321,0.926796,-0.00904176,0.00222218,-9.68534e-06,2.65005e-06,0.00109387,0.000368946,0.000484342,708433,0
4.142,1.99005,0.9,1.99649,0.896789,2.01313,0.926706,-0.00885162,0.0022509,-9.88523e-06,2.69388e-06,0.00110124,0.000373794,0.000486544,708433,0
4.162,2.00005,0.9,2.0067,0.896744,2.02333,0.926616,-0.00937058,0.00228117,-1.00915e-05,2.73824e-06,0.00110892,0.000378803,0.000488749,708433,0
4.182,2.01005,0.9,2.01712,0.896695,2.03375,0.926518,-0.00945109,0.00231266,-1.03206e-05,2.78639e-06,0.00111688,0.000383943,0.000490956,708433,0
4.202,2.02005,0.9,2.02726,0.896645,2.04389,0.926423,-0.0100325,0.00234257,-1.05377e-05,2.83386e-06,0.00112471,0.000388967,0.000493165,708433,0
4.222,2.03005,0.9,2.03676,0.896598,2.05624,0.926174,-0.00928065,0.00222215,-9.80355e-06,2.77088e-06,0.0010928,0.000376292,0.000484448,684809,0
4.242,2.04005,0.9,2.04686,0.896552,2.06634,0.92608,-0.00941291,0.00225185,-1.00155e-05,2.81672e-06,0.00110045,0.000381232,0.000486658,684809,0
4.262,2.05005,0.9,2.05696,0.896506,2.07644,0.925985,-0.00918309,0.00228154,-1.02298e-05,2.86341e-06,0.0011082,0.000386193,0.000488871,684809,0
4.282,2.06005,0.9,2.0665,0.896462,2.08597,0.925898,-0.00951104,0.00230824,-1.04135e-05,2.90666e-06,0.00111562,0.000390902,0.000491087,684809,0
4.302,2.07005,0.9,2.07645,0.896415,2.09593,0.925803,-0.00947763,0.00233715,-1.0622e-05,2.95361e-06,0.00112345,0.000395839,0.000493305,684809,0
4.322,2.08005,0.9,2.086,0.896372,2.10828,0.925555,-0.00923439,0.00221762,-9.8713e-06,2.88241e-06,0.00109163,0.000382897,0.000484446,668970,0
4.342,2.09005,0.9,2.09657,0.896321,2.11885,0.925457,-0.00985577,0.00224995,-1.01014e-05,2.93015e-06,0.00109978,0.000388067,0.000486665,668970,0
4.362,2.10005,0.9,2.10727,0.896274,2.12955,0.925352,-0.00852021,0.00228301,-1.03545e-05,2.98194e-06,0.00110815,0.000393325,0.000488886,668970,0
4.382,2.11005,0.9,2.11761,0.896237,2.13989,0.925264,-0.008261,0.00231404,-1.05529e-05,3.02549e-06,0.00111634,0.000398431,0.00049111,668970,0
4.402,2.12005,0.9,2.12797,0.8962,2.15026,0.925178,-0.00850342,0.00234519,-1.07444e-05,3.06801e-06,0.00112465,0.000403573,0.000493336,668970,0
4.422,2.13005,0.9,2.13814,0.896163,2.1631,0.924954,-0.00852138,0.002228,-9.98213e-06,2.98902e-06,0.00109322,0.000390577,0.000484319,651188,0
4.442,2.14005,0.9,2.14812,0.896122,2.17308,0.924869,-0.0092054,0.00225703,-1.01661e-05,3.03068e-06,0.00110106,0.000395461,0.000486546,651188,0
4.462,2.15005,0.9,2.15796,0.896082,2.18292,0.924779,-0.00861998,0.00228532,-1.03604e-05,3.07522e-06,0.00110889,0.000400299,0.000488775,651188,0
4.482,2.16005,0.9,2.16825,0.896044,2.19321,0.92469,-0.00842587,0.00231606,-1.05578e-05,3.11907e-06,0.00111718,0.000405383,0.000491007,651188,0
4.502,2.17005,0.9,2.17816,0.896002,2.20312,0.924606,-0.00979005,0.00234475,-1.07344e-05,3.16058e-06,0.00112527,0.000410304,0.000493242,651188,0
4.522,2.18005,0.9,2.18771,0.895955,2.21267,0.924513,-0.00962743,0.00237155,-1.09278e-05,3.20724e-06,0.00113316,0.000415074,0.00049548,651188,0
4.542,2.19005,0.9,2.19754,0.895909,2.22421,0.924257,-0.00945623,0.00224929,-1.01532e-05,3.12459e-06,0.00110091,0.000401308,0.000486162,636385,0
4.562,2.20005,0.9,2.20738,0.895861,2.23404,0.924164,-0.0100493,0.00227757,-1.03522e-05,3.17032e-06,0.00110885,0.000406146,0.0004884,636385,0
4.582,2.21005,0.9,2.21703,0.895815,2.2437,0.924067,-0.00931979,0.0023049,-1.05563e-05,3.21823e-06,0.00111674,0.000410918,0.00049064,636385,0
4.602,2.22005,0.9,2.22697,0.895772,2.25364,0.923974,-0.00904353,0.00233374,-1.07546e-05,3.26422e-06,0.00112496,0.000415853,0.000492883,636385,0
4.622,2.23005,0.9,2.23646,0.895739,2.2653,0.923732,-0.00764847,0.00221432,-9.98033e-06,3.17454e-06,0.00109294,0.000401986,0.000483624,622971,0
4.642,2.24005,0.9,2.24669,0.895709,2.27552,0.923654,-0.00818206,0.00224469,-1.01484e-05,3.21288e-06,0.00110121,0.000406987,0.000485868,622971,0
4.662,2.25005,0.9,2.2569,0.895679,2.28573,0.92357,-0.00737748,0.002275,-1.03292e-05,3.25402e-06,0.00110957,0.000412006,0.000488114,622971,0
4.682,2.26005,0.9,2.26694,0.895653,2.29578,0.923496,-0.00761347,0.00230442,-1.04826e-05,3.29074e-06,0.0011179,0.00041697,0.000490363,622971,0
4.702,2.27005,0.9,2.27711,0.895632,2.30594,0.923419,-0.00630301,0.00233448,-1.06453e-05,3.32925e-06,0.00112643,0.000422016,0.000492615,622971,0
4.722,2.28005,0.9,2.28758,0.895618,2.31641,0.923353,-0.00630632,0.00236621,-1.07823e-05,3.36231e-06,0.00113532,0.000427233,0.000494869,622971,0
4.742,2.29005,0.9,2.29754,0.895606,2.32806,0.923137,-0.005971,0.00224534,-9.94655e-06,3.2549e-06,0.00110301,0.000412973,0.000485309,602162,0
4.762,2.30005,0.9,2.30774,0.895597,2.33825,0.923076,-0.00583239,0.00227556,-1.00684e-05,3.285e-06,0.00111148,0.000417983,0.000487564,602162,0
4.782,2.31005,0.9,2.31657,0.895588,2.34708,0.923024,-0.00608164,0.00229874,-1.01528e-05,3.31066e-06,0.0011189,0.000422349,0.000489822,602162,0
4.802,2.32005,0.9,2.32676,0.89557,2.35727,0.922962,-0.00730323,0.00232894,-1.02763e-05,3.34158e-06,0.00112756,0.000427405,0.000492082,602162,0
4.822,2.33005,0.9,2.33765,0.89555,2.37032,0.922742,-0.0064032,0.00221784,-9.5556e-06,3.24152e-06,0.00109649,0.000413679,0.000482599,584299,0
4.842,2.34005,0.9,2.34725,0.895542,2.37992,0.92268,-0.0052831,0.00224487,-9.67188e-06,3.27174e-06,0.00110448,0.000418375,0.00048486,584299,0
4.862,2.35005,0.9,2.35696,0.895535,2.38962,0.922629,-0.00624997,0.00227245,-9.76414e-06,3.29715e-06,0.00111264,0.000423143,0.000487123,584299,0
4.882,2.36005,0.9,2.36705,0.895522,2.39971,0.922566,-0.0064602,0.00230209,-9.88915e-06,3.32844e-06,0.00112123,0.000428123,0.000489389,584299,0
4.902,2.37005,0.9,2.37688,0.895504,2.40955,0.922503,-0.00719706,0.00233037,-1.00116e-05,3.36011e-06,0.0011297,0.000433003,0.000491658,584299,0
4.922,2.38005,0.9,2.38697,0.895484,2.41964,0.92243,-0.00688253,0.00236003,-1.01593e-05,3.3964e-06,0.00113849,0.000438033,0.00049393,570470,0
4.942,2.39005,0.9,2.3971,0.895467,2.43102,0.922219,-0.00651099,0.00224082,-9.40163e-06,3.28624e-06,0.00110608,0.000423341,0.000484162,570470,0
4.962,2.40005,0.9,2.40782,0.895455,2.44174,0.922149,-0.00591903,0.00227398,-9.55244e-06,3.3206e-06,0.00111521,0.000428598,0.000486433,570470,0
4.982,2.41005,0.9,2.41787,0.895448,2.45178,0.922089,-0.00567984,0.0023034,-9.66744e-06,3.35012e-06,0.00112388,0.000433554,0.000488708,570470,0
5.002,2.42005,0.9,2.4277,0.895441,2.46162,0.922033,-0.00573148,0.00233168,-9.77058e-06,3.378e-06,0.00113245,0.00043843,0.000490986,570470,0
5.022,2.43005,0.9,2.43755,0.895436,2.47325,0.921812,-0.0055767,0.0022144,-9.02094e-06,3.26125e-06,0.00110017,0.000423663,0.000481293,560218,0
5.042,2.44005,0.9,2.44735,0.895428,2.48304,0.921757,-0.00644834,0.00224248,-9.12221e-06,3.28812e-06,0.00110852,0.000428448,0.000483571,560218,0
5.062,2.45005,0.9,2.45725,0.895411,2.49294,0.921693,-0.00717651,0.00227105,-9.24629e-06,3.31955e-06,0.00111705,0.000433301,0.000485851,560218,0
5.082,2.46005,0.9,2.46741,0.895392,2.5031,0.92162,-0.00694511,0.00230111,-9.39625e-06,3.35558e-06,0.00112591,0.00043831,0.000488135,560218,0
5.102,2.47005,0.9,2.47742,0.895372,2.51311,0.921551,-0.00721067,0.00233034,-9.53488e-06,3.39013e-06,0.00113474,0.000443272,0.000490421,560218,0
5.122,2.48005,0.9,2.48722,0.895356,2.5246,0.921386,-0.00642687,0.00221296,-8.83983e-06,3.27773e-06,0.00110225,0.000428242,0.000480638,542447,0
5.142,2.49005,0.9,2.497,0.895344,2.53438,0.921324,-0.00643674,0.00224092,-8.96032e-06,3.30852e-06,0.00111067,0.000433013,0.000482924,542447,0
5.162,2.50005,0.9,2.50728,0.895328,2.54465,0.921257,-0.00710972,0.00227161,-9.09486e-06,3.34107e-06,0.00111963,0.000438051,0.000485214,542447,0
5.182,2.51005,0.9,2.5175,0.895305,2.55487,0.921185,-0.00772496,0.00230195,-9.24428e-06,3.37692e-06,0.00112863,0.000443083,0.000487506,542447,0
5.202,2.52005,0.9,2.52754,0.895275,2.56491,0.921107,-0.00860671,0.00233135,-9.40269e-06,3.41536e-06,0.00113758,0.000448055,0.000489801,542447,0
5.222,2.53005,0.9,2.5377,0.895245,2.57508,0.92102,-0.00759355,0.0023614,-9.587e-06,3.45885e-06,0.00114674,0.000453111,0.000492099,542447,0
5.242,2.54005,0.9,2.54752,0.895221,2.58567,0.920844,-0.00774328,0.00224033,-8.88714e-06,3.34335e-06,0.00111348,0.000437508,0.000482046,519195,0
5.262,2.55005,0.9,2.5577,0.895195,2.59585,0.920765,-0.00780112,0.00227048,-9.05168e-06,3.38198e-06,0.00112244,0.000442492,0.000484344,519195,0
5.282,2.56005,0.9,2.56761,0.895168,2.60576,0.920688,-0.00794699,0.00229915,-9.20722e-06,3.42004e-06,0.00113126,0.000447369,0.000486644,519195,0
5.302,2.57005,0.9,2.57874,0.895139,2.61688,0.9206,-0.00780437,0.00233469,-9.4116e-06,3.46371e-06,0.00114127,0.000452862,0.000488948,519195,0
5.322,2.58005,0.9,2.58891,0.895113,2.62839,0.920463,-0.00763916,0.00221879,-8.75251e-06,3.35042e-06,0.00110866,0.000437515,0.000478992,504695,0
5.342,2.59005,0.9,2.59829,0.895089,2.63777,0.920391,-0.00793702,0.00224471,-8.88741e-06,3.38538e-06,0.00111692,0.000442087,0.000481296,504695,0
5.362,2.60005,0.9,2.60861,0.895058,2.64809,0.920309,-0.00837203,0.00227561,-9.06113e-06,3.42544e-06,0.00112609,0.000447132,0.000483602,504695,0
5.382,2.61005,0.9,2.61881,0.895031,2.65829,0.920224,-0.00752534,0.00230585,-9.24075e-06,3.46739e-06,0.00113527,0.000452145,0.000485912,504695,0
5.402,2.62005,0.9,2.62905,0.895011,2.66853,0.920147,-0.00674514,0.00233631,-9.39928e-06,3.5055e-06,0.00114458,0.000457203,0.000488224,504695,0
5.422,2.63005,0.9,2.63873,0.894998,2.67923,0.919978,-0.00628862,0.00221758,-8.69916e-06,3.38325e-06,0.00111131,0.000441393,0.00047819,483779,0
5.442,2.64005,0.9,2.64827,0.894993,2.68877,0.919918,-0.00525366,0.00224431,-8.80819e-06,3.41259e-06,0.00111977,0.000446036,0.000480503,483779,0
5.462,2.65005,0.9,2.65812,0.894993,2.69863,0.919866,-0.00520537,0.00227269,-8.90034e-06,3.43813e-06,0.00112861,0.000450854,0.000482818,483779,0
5.482,2.66005,0.9,2.66782,0.894995,2.70833,0.919815,-0.00490245,0.00230025,-8.98746e-06,3.46318e-06,0.00113741,0.000455622,0.000485137,483779,0
5.502,2.67005,0.9,2.67778,0.894998,2.71829,0.919767,-0.00511018,0.0023292,-9.07239e-06,3.48755e-06,0.00114653,0.00046054,0.000487458,483779,0
5.522,2.68005,0.9,2.68751,0.894996,2.72929,0.919617,-0.00579011,0.00221156,-8.36699e-06,3.35692e-06,0.00111316,0.000444583,0.000477371,461621,0
5.542,2.69005,0.9,2.69752,0.894995,2.73931,0.919559,-0.00490035,0.0022408,-8.47662e-06,3.38525e-06,0.00112211,0.000449448,0.000479693,461621,0
5.562,2.70005,0.9,2.70672,0.895004,2.74851,0.919514,-0.00371772,0.0022658,-8.54751e-06,3.40754e-06,0.00113042,0.000453947,0.000482017,461621,0
5.582,2.71005,0.9,2.71657,0.895022,2.75835,0.919477,-0.00325546,0.00229414,-8.60251e-06,3.42586e-06,0.00113941,0.00045878,0.000484344,461621,0
5.602,2.72005,0.9,2.72668,0.895043,2.76846,0.919444,-0.00314098,0.00232389,-8.64947e-06,3.44247e-06,0.00114873,0.000463765,0.000486675,461621,0
5.622,2.73005,0.9,2.73727,0.895066,2.77996,0.919304,-0.00314073,0.00221162,-7.9492e-06,3.30377e-06,0.00111598,0.000448052,0.000476538,420220,0
5.642,2.74005,0.9,2.74717,0.895084,2.78986,0.919273,-0.00398219,0.00224023,-7.99229e-06,3.31923e-06,0.0011249,0.000452856,0.000478868,420220,0
5.662,2.75005,0.9,2.75789,0.895095,2.80058,0.91923,-0.00459717,0.00227342,-8.06929e-06,3.34033e-06,0.00113466,0.000458079,0.000481201,420220,0
5.682,2.76005,0.9,2.76784,0.895098,2.81053,0.919184,-0.00541873,0.00230232,-8.14775e-06,3.36301e-06,0.00114383,0.00046296,0.000483537,420220,0
5.702,2.77005,0.9,2.7779,0.895092,2.82059,0.91913,-0.00656493,0.00233181,-8.24818e-06,3.39004e-06,0.00115319,0.000467916,0.000485877,420220,0
5.722,2.78005,0.9,2.78758,0.895076,2.83008,0.918938,-0.00750361,0.00221361,-7.64866e-06,3.26481e-06,0.00111932,0.000451536,0.000475667,337305,0
5.742,2.79005,0.9,2.79773,0.895049,2.84023,0.918862,-0.00848397,0.00224356,-7.80555e-06,3.30169e-06,0.00112853,0.000456453,0.000478006,337305,0
5.762,2.80005,0.9,2.80762,0.895023,2.85012,0.918778,-0.00742749,0.00227217,-7.97685e-06,3.34249e-06,0.00113762,0.000461277,0.000480348,337305,0
5.782,2.81005,0.9,2.81725,0.89501,2.85975,0.918707,-0.00607345,0.00229936,-8.11331e-06,3.37753e-06,0.00114655,0.000465996,0.000482693,337305,0
5.802,2.82005,0.9,2.82742,0.894998,2.86992,0.918645,-0.00701321,0.00232944,-8.23254e-06,3.40804e-06,0.00115607,0.000471,0.000485041,337305,0
5.822,2.83005,0.9,2.83707,0.89498,2.87957,0.918577,-0.00750828,0.00235673,-8.35887e-06,3.44157e-06,0.00116521,0.000475777,0.000487393,337305,0
5.842,2.84005,0.9,2.84699,0.894961,2.88831,0.918452,-0.0068708,0.00223681,-7.77081e-06,3.31826e-06,0.00113075,0.00045901,0.000476957,309857,0
5.862,2.85005,0.9,2.85609,0.894943,2.89741,0.918389,-0.00786203,0.00226131,-7.87999e-06,3.34878e-06,0.00113915,0.000463445,0.000479307,309857,0
5.882,2.86005,0.9,2.86626,0.894917,2.90757,0.918309,-0.00791363,0.00229136,-8.04481e-06,3.38778e-06,0.00114862,0.000468414,0.000481662,309857,0
5.902,2.87005,0.9,2.87603,0.894893,2.91734,0.918232,-0.00757008,0.00231929,-8.19614e-06,3.42574e-06,0.00115782,0.000473219,0.000484019,309857,0
5.922,2.88005,0.9,2.88555,0.89487,2.92727,0.918053,-0.00795449,0.00220181,-7.62075e-06,3.30342e-06,0.00112348,0.000456483,0.000473743,295010,0
5.942,2.89005,0.9,2.89578,0.89484,2.9375,0.917972,-0.00853036,0.00223221,-7.79128e-06,3.34267e-06,0.00113287,0.000461425,0.000476099,295010,0
5.962,2.90005,0.9,2.90646,0.894811,2.94817,0.917881,-0.00766316,0.00226512,-7.99385e-06,3.38674e-06,0.00114278,0.000466605,0.000478459,295010,0
5.982,2.91005,0.9,2.91573,0.894789,2.95745,0.91781,-0.00763604,0.0022905,-8.12348e-06,3.42148e-06,0.00115148,0.000471144,0.000480822,295010,0
6.002,2.92005,0.9,2.92541,0.89477,2.96713,0.917736,-0.00697378,0.00231797,-8.26489e-06,3.45778e-06,0.00116065,0.000475902,0.000483189,295010,0
6.022,2.93005,0.9,2.9354,0.894751,2.97727,0.917597,-0.00741233,0.00220306,-7.68345e-06,3.33342e-06,0.00112654,0.000459231,0.000472876,294879,0
6.042,2.94005,0.9,2.94572,0.894733,2.98759,0.917521,-0.00672861,0.00223397,-7.84262e-06,3.37032e-06,0.00113606,0.000464211,0.000475241,294879,0
6.062,2.95005,0.9,2.95598,0.894717,2.99785,0.917452,-0.00682439,0.00226457,-7.98157e-06,3.40389e-06,0.00114565,0.000469191,0.00047761,294879,0
6.082,2.96005,0.9,2.96583,0.894707,3.0077,0.917384,-0.00576861,0.00229293,-8.10969e-06,3.43676e-06,0.00115494,0.000474,0.000479982,294879,0
6.102,2.97005,0.9,2.97648,0.894702,3.01835,0.917323,-0.00577192,0.00232569,-8.23267e-06,3.46701e-06,0.00116509,0.000479217,0.000482357,294879,0
6.122,2.98005,0.9,2.98567,0.894702,3.02744,0.917148,-0.00497067,0.00220575,-7.60415e-06,3.33396e-06,0.00112994,0.000461976,0.000471991,290406,0
6.142,2.99005,0.9,2.99567,0.894706,3.03743,0.917098,-0.00482017,0.00223486,-7.69236e-06,3.35815e-06,0.00113922,0.000466795,0.000474366,290406,0
6.162,3.00005,0.9,3.00551,0.894711,3.04727,0.917051,-0.00472143,0.00226317,-7.77342e-06,3.38141e-06,0.00114845,0.00047157,0.000476743,290406,0
6.182,3.01005,0.9,3.01524,0.894719,3.05701,0.917005,-0.00415322,0.00229092,-7.84962e-06,3.40408e-06,0.00115768,0.000476318,0.000479124,290406,0
6.202,3.02005,0.9,3.02549,0.894731,3.06726,0.916962,-0.00415464,0.00232142,-7.92095e-06,3.42524e-06,0.00116749,0.000481337,0.000481509,290406,0
6.222,3.03005,0.9,3.03598,0.894734,3.07793,0.916832,-0.00592638,0.00220891,-7.30998e-06,3.28789e-06,0.00113339,0.000464585,0.00047112,285502,0
6.242,3.04005,0.9,3.04571,0.894724,3.08766,0.916775,-0.00678539,0.00223663,-7.41521e-06,3.31581e-06,0.00114247,0.000469277,0.000473503,285502,0
6.262,3.05005,0.9,3.05586,0.894715,3.09781,0.916706,-0.00553045,0.00226661,-7.55231e-06,3.34918e-06,0.00115205,0.000474192,0.00047589,285502,0
6.282,3.06005,0.9,3.06585,0.89471,3.1078,0.91665,-0.00608364,0.00229572,-7.65338e-06,3.37625e-06,0.00116157,0.000479058,0.00047828,285502,0
6.302,3.07005,0.9,3.07522,0.894706,3.11717,0.916593,-0.00543793,0.00232155,-7.75135e-06,3.40428e-06,0.00117059,0.000483649,0.000480674,285502,0
6.322,3.08005,0.9,3.08557,0.894698,3.12892,0.916487,-0.006758,0.00220822,-7.18599e-06,3.27273e-06,0.00113614,0.000466693,0.000470257,270705,0
6.342,3.09005,0.9,3.09583,0.894689,3.13918,0.916418,-0.00548589,0.00223882,-7.32647e-06,3.30611e-06,0.00114577,0.00047163,0.000472649,270705,0
6.362,3.10005,0.9,3.10601,0.894684,3.14935,0.916362,-0.00607401,0.00226893,-7.43145e-06,3.33327e-06,0.00115542,0.000476552,0.000475045,270705,0
6.382,3.11005,0.9,3.11571,0.894684,3.15906,0.916303,-0.00448735,0.00229653,-7.53836e-06,3.36206e-06,0.00116471,0.000481278,0.000477444,270705,0
6.402,3.12005,0.9,3.1252,0.894691,3.16855,0.91626,-0.00469912,0.00232297,-7.60443e-06,3.38317e-06,0.00117388,0.000485922,0.000479847,270705,0
6.422,3.13005,0.9,3.13499,0.894698,3.17834,0.916214,-0.00439673,0.00235104,-7.68062e-06,3.40607e-06,0.00118345,0.000490742,0.000482254,270705,0
6.442,3.14005,0.9,3.1443,0.894705,3.18779,0.916095,-0.00468842,0.00222859,-7.06856e-06,3.26516e-06,0.00114715,0.000472809,0.000471623,270565,0
6.462,3.15005,0.9,3.15483,0.894713,3.19832,0.916045,-0.00445042,0.00226069,-7.16108e-06,3.28922e-06,0.00115716,0.000477892,0.000474028,270565,0
6.482,3.16005,0.9,3.16499,0.894716,3.20848,0.916,-0.00553415,0.00229073,-7.23952e-06,3.31145e-06,0.00116692,0.000482827,0.000476436,270565,0
6.502,3.17005,0.9,3.17507,0.894714,3.21855,0.915944,-0.00530296,0.00232028,-7.34249e-06,3.3388e-06,0.0011767,0.000487745,0.000478848,270565,0
6.522,3.18005,0.9,3.18494,0.894718,3.22881,0.915823,-0.00446345,0.0022045,-6.79966e-06,3.20624e-06,0.00114139,0.000470314,0.000468391,270874,0
6.542,3.19005,0.9,3.1945,0.894727,3.23837,0.91578,-0.00442813,0.00223136,-6.86861e-06,3.22701e-06,0.00115043,0.000474912,0.000470801,270874,0
6.562,3.20005,0.9,3.20429,0.894732,3.24816,0.915737,-0.00492177,0.00225936,-6.94025e-06,3.24819e-06,0.00115976,0.000479637,0.000473215,270874,0
6.582,3.21005,0.9,3.21421,0.894742,3.25808,0.915688,-0.00365563,0.00228812,-7.02593e-06,3.2721e-06,0.00116933,0.000484456,0.000475633,270874,0
6.602,3.22005,0.9,3.22413,0.894762,3.268,0.915652,-0.00286155,0.00231684,-7.08073e-06,3.29014e-06,0.00117899,0.000489297,0.000478054,270874,0
6.622,3.23005,0.9,3.23439,0.89479,3.27826,0.915623,-0.00240722,0.00234743,-7.11998e-06,3.30498e-06,0.00118908,0.000494328,0.000480478,266361,0
6.642,3.24005,0.9,3.24377,0.894815,3.28751,0.915564,-0.00272443,0.00222575,-6.51819e-06,3.15711e-06,0.00115245,0.000476203,0.000469819,266361,0
6.662,3.25005,0.9,3.25416,0.894838,3.2979,0.915535,-0.00334753,0.0022571,-6.55714e-06,3.17118e-06,0.00116241,0.000481211,0.000472242,266361,0
6.682,3.26005,0.9,3.26432,0.894857,3.30806,0.915501,-0.00352294,0.00228711,-6.60887e-06,3.18802e-06,0.00117223,0.000486133,0.000474668,266361,0
6.702,3.27005,0.9,3.27469,0.894872,3.31843,0.915465,-0.00418266,0.0023183,-6.66773e-06,3.20614e-06,0.00118236,0.000491182,0.000477098,266361,0
6.722,3.28005,0.9,3.28434,0.894882,3.32808,0.915424,-0.0043991,0.00234561,-6.73101e-06,3.22619e-06,0.00119189,0.000495916,0.000479532,261080,0
6.742,3.29005,0.9,3.29316,0.894889,3.33691,0.915359,-0.0044509,0.00222141,-6.1983e-06,3.08731e-06,0.00115453,0.000477431,0.000468865,261080,0
6.762,3.30005,0.9,3.3026,0.894895,3.34635,0.915317,-0.00493554,0.00224764,-6.26566e-06,3.10778e-06,0.00116359,0.000481984,0.000471297,261080,0
6.782,3.31005,0.9,3.31321,0.894899,3.35696,0.915264,-0.00475104,0.00228017,-6.36774e-06,3.13323e-06,0.00117387,0.000487112,0.000473732,261080,0
6.802,3.32005,0.9,3.32317,0.894903,3.36692,0.915217,-0.00500046,0.0023091,-6.45073e-06,3.15642e-06,0.00118362,0.00049196,0.000476172,261080,0
6.822,3.33005,0.9,3.3332,0.894905,3.37695,0.915167,-0.00509113,0.00233846,-6.54092e-06,3.18111e-06,0.00119354,0.000496871,0.000478615,254028,0
6.842,3.34005,0.9,3.34286,0.89491,3.38746,0.915114,-0.0043975,0.00221935,-6.05631e-06,3.04878e-06,0.00115688,0.00047872,0.000467955,254028,0
6.862,3.35005,0.9,3.35232,0.894918,3.39692,0.915073,-0.00437966,0.00224564,-6.12303e-06,3.069e-06,0.00116597,0.000483274,0.000470396,254028,0
6.882,3.36005,0.9,3.36231,0.894927,3.40691,0.915029,-0.00431745,0.00227478,-6.19858e-06,3.09037e-06,0.00117568,0.000488107,0.000472841,254028,0
6.902,3.37005,0.9,3.37173,0.894935,3.41633,0.914988,-0.00444888,0.00230087,-6.26212e-06,3.11038e-06,0.00118492,0.000492694,0.000475289,254028,0
6.922,3.38005,0.9,3.38178,0.894944,3.4273,0.914912,-0.00411809,0.00218835,-5.803e-06,2.98022e-06,0.00114921,0.000475038,0.000464833,253909,0
6.942,3.39005,0.9,3.39123,0.894952,3.43675,0.914873,-0.00468388,0.00221462,-5.86436e-06,2.99907e-06,0.00115823,0.000479562,0.000467279,253909,0
6.962,3.40005,0.9,3.40098,0.894955,3.4465,0.914827,-0.00512035,0.00224245,-5.94336e-06,3.02118e-06,0.00116762,0.000484252,0.000469729,253909,0
6.982,3.41005,0.9,3.41052,0.894952,3.45604,0.914778,-0.00590025,0.00226918,-6.02752e-06,3.04491e-06,0.00117691,0.000488868,0.000472183,253909,0
7.002,3.42005,0.9,3.42105,0.894942,3.46657,0.914716,-0.00630196,0.00230127,-6.15413e-06,3.07504e-06,0.00118726,0.000493978,0.000474641,253909,0
7.022,3.43005,0.9,3.43103,0.894933,3.47767,0.914653,-0.00591318,0.00218836,-5.7478e-06,2.95464e-06,0.00115133,0.00047621,0.000464177,251611,0
7.042,3.44005,0.9,3.44139,0.894926,3.48802,0.914592,-0.00587812,0.00221949,-5.87179e-06,2.98385e-06,0.00116124,0.000481152,0.000466632,251611,0
7.062,3.45005,0.9,3.45191,0.894919,3.49855,0.91453,-0.00573874,0.00225155,-5.99878e-06,3.01351e-06,0.00117142,0.000486201,0.000469092,251611,0
7.082,3.46005,0.9,3.46182,0.894908,3.50845,0.914473,-0.0066487,0.00228021,-6.10547e-06,3.04098e-06,0.0011811,0.000490987,0.000471555,251611,0
7.102,3.47005,0.9,3.47175,0.894897,3.51839,0.914407,-0.00591536,0.002309,-6.23397e-06,3.07294e-06,0.0011909,0.000495812,0.000474022,251611,0
7.122,3.48005,0.9,3.48214,0.894891,3.52878,0.914345,-0.00555214,0.00234032,-6.3565e-06,3.10291e-06,0.00120126,0.000500882,0.000476493,251611,0
7.142,3.49005,0.9,3.49147,0.894885,3.53809,0.914302,-0.00620357,0.00221926,-5.89013e-06,2.97588e-06,0.00116374,0.00048231,0.000465811,249304,0
7.162,3.50005,0.9,3.50156,0.894873,3.54818,0.914239,-0.00639469,0.00224894,-6.01367e-06,3.00586e-06,0.00117353,0.000487152,0.000468279,249304,0
7.182,3.51005,0.9,3.51124,0.894859,3.55786,0.914177,-0.00657189,0.00227639,-6.12969e-06,3.03567e-06,0.001183,0.000491828,0.000470751,249304,0
7.202,3.52005,0.9,3.52101,0.89484,3.56763,0.914113,-0.00768636,0.0023043,-6.25163e-06,3.06673e-06,0.00119266,0.000496571,0.000473227,249304,0
7.222,3.53005,0.9,3.53132,0.894811,3.57918,0.9141,-0.00804838,0.00219281,-5.879e-06,2.95573e-06,0.00115667,0.000478777,0.00046275,242226,0
7.242,3.54005,0.9,3.54099,0.89478,3.58885,0.914022,-0.00833203,0.00222024,-6.03348e-06,2.99259e-06,0.00116598,0.000483395,0.000465224,242226,0
7.262,3.55005,0.9,3.55106,0.894745,3.59892,0.913939,-0.00879406,0.00224974,-6.20831e-06,3.03245e-06,0.00117576,0.000488221,0.000467702,242226,0
7.282,3.56005,0.9,3.56119,0.894707,3.60905,0.913849,-0.00879649,0.00227965,-6.39658e-06,3.07502e-06,0.00118571,0.000493109,0.000470183,242226,0
7.302,3.57005,0.9,3.5716,0.894663,3.61946,0.913758,-0.00970248,0.00231107,-6.59537e-06,3.11897e-06,0.00119603,0.000498153,0.000472669,242226,0
7.322,3.58005,0.9,3.58182,0.894619,3.62968,0.913659,-0.00889538,0.00234143,-6.80817e-06,3.16676e-06,0.00120626,0.000503135,0.000475158,242226,0
7.342,3.59005,0.9,3.5922,0.894573,3.64071,0.913636,-0.00995869,0.00222584,-6.40984e-06,3.05959e-06,0.00116942,0.000484893,0.00046447,239546,0
7.362,3.60005,0.9,3.60213,0.894518,3.65064,0.913537,-0.0109551,0.00225462,-6.6177e-06,3.10644e-06,0.00117909,0.000489653,0.000466956,239546,0
7.382,3.61005,0.9,3.61223,0.894459,3.66074,0.913427,-0.0106702,0.0022843,-6.85676e-06,3.15902e-06,0.00118903,0.000494518,0.000469447,239546,0
7.402,3.62005,0.9,3.62273,0.894398,3.67124,0.913315,-0.0107441,0.00231625,-7.10853e-06,3.21261e-06,0.00119948,0.000499603,0.000471942,239546,0
7.422,3.63005,0.9,3.63281,0.894344,3.68248,0.913349,-0.00968313,0.00220206,-6.72006e-06,3.11449e-06,0.00116281,0.000481487,0.000461436,237265,0
7.442,3.64005,0.9,3.64279,0.894296,3.69247,0.913252,-0.00951432,0.00223112,-6.92343e-06,3.16006e-06,0.00117247,0.000486243,0.000463928,237265,0
7.462,3.65005,0.9,3.65208,0.894254,3.70176,0.913164,-0.00916619,0.00225657,-7.09283e-06,3.20205e-06,0.00118155,0.000490704,0.000466424,237265,0
7.482,3.66005,0.9,3.66239,0.894211,3.71206,0.913069,-0.00878957,0.0022874,-7.2956e-06,3.24711e-06,0.00119171,0.000495665,0.000468924,237265,0
7.502,3.67005,0.9,3.67302,0.894172,3.7227,0.912976,-0.00802701,0.00232009,-7.50164e-06,3.29198e-06,0.00120231,0.00050081,0.000471428,237265,0
7.522,3.68005,0.9,3.68308,0.894135,3.73356,0.912952,-0.00882287,0.00220533,-7.0089e-06,3.18053e-06,0.00116543,0.000482598,0.000460913,234936,0
7.542,3.69005,0.9,3.69347,0.894096,3.74395,0.912861,-0.00810078,0.00223663,-7.20734e-06,3.2238e-06,0.00117551,0.00048754,0.000463415,234936,0
7.562,3.70005,0.9,3.70251,0.894061,3.75298,0.912787,-0.00915643,0.00226081,-7.33809e-06,3.25875e-06,0.00118436,0.000491883,0.00046592,234936,0
7.582,3.71005,0.9,3.71297,0.894014,3.76345,0.912692,-0.00915112,0.00229255,-7.54698e-06,3.30447e-06,0.00119471,0.000496918,0.000468429,234936,0
7.602,3.72005,0.9,3.72319,0.893967,3.77367,0.912598,-0.00953985,0.00232288,-7.74387e-06,3.34934e-06,0.00120491,0.000501864,0.000470942,234936,0
7.622,3.73005,0.9,3.73248,0.893917,3.78395,0.912612,-0.0105448,0.00220379,-7.23257e-06,3.24028e-06,0.00116712,0.000483226,0.000460421,232618,0
7.642,3.74005,0.9,3.74244,0.893866,3.79391,0.912507,-0.00890539,0.00223272,-7.45421e-06,3.28971e-06,0.00117679,0.000487969,0.000462932,232618,0
7.662,3.75005,0.9,3.75244,0.89382,3.80391,0.912418,-0.00942199,0.00226188,-7.63715e-06,3.33204e-06,0.0011866,0.000492758,0.000465446,232618,0
7.682,3.76005,0.9,3.7625,0.893771,3.81396,0.912323,-0.00951845,0.00229133,-7.83401e-06,3.37725e-06,0.00119656,0.0004976,0.000467965,232618,0
7.702,3.77005,0.9,3.77264,0.893715,3.82411,0.912227,-0.0106809,0.00232129,-8.03632e-06,3.42359e-06,0.0012067,0.000502513,0.000470488,232618,0
7.722,3.78005,0.9,3.78243,0.89365,3.83389,0.912122,-0.0117704,0.00234929,-8.24898e-06,3.47394e-06,0.00121658,0.000507284,0.000473014,230310,0
7.742,3.79005,0.9,3.79253,0.893579,3.84407,0.912181,-0.0111951,0.00223121,-7.77085e-06,3.37455e-06,0.00117876,0.000488608,0.000462307,230310,0
7.762,3.80005,0.9,3.80197,0.893513,3.85352,0.912075,-0.0116126,0.00225746,-7.9807e-06,3.42462e-06,0.00118804,0.000493138,0.000464831,230310,0
7.782,3.81005,0.9,3.81292,0.893436,3.86447,0.911948,-0.01137,0.00229197,-8.28062e-06,3.48492e-06,0.0011989,0.000498394,0.000467359,230310,0
7.802,3.82005,0.9,3.82298,0.893362,3.87453,0.911834,-0.0121962,0.00232144,-8.52306e-06,3.5396e-06,0.00120897,0.000503263,0.000469891,230310,0
7.822,3.83005,0.9,3.83308,0.89329,3.88508,0.911883,-0.0107362,0.00220676,-8.03745e-06,3.44246e-06,0.00117168,0.000484888,0.000459378,230254,0
7.842,3.84005,0.9,3.84334,0.893221,3.89534,0.911773,-0.0111806,0.00223732,-8.27632e-06,3.49427e-06,0.00118168,0.000489765,0.000461906,230254,0
7.862,3.85005,0.9,3.85313,0.893153,3.90512,0.911663,-0.0111266,0.00226534,-8.50139e-06,3.54608e-06,0.00119132,0.000494454,0.000464439,230254,0
7.882,3.86005,0.9,3.86286,0.89309,3.91486,0.911555,-0.0104464,0.00229309,-8.72152e-06,3.59768e-06,0.00120099,0.000499145,0.000466976,230254,0
7.902,3.87005,0.9,3.87265,0.893029,3.92465,0.911453,-0.0104196,0.00232111,-8.92757e-06,3.64674e-06,0.00121081,0.000503888,0.000469518,230254,0
7.922,3.88005,0.9,3.88256,0.892967,3.93559,0.911487,-0.0103897,0.00220545,-8.35188e-06,3.53811e-06,0.00117321,0.00048538,0.000459007,222802,0
7.942,3.89005,0.9,3.89249,0.892908,3.94551,0.911384,-0.00979706,0.0022342,-8.56496e-06,3.58674e-06,0.00118289,0.000490103,0.000461545,222802,0
7.962,3.90005,0.9,3.90269,0.892848,3.95571,0.911284,-0.0101146,0.00226446,-8.77539e-06,3.6342e-06,0.00119294,0.000494984,0.000464087,222802,0
7.982,3.91005,0.9,3.91282,0.892784,3.96584,0.911181,-0.0107095,0.0022943,-8.98924e-06,3.68309e-06,0.00120302,0.000499857,0.000466633,222802,0
8.002,3.92005,0.9,3.92255,0.892717,3.97558,0.911077,-0.0113043,0.00232206,-9.19804e-06,3.73313e-06,0.0012128,0.000504577,0.000469184,222802,0
8.022,3.93005,0.9,3.93346,0.892641,3.98648,0.910954,-0.0109071,0.00235632,-9.48178e-06,3.7924e-06,0.00122386,0.000509874,0.000471739,222802,0
8.042,3.94005,0.9,3.94321,0.89257,3.99681,0.911032,-0.0116167,0.0022355,-8.84669e-06,3.67944e-06,0.00118519,0.000490836,0.000461023,218220,0
8.062,3.95005,0.9,3.95354,0.89249,4.00715,0.910912,-0.0117686,0.0022665,-9.10932e-06,3.7362e-06,0.00119539,0.000495777,0.000463574,218220,0
8.082,3.96005,0.9,3.96303,0.892414,4.01663,0.9108,-0.0121261,0.00229293,-9.32909e-06,3.78937e-06,0.00120484,0.00050035,0.000466129,218220,0
8.102,3.97005,0.9,3.97311,0.892333,4.02671,0.910678,-0.0119639,0.00232254,-9.58822e-06,3.84784e-06,0.00121498,0.000505232,0.000468689,218220,0
8.122,3.98005,0.9,3.98214,0.892263,4.03688,0.910779,-0.01126,0.00220214,-8.94072e-06,3.7351e-06,0.00117623,0.000486211,0.000458182,215928,0
8.142,3.99005,0.9,3.9915,0.892196,4.04625,0.910674,-0.0104541,0.00222796,-9.14478e-06,3.78486e-06,0.00118538,0.000490677,0.000460738,215928,0
8.162,4.00005,0.9,4.00161,0.892122,4.05636,0.910568,-0.0116457,0.00225772,-9.3652e-06,3.83504e-06,0.00119535,0.000495514,0.000463299,215928,0
8.182,4.01005,0.9,4.01155,0.892043,4.0663,0.910452,-0.0119173,0.00228655,-9.60503e-06,3.89018e-06,0.00120525,0.000500301,0.000465863,215928,0
8.202,4.02005,0.9,4.02143,0.891962,4.07617,0.910335,-0.0119819,0.00231506,-9.84685e-06,3.94657e-06,0.00121519,0.000505087,0.000468432,215928,0
8.222,4.03005,0.9,4.03143,0.891873,4.08707,0.910396,-0.0131901,0.00220058,-9.22781e-06,3.83597e-06,0.00117737,0.000486519,0.000457945,215862,0
8.242,4.04005,0.9,4.04153,0.891768,4.09718,0.910262,-0.0146045,0.00223033,-9.51596e-06,3.89857e-06,0.00118726,0.000491328,0.000460511,215862,0
8.262,4.05005,0.9,4.05191,0.891652,4.10755,0.910111,-0.0149725,0.00226154,-9.8561e-06,3.96992e-06,0.00119751,0.000496288,0.00046308,215862,0
8.282,4.06005,0.9,4.06239,0.891525,4.11803,0.909954,-0.0164881,0.00229339,-1.02127e-05,4.04427e-06,0.00120798,0.00050133,0.000465654,215862,0
8.302,4.07005,0.9,4.07302,0.89139,4.12866,0.909779,-0.0160631,0.00232601,-1.06189e-05,4.12751e-06,0.00121869,0.000506466,0.000468233,215862,0
8.322,4.08005,0.9,4.08257,0.891273,4.13839,0.909949,-0.0153266,0.00220785,-9.98955e-06,4.02775e-06,0.0011802,0.000487589,0.000457723,215810,0
8.342,4.09005,0.9,4.09247,0.891154,4.14829,0.909798,-0.0153021,0.00223645,-1.03134e-05,4.09886e-06,0.0011899,0.000492303,0.000460297,215810,0
8.362,4.10005,0.9,4.10282,0.891028,4.15864,0.909639,-0.0157513,0.00226753,-1.06679e-05,4.17349e-06,0.00120015,0.000497255,0.000462876,215810,0
8.382,4.11005,0.9,4.11237,0.890902,4.16819,0.909489,-0.0172218,0.00229432,-1.09745e-05,4.2449e-06,0.0012097,0.000501866,0.00046546,215810,0
8.402,4.12005,0.9,4.12225,0.890762,4.17807,0.909319,-0.0177213,0.00232283,-1.13374e-05,4.32592e-06,0.00121967,0.000506657,0.000468047,215810,0
8.422,4.13005,0.9,4.13266,0.890609,4.18895,0.909483,-0.0179604,0.00220971,-1.07485e-05,4.23517e-06,0.00118196,0.000488157,0.000457546,213413,0
8.442,4.14005,0.9,4.14323,0.890454,4.19952,0.909293,-0.0175432,0.00224199,-1.119e-05,4.32382e-06,0.00119233,0.000493178,0.00046013,213413,0
8.462,4.15005,0.9,4.1535,0.890305,4.20979,0.909113,-0.0174798,0.00227263,-1.15934e-05,4.40862e-06,0.00120252,0.000498095,0.000462718,213413,0
8.482,4.16005,0.9,4.16325,0.890167,4.21954,0.908943,-0.0169173,0.00230047,-1.19513e-05,4.48944e-06,0.00121229,0.000502802,0.000465311,213413,0
8.502,4.17005,0.9,4.17397,0.890011,4.23026,0.908761,-0.0182407,0.00233366,-1.23726e-05,4.57584e-06,0.00122313,0.000507989,0.000467908,213413,0
8.522,4.18005,0.9,4.18379,0.889864,4.2403,0.908929,-0.0174919,0.00221595,-1.16456e-05,4.4767e-06,0.0011846,0.000489113,0.000457384,211099,0
8.542,4.19005,0.9,4.19387,0.889716,4.25037,0.908753,-0.0173625,0.00224554,-1.20309e-05,4.55934e-06,0.00119451,0.000493915,0.000459977,211099,0
8.562,4.20005,0.9,4.20341,0.889579,4.25992,0.908587,-0.0166976,0.00227229,-1.23693e-05,4.63762e-06,0.00120399,0.0004985,0.000462574,211099,0
8.582,4.21005,0.9,4.21359,0.889435,4.2701,0.908417,-0.0171567,0.00230243,-1.27398e-05,4.71835e-06,0.0012142,0.000503408,0.000465175,211099,0
8.602,4.22005,0.9,4.22383,0.889285,4.28034,0.908241,-0.0175951,0.0023329,-1.3125e-05,4.80223e-06,0.00122456,0.000508373,0.000467782,211099,0
8.622,4.23005,0.9,4.23389,0.889131,4.29135,0.908449,-0.018165,0.00221658,-1.23319e-05,4.6953e-06,0.00118617,0.000489574,0.00045726,205955,0
8.642,4.24005,0.9,4.24411,0.888967,4.30157,0.908263,-0.0187603,0.00224694,-1.27436e-05,4.78234e-06,0.00119623,0.000494444,0.000459862,205955,0
8.662,4.25005,0.9,4.25452,0.888786,4.31198,0.908068,-0.0209441,0.00227835,-1.31856e-05,4.87436e-06,0.00120658,0.00049943,0.000462468,205955,0
8.682,4.26005,0.9,4.26375,0.888611,4.32121,0.907875,-0.021764,0.0023035,-1.357e-05,4.96604e-06,0.00121585,0.000503901,0.000465079,205955,0
8.702,4.27005,0.9,4.27334,0.888421,4.3308,0.907666,-0.0226525,0.00233049,-1.40038e-05,5.06547e-06,0.00122557,0.000508567,0.000467695,205955,0
8.722,4.28005,0.9,4.28299,0.88822,4.34045,0.907447,-0.0239079,0.0023578,-1.44614e-05,5.17015e-06,0.00123545,0.00051329,0.000470315,205955,0
8.742,4.29005,0.9,4.29252,0.88802,4.35065,0.907695,-0.022449,0.00223568,-1.36271e-05,5.07486e-06,0.00119578,0.000493874,0.000459608,201340,0
8.762,4.30005,0.9,4.30203,0.887822,4.36016,0.907482,-0.0233903,0.00226224,-1.40687e-05,5.17538e-06,0.00120522,0.000498446,0.000462223,201340,0
8.782,4.31005,0.9,4.31167,0.88761,4.36979,0.907256,-0.0247007,0.00228945,-1.45422e-05,5.28204e-06,0.00121488,0.000503105,0.000464843,201340,0
8.802,4.32005,0.9,4.32095,0.887399,4.37908,0.907027,-0.0247179,0.00231489,-1.50051e-05,5.39125e-06,0.00122428,0.000507631,0.000467468,201340,0
8.822,4.33005,0.9,4.33047,0.88718,4.38966,0.907324,-0.0250749,0.00219788,-1.41557e-05,5.29346e-06,0.00118539,0.000488633,0.000456992,201303,0
8.842,4.34005,0.9,4.34036,0.886948,4.39955,0.907076,-0.0250155,0.00222644,-1.46973e-05,5.40938e-06,0.00119511,0.000493355,0.000459612,201303,0
8.862,4.35005,0.9,4.35032,0.886716,4.40951,0.906827,-0.02473,0.0022554,-1.52437e-05,5.52659e-06,0.001205,0.00049814,0.000462236,201303,0
8.882,4.36005,0.9,4.36036,0.886483,4.41955,0.906579,-0.0249423,0.00228477,-1.57898e-05,5.64411e-06,0.00121507,0.00050299,0.000464865,201303,0
8.902,4.37005,0.9,4.37044,0.88625,4.42964,0.906327,-0.0244562,0.00231438,-1.6344e-05,5.76387e-06,0.00122528,0.000507891,0.000467499,201303,0
8.922,4.38005,0.9,4.38045,0.886022,4.44008,0.906585,-0.0239941,0.00220004,-1.5419e-05,5.66052e-06,0.0011868,0.000489096,0.000457025,201256,0
8.942,4.39005,0.9,4.39014,0.8858,4.44977,0.906352,-0.0242519,0.00222756,-1.59096e-05,5.76963e-06,0.00119634,0.000493732,0.000459654,201256,0
8.962,4.40005,0.9,4.40023,0.885569,4.45986,0.906107,-0.0240387,0.0022572,-1.64485e-05,5.88504e-06,0.00120636,0.000498581,0.000462287,201256,0
8.982,4.41005,0.9,4.41019,0.885342,4.46982,0.905868,-0.0238233,0.00228615,-1.69654e-05,5.99873e-06,0.00121636,0.000503399,0.000464926,201256,0
9.002,4.42005,0.9,4.42037,0.88511,4.47999,0.905626,-0.024189,0.00231624,-1.74981e-05,6.11446e-06,0.00122666,0.000508345,0.000467569,201256,0
9.022,4.43005,0.9,4.42992,0.884894,4.48955,0.905394,-0.0234515,0.00234304,-1.79694e-05,6.22566e-06,0.00123643,0.000513031,0.000470216,201256,0
9.042,4.44005,0.9,4.44018,0.884661,4.4999,0.905732,-0.0239724,0.00222661,-1.68785e-05,6.10526e-06,0.00119741,0.00049396,0.000459546,198922,0
9.062,4.45005,0.9,4.44991,0.884435,4.50963,0.905499,-0.023916,0.00225435,-1.73677e-05,6.21564e-06,0.00120709,0.000498647,0.000462189,198922,0
9.082,4.46005,0.9,4.45996,0.884203,4.51968,0.905258,-0.0239564,0.00228377,-1.78881e-05,6.32996e-06,0.00121717,0.000503509,0.000464836,198922,0
9.102,4.47005,0.9,4.46892,0.88399,4.52863,0.905044,-0.0250396,0.00230757,-1.82927e-05,6.433e-06,0.00122624,0.000507893,0.000467488,198922,0
9.122,4.48005,0.9,4.47918,0.883746,4.53976,0.905374,-0.0237385,0.00219542,-1.72327e-05,6.31215e-06,0.00118794,0.000489208,0.000457031,196591,0
9.142,4.49005,0.9,4.48958,0.883505,4.55015,0.905127,-0.0232835,0.00222676,-1.77891e-05,6.42824e-06,0.00119818,0.000494175,0.000459678,196591,0
9.162,4.50005,0.9,4.50034,0.883261,4.56092,0.904877,-0.022687,0.00226019,-1.83733e-05,6.54683e-06,0.00120889,0.000499341,0.00046233,196591,0
9.182,4.51005,0.9,4.51054,0.883029,4.57111,0.904645,-0.0234293,0.00229042,-1.88758e-05,6.65725e-06,0.00121914,0.000504278,0.000464986,196591,0
9.202,4.52005,0.9,4.521,0.882789,4.58157,0.9044,-0.0229503,0.00232213,-1.94242e-05,6.77476e-06,0.00122976,0.000509367,0.000467648,196591,0
9.222,4.53005,0.9,4.53027,0.882581,4.59104,0.904754,-0.0221865,0.00220301,-1.80981e-05,6.62196e-06,0.00119024,0.000490122,0.000457156,196566,0
9.242,4.54005,0.9,4.54038,0.882351,4.60114,0.90453,-0.0232573,0.00223275,-1.85801e-05,6.72799e-06,0.0012002,0.000494962,0.000459812,196566,0
9.262,4.55005,0.9,4.55036,0.882116,4.61113,0.904297,-0.0234338,0.00226183,-1.90732e-05,6.83836e-06,0.00121015,0.000499776,0.000462473,196566,0
9.282,4.56005,0.9,4.55957,0.881898,4.62033,0.904081,-0.0237337,0.00228686,-1.94882e-05,6.9418e-06,0.00121941,0.00050426,0.000465138,196566,0
9.302,4.57005,0.9,4.56959,0.881655,4.63035,0.903844,-0.0246889,0.00231612,-1.99921e-05,7.05615e-06,0.00122957,0.000509149,0.000467809,196566,0
9.322,4.58005,0.9,4.57912,0.881419,4.64028,0.904208,-0.0240268,0.00219906,-1.868e-05,6.90109e-06,0.00119033,0.00049004,0.000457328,194205,0
9.342,4.59005,0.9,4.58893,0.881181,4.65009,0.903972,-0.0235364,0.00222721,-1.9172e-05,7.01261e-06,0.0012,0.000494749,0.000459993,194205,0
9.362,4.60005,0.9,4.59898,0.880939,4.66014,0.903735,-0.0234522,0.00225664,-1.96762e-05,7.12522e-06,0.00121001,0.000499599,0.000462663,194205,0
9.382,4.61005,0.9,4.60866,0.880709,4.66981,0.903508,-0.0229636,0.00228408,-2.01363e-05,7.23408e-06,0.00121973,0.000504305,0.000465337,194205,0
9.402,4.62005,0.9,4.61837,0.880481,4.67952,0.903285,-0.0228356,0.00231171,-2.0587e-05,7.34182e-06,0.00122959,0.000509058,0.000468017,194205,0
9.422,4.63005,0.9,4.62795,0.880255,4.68948,0.90369,-0.0227968,0.0021954,-1.91858e-05,7.16667e-06,0.00119038,0.000489975,0.000457542,191885,0
9.442,4.64005,0.9,4.63831,0.880009,4.69984,0.903454,-0.0225736,0.00222655,-1.97048e-05,7.27866e-06,0.0012006,0.000494943,0.000460216,191885,0
9.462,4.65005,0.9,4.64835,0.879771,4.70988,0.903227,-0.0228056,0.00225593,-2.01817e-05,7.38696e-06,0.0012106,0.000499794,0.000462895,191885,0
9.482,4.66005,0.9,4.65802,0.879543,4.71955,0.903007,-0.0224593,0.00228336,-2.06245e-05,7.49315e-06,0.00122033,0.000504506,0.000465579,191885,0
9.502,4.67005,0.9,4.66781,0.879313,4.72934,0.902787,-0.0223706,0.00231139,-2.10688e-05,7.59964e-06,0.00123026,0.000509301,0.000468267,191885,0
9.522,4.68005,0.9,4.67766,0.879083,4.73919,0.902566,-0.0223476,0.00233972,-2.15147e-05,7.70701e-06,0.00124035,0.000514152,0.000470961,191885,0
9.542,4.69005,0.9,4.68799,0.87884,4.74934,0.90297,-0.0221947,0.00222411,-2.00723e-05,7.51973e-06,0.00120113,0.000495028,0.000460285,191849,0
9.562,4.70005,0.9,4.69907,0.878577,4.76042,0.902724,-0.0222983,0.00225939,-2.0649e-05,7.63709e-06,0.00121217,0.000500363,0.000462973,191849,0
9.582,4.71005,0.9,4.70944,0.878328,4.77079,0.902493,-0.0228277,0.00229059,-2.11488e-05,7.74842e-06,0.00122262,0.000505403,0.000465665,191849,0
9.602,4.72005,0.9,4.7191,0.878092,4.78045,0.902272,-0.0229199,0.00231794,-2.15859e-05,7.85543e-06,0.00123244,0.000510143,0.000468363,191849,0
9.622,4.73005,0.9,4.72877,0.877858,4.78998,0.902664,-0.0221075,0.00220138,-2.00998e-05,7.65625e-06,0.00119312,0.000491022,0.000457867,191810,0
9.642,4.74005,0.9,4.73929,0.877603,4.8005,0.902431,-0.0225123,0.00223341,-2.0612e-05,7.767e-06,0.00120352,0.000496073,0.000460559,191810,0
9.662,4.75005,0.9,4.74861,0.87738,4.80981,0.902222,-0.0216738,0.00225898,-2.10105e-05,7.86792e-06,0.00121281,0.000500602,0.000463255,191810,0
9.682,4.76005,0.9,4.75848,0.877144,4.81969,0.902008,-0.022304,0.00228749,-2.14425e-05,7.97152e-06,0.00122276,0.000505421,0.000465957,191810,0
9.702,4.77005,0.9,4.76868,0.876896,4.82989,0.90178,-0.0223014,0.00231775,-2.19199e-05,8.08204e-06,0.00123314,0.00051042,0.000468663,191810,0
9.722,4.78005,0.9,4.77794,0.876679,4.83914,0.901574,-0.0208547,0.00234301,-2.23024e-05,8.18333e-06,0.00124263,0.000515006,0.000471374,191810,0
9.742,4.79005,0.9,4.78775,0.876455,4.84999,0.902037,-0.0204455,0.00222414,-2.06964e-05,7.95881e-06,0.00120273,0.000495577,0.000460682,182098,0
9.762,4.80005,0.9,4.79734,0.876238,4.85959,0.901841,-0.0199818,0.00225117,-2.10746e-05,8.05371e-06,0.0012123,0.000500242,0.000463387,182098,0
9.782,4.81005,0.9,4.80735,0.876008,4.86959,0.901641,-0.021322,0.00228035,-2.14762e-05,8.1509e-06,0.00122236,0.000505123,0.000466098,182098,0
9.802,4.82005,0.9,4.81738,0.875768,4.87963,0.901427,-0.021752,0.0023097,-2.19111e-05,8.25526e-06,0.00123256,0.00051005,0.000468813,182098,0
9.822,4.83005,0.9,4.82755,0.875521,4.89075,0.901844,-0.0215624,0.00219681,-2.04216e-05,8.03227e-06,0.00119373,0.000491165,0.000458325,182049,0
9.842,4.84005,0.9,4.83807,0.875267,4.90126,0.901617,-0.0210545,0.00222881,-2.09148e-05,8.14075e-06,0.00120412,0.000496228,0.000461034,182049,0
9.862,4.85005,0.9,4.84802,0.875028,4.91122,0.901407,-0.0210878,0.00225775,-2.1338e-05,8.24207e-06,0.00121406,0.000501066,0.000463748,182049,0
9.882,4.86005,0.9,4.85805,0.874788,4.92125,0.901196,-0.0210674,0.00228709,-2.1767e-05,8.3449e-06,0.00122418,0.000505969,0.000466468,182049,0
9.902,4.87005,0.9,4.86828,0.874544,4.93148,0.90098,-0.020948,0.0023175,-2.22123e-05,8.45023e-06,0.00123459,0.000510995,0.000469192,182049,0
9.922,4.88005,0.9,4.87777,0.87432,4.94169,0.901526,-0.0201811,0.0022,-2.06064e-05,8.20533e-06,0.00119493,0.000491728,0.000458678,182021,0
9.942,4.89005,0.9,4.88773,0.874082,4.95165,0.901325,-0.0209639,0.00222896,-2.10092e-05,8.30224e-06,0.00120479,0.000496545,0.000461395,182021,0
9.962,4.90005,0.9,4.89717,0.873856,4.96109,0.901127,-0.0201602,0.00225518,-2.13814e-05,8.39834e-06,0.00121422,0.000501152,0.000464118,182021,0
9.982,4.91005,0.9,4.90687,0.873626,4.97079,0.900932,-0.0206466,0.00228275,-2.17568e-05,8.49395e-06,0.00122399,0.000505908,0.000466846,182021,0
10.002,4.92005,0.9,4.91713,0.873375,4.98106,0.90072,-0.0214252,0.00231337,-2.21936e-05,8.59784e-06,0.00123445,0.00051096,0.000469579,182021,0
10.022,4.93005,0.9,4.92723,0.87312,4.99116,0.900503,-0.022309,0.00234306,-2.26313e-05,8.70443e-06,0.00124482,0.000515963,0.000472318,179692,0
10.042,4.94005,0.9,4.93728,0.872854,5.00156,0.900971,-0.0235527,0.00222548,-2.1052e-05,8.45492e-06,0.00120501,0.00049658,0.000461601,179692,0
10.062,4.95005,0.9,4.94719,0.872585,5.01147,0.900738,-0.0230463,0.00225417,-2.15269e-05,8.56761e-06,0.00121491,0.00050141,0.000464332,179692,0
10.082,4.96005,0.9,4.95744,0.87231,5.02172,0.900502,-0.0228064,0.0022847,-2.20231e-05,8.68231e-06,0.00122525,0.000506429,0.000467069,179692,0
10.102,4.97005,0.9,4.96819,0.872012,5.03247,0.900256,-0.0250063,0.00231806,-2.25652e-05,8.80195e-06,0.00123622,0.000511713,0.00046981,179692,0
10.122,4.98005,0.9,4.97863,0.871715,5.04291,0.899995,-0.0241994,0.00234964,-2.31282e-05,8.92979e-06,0.00124697,0.000516884,0.000472557,179692,0
10.142,4.99005,0.9,4.98953,0.87141,5.05406,0.900515,-0.0234774,0.00223608,-2.16395e-05,8.68693e-06,0.00120785,0.000497826,0.000461817,177337,0
10.162,5.00005,0.9,5.00001,0.871119,5.06453,0.900269,-0.0232213,0.00226788,-2.21715e-05,8.80567e-06,0.00121835,0.000502925,0.000464557,177337,0
10.182,5.01005,0.9,5.00971,0.870855,5.07423,0.900044,-0.0226166,0.00229544,-2.26117e-05,8.9155e-06,0.00122817,0.000507694,0.000467302,177337,0
10.202,5.02005,0.9,5.0186,0.870613,5.08312,0.899843,-0.0230129,0.00231893,-2.29607e-05,9.01477e-06,0.00123725,0.000512117,0.000470052,177337,0
10.222,5.03005,0.9,5.0286,0.870336,5.09359,0.900349,-0.0229168,0.002204,-2.13807e-05,8.75266e-06,0.00119792,0.000493007,0.000459511,177304,0
10.242,5.04005,0.9,5.03915,0.870046,5.10413,0.900107,-0.0223851,0.00223617,-2.19055e-05,8.8689e-06,0.00120838,0.000498113,0.000462254,177304,0
10.262,5.05005,0.9,5.0493,0.86977,5.11429,0.89988,-0.0221713,0.0022662,-2.23733e-05,8.97931e-06,0.00121857,0.000503074,0.000465003,177304,0
10.282,5.06005,0.9,5.05976,0.869488,5.12475,0.899648,-0.0219264,0.00229787,-2.28637e-05,9.09246e-06,0.00122915,0.000508203,0.000467756,177304,0
10.302,5.07005,0.9,5.07034,0.869206,5.13533,0.899416,-0.0216122,0.00233028,-2.3359e-05,9.20649e-06,0.00123998,0.000513426,0.000470515,177304,0
10.322,5.08005,0.9,5.08044,0.868934,5.14543,0.899197,-0.0222949,0.00235999,-2.37951e-05,9.31475e-06,0.00125041,0.000518455,0.00047328,177278,0
10.342,5.09005,0.9,5.09077,0.868653,5.15523,0.899772,-0.0217822,0.00224188,-2.21214e-05,9.03523e-06,0.00121047,0.000499017,0.000462495,177278,0
10.362,5.10005,0.9,5.09995,0.868408,5.16441,0.899572,-0.0207919,0.00226676,-2.24799e-05,9.1331e-06,0.00121968,0.00050353,0.000465252,177278,0
10.382,5.11005,0.9,5.10967,0.86815,5.17413,0.89937,-0.021517,0.00229444,-2.28639e-05,9.23263e-06,0.00122953,0.000508325,0.000468014,177278,0
10.402,5.12005,0.9,5.11965,0.867883,5.18411,0.899155,-0.0210973,0.00232351,-2.3287e-05,9.33875e-06,0.00123974,0.000513273,0.000470781,177278,0
10.422,5.13005,0.9,5.12977,0.867606,5.19474,0.899698,-0.0222009,0.0022087,-2.16391e-05,9.04912e-06,0.00120035,0.000494139,0.000460206,175016,0
10.442,5.14005,0.9,5.13963,0.867334,5.2046,0.899479,-0.0211435,0.0022371,-2.20712e-05,9.1553e-06,0.00121015,0.000498944,0.000462966,175016,0
10.462,5.15005,0.9,5.14947,0.867072,5.21444,0.899271,-0.020144,0.00226542,-2.2475e-05,9.25719e-06,0.00122003,0.000503773,0.000465732,175016,0
10.482,5.16005,0.9,5.15942,0.866809,5.22439,0.899071,-0.0209573,0.00229432,-2.28632e-05,9.35618e-06,0.00123012,0.000508684,0.000468502,175016,0
10.502,5.17005,0.9,5.16914,0.866539,5.23411,0.898867,-0.0227041,0.00232198,-2.32475e-05,9.4573e-06,0.00124006,0.000513517,0.000471278,175016,0
10.522,5.18005,0.9,5.17852,0.866269,5.24377,0.899465,-0.0224136,0.00220344,-2.1571e-05,9.15859e-06,0.00119992,0.000494029,0.000460692,172597,0
10.542,5.19005,0.9,5.18878,0.86597,5.25404,0.899235,-0.0228799,0.00223405,-2.20483e-05,9.27017e-06,0.00121012,0.000499031,0.000463461,172597,0
10.562,5.20005,0.9,5.19811,0.865689,5.26337,0.899021,-0.0242839,0.00225973,-2.24418e-05,9.37481e-06,0.00121949,0.000503633,0.000466235,172597,0
10.582,5.21005,0.9,5.20804,0.86538,5.27329,0.89878,-0.0251299,0.00228848,-2.29245e-05,9.49294e-06,0.00122955,0.00050854,0.000469014,172597,0
10.602,5.22005,0.9,5.21814,0.865058,5.2834,0.898526,-0.025478,0.00231824,-2.34459e-05,9.61796e-06,0.0012399,0.000513565,0.000471799,172597,0
10.622,5.23005,0.9,5.228,0.864737,5.29326,0.898275,-0.0266653,0.00234662,-2.39442e-05,9.74239e-06,0.00125009,0.000518503,0.000474589,172538,0
10.642,5.24005,0.9,5.23731,0.864425,5.30227,0.898877,-0.0267721,0.00222474,-2.22591e-05,9.4446e-06,0.00120916,0.000498605,0.000463793,172538,0
10.662,5.25005,0.9,5.24705,0.8641,5.31202,0.898616,-0.0258519,0.00225254,-2.278e-05,9.57145e-06,0.00121894,0.000503404,0.000466575,172538,0
10.682,5.26005,0.9,5.25767,0.863743,5.32263,0.898341,-0.0271978,0.00228513,-2.33814e-05,9.70548e-06,0.0012297,0.000508641,0.000469363,172538,0
10.702,5.27005,0.9,5.26743,0.863412,5.3324,0.898076,-0.0264397,0.00231304,-2.39094e-05,9.83623e-06,0.0012397,0.000513513,0.000472156,172538,0
10.722,5.28005,0.9,5.27702,0.863085,5.34197,0.89871,-0.0269636,0.00219662,-2.22788e-05,9.53883e-06,0.00119979,0.000494127,0.000461563,172507,0
10.742,5.29005,0.9,5.28712,0.862731,5.35207,0.898438,-0.0276702,0.00222637,-2.28485e-05,9.6706e-06,0.00120985,0.000499072,0.000464348,172507,0
10.762,5.30005,0.9,5.29673,0.862391,5.36168,0.898172,-0.0276594,0.00225345,-2.33711e-05,9.80014e-06,0.0012195,0.000503818,0.000467139,172507,0
10.782,5.31005,0.9,5.30654,0.862053,5.3715,0.8979,-0.025869,0.00228161,-2.3916e-05,9.93312e-06,0.00122946,0.00050869,0.000469935,172507,0
10.802,5.32005,0.9,5.31675,0.861708,5.38171,0.897636,-0.0262683,0.00231194,-2.44633e-05,1.00636e-05,0.00123992,0.000513781,0.000472737,172507,0
10.822,5.33005,0.9,5.3265,0.861377,5.39146,0.89738,-0.0262403,0.00233979,-2.4964e-05,1.01911e-05,0.00125,0.000518689,0.000475544,172507,0
10.842,5.34005,0.9,5.33643,0.861035,5.4015,0.898001,-0.0265994,0.00222197,-2.32482e-05,9.88088e-06,0.0012097,0.000499073,0.000464734,167686,0
10.862,5.35005,0.9,5.34696,0.860664,5.41202,0.897721,-0.0271842,0.00225404,-2.38561e-05,1.00173e-05,0.00122028,0.000504253,0.000467533,167686,0
10.882,5.36005,0.9,5.35708,0.860303,5.42215,0.897445,-0.027546,0.0022839,-2.44262e-05,1.01524e-05,0.00123056,0.00050928,0.000470337,167686,0
10.902,5.37005,0.9,5.36716,0.859941,5.43223,0.897168,-0.027567,0.0023135,-2.49965e-05,1.02895e-05,0.0012409,0.000514317,0.000473147,167686,0
10.922,5.38005,0.9,5.37724,0.859586,5.44375,0.897797,-0.0257484,0.00219966,-2.33487e-05,9.98452e-06,0.00120139,0.00049511,0.000462522,162792,0
10.942,5.39005,0.9,5.38757,0.859227,5.45409,0.897531,-0.0258813,0.00223066,-2.39108e-05,1.0114e-05,0.0012117,0.000500179,0.000465324,162792,0
10.962,5.40005,0.9,5.39787,0.858871,5.46439,0.897265,-0.0253525,0.00226149,-2.44697e-05,1.02446e-05,0.00122207,0.000505266,0.000468131,162792,0
10.982,5.41005,0.9,5.40699,0.858565,5.47351,0.897033,-0.0238508,0.00228609,-2.48822e-05,1.03594e-05,0.00123134,0.000509832,0.000470943,162792,0
11.002,5.42005,0.9,5.41739,0.858225,5.48391,0.896785,-0.0235012,0.00231746,-2.53949e-05,1.0483e-05,0.00124202,0.00051503,0.000473761,162792,0
11.022,5.43005,0.9,5.42753,0.857899,5.49506,0.897388,-0.02236,0.00220345,-2.36146e-05,1.01504e-05,0.00120248,0.000495803,0.000463109,162776,0
11.042,5.44005,0.9,5.43761,0.857576,5.50514,0.897162,-0.0228164,0.00223307,-2.40616e-05,1.02614e-05,0.00121254,0.000500766,0.000465919,162776,0
11.062,5.45005,0.9,5.44818,0.857232,5.51571,0.896921,-0.023263,0.0022654,-2.45689e-05,1.03804e-05,0.0012232,0.000505988,0.000468735,162776,0
11.082,5.46005,0.9,5.45809,0.856906,5.52563,0.896691,-0.0234426,0.00229409,-2.50156e-05,1.04952e-05,0.00123329,0.000510935,0.000471556,162776,0
11.102,5.47005,0.9,5.46793,0.856584,5.53548,0.89646,-0.0229914,0.00232244,-2.54579e-05,1.06109e-05,0.00124342,0.000515885,0.000474382,162776,0
11.122,5.48005,0.9,5.47802,0.856259,5.54635,0.897132,-0.0216585,0.00220759,-2.36501e-05,1.02659e-05,0.00120373,0.000496579,0.000463698,162748,0
11.142,5.49005,0.9,5.48737,0.855965,5.5557,0.896929,-0.0209572,0.00223334,-2.40105e-05,1.03665e-05,0.00121307,0.000501211,0.000466516,162748,0
11.162,5.50005,0.9,5.49724,0.85566,5.56557,0.896723,-0.0206512,0.00226181,-2.44001e-05,1.04697e-05,0.00122302,0.000506117,0.00046934,162748,0
11.182,5.51005,0.9,5.50804,0.855326,5.57638,0.896499,-0.0210258,0.00229548,-2.48683e-05,1.05813e-05,0.00123403,0.000511494,0.000472169,162748,0
11.202,5.52005,0.9,5.51786,0.855014,5.5862,0.896293,-0.0222281,0.00232371,-2.52512e-05,1.06858e-05,0.00124414,0.000516442,0.000475004,162748,0
11.222,5.53005,0.9,5.52819,0.854678,5.59737,0.896902,-0.0219957,0.00221001,-2.34674e-05,1.03315e-05,0.00120464,0.000497212,0.000464297,162726,0
11.242,5.54005,0.9,5.53872,0.854335,5.6079,0.89667,-0.0217748,0.0022421,-2.39482e-05,1.04458e-05,0.00121517,0.000502402,0.000467123,162726,0
11.262,5.55005,0.9,5.54889,0.854001,5.61807,0.896448,-0.0224558,0.00227221,-2.43851e-05,1.05561e-05,0.00122546,0.00050746,0.000469954,162726,0
11.282,5.56005,0.9,5.55947,0.853659,5.62866,0.896211,-0.0208926,0.00230462,-2.48795e-05,1.06748e-05,0.00123627,0.000512746,0.000472792,162726,0
11.302,5.57005,0.9,5.56908,0.853356,5.63827,0.89601,-0.0206551,0.00233173,-2.52394e-05,1.07768e-05,0.00124619,0.000517605,0.000475635,162726,0
11.322,5.58005,0.9,5.57904,0.85304,5.6495,0.896677,-0.0208414,0.00221504,-2.33769e-05,1.04032e-05,0.00120617,0.000498123,0.000464887,158035,0
11.342,5.59005,0.9,5.5896,0.852705,5.66006,0.896457,-0.0201743,0.00224732,-2.3829e-05,1.05124e-05,0.00121675,0.000503339,0.000467721,158035,0
11.362,5.60005,0.9,5.59978,0.852381,5.67025,0.896252,-0.0207799,0.00227749,-2.42262e-05,1.06154e-05,0.00122707,0.000508414,0.000470561,158035,0
11.382,5.61005,0.9,5.60989,0.852054,5.68036,0.896042,-0.0213756,0.00230727,-2.46297e-05,1.07213e-05,0.00123741,0.000513487,0.000473406,158035,0
11.402,5.62006,0.9,5.61985,0.851727,5.69032,0.895829,-0.0217647,0.00233623,-2.50316e-05,1.08293e-05,0.0012477,0.000518522,0.000476257,158035,0
11.422,5.63006,0.9,5.62977,0.851396,5.70024,0.895613,-0.0224079,0.00236496,-2.54365e-05,1.09393e-05,0.00125805,0.000523569,0.000479114,158035,0
11.442,5.64006,0.9,5.63952,0.851061,5.71015,0.896374,-0.0230156,0.00224311,-2.35499e-05,1.05562e-05,0.00121697,0.000503541,0.000468123,158019,0
11.462,5.65006,0.9,5.64989,0.850696,5.72052,0.896136,-0.0235178,0.00227431,-2.4037e-05,1.0675e-05,0.00122748,0.00050871,0.000470971,158019,0
11.482,5.66006,0.9,5.6605,0.850318,5.73113,0.895886,-0.0240118,0.00230687,-2.45613e-05,1.07997e-05,0.00123835,0.000514026,0.000473824,158019,0
11.502,5.67006,0.9,5.67108,0.849937,5.74172,0.895632,-0.0241329,0.00233927,-2.50931e-05,1.09274e-05,0.0012493,0.000519364,0.000476682,158019,0
11.522,5.68006,0.9,5.68105,0.849577,5.75204,0.896326,-0.0235163,0.00222173,-2.33225e-05,1.05556e-05,0.00120907,0.000499767,0.000465874,158007,0
11.542,5.69006,0.9,5.69096,0.849224,5.76195,0.896093,-0.0226862,0.00225042,-2.37749e-05,1.06713e-05,0.00121904,0.000504699,0.000468723,158007,0
11.562,5.70006,0.9,5.70056,0.848888,5.77156,0.895875,-0.0222827,0.00227751,-2.4176e-05,1.07807e-05,0.0012288,0.000509522,0.000471579,158007,0
11.582,5.71006,0.9,5.71035,0.848546,5.78135,0.895657,-0.0224009,0.00230556,-2.45833e-05,1.08908e-05,0.00123884,0.000514463,0.000474439,158007,0
11.602,5.72006,0.9,5.72086,0.848175,5.79186,0.895421,-0.0231574,0.00233756,-2.50632e-05,1.10099e-05,0.00124972,0.000519778,0.000477306,158007,0
11.622,5.73006,0.9,5.73047,0.84783,5.80177,0.896126,-0.0230177,0.00221833,-2.32383e-05,1.06242e-05,0.0012091,0.000499991,0.000466477,157969,0
11.642,5.74006,0.9,5.74033,0.84747,5.81163,0.895899,-0.0237434,0.00224673,-2.36729e-05,1.07372e-05,0.00121902,0.000504908,0.000469335,157969,0
11.662,5.75006,0.9,5.75021,0.847105,5.82152,0.895664,-0.0236675,0.0022753,-2.41253e-05,1.08547e-05,0.00122907,0.000509871,0.000472198,157969,0
11.682,5.76006,0.9,5.76002,0.846746,5.83133,0.895432,-0.0231939,0.00230345,-2.45657e-05,1.09717e-05,0.00123914,0.000514831,0.000475067,157969,0
11.702,5.77006,0.9,5.77022,0.846377,5.84153,0.895195,-0.0229528,0.00233371,-2.50326e-05,1.10916e-05,0.0012497,0.000520009,0.000477941,157969,0
11.722,5.78006,0.9,5.78061,0.846006,5.85254,0.895888,-0.0215377,0.00221915,-2.32859e-05,1.07078e-05,0.00120986,0.000500573,0.000467097,155615,0
11.742,5.79006,0.9,5.79051,0.845657,5.86244,0.895675,-0.0214492,0.00224779,-2.36889e-05,1.08147e-05,0.00121984,0.000505521,0.000469962,155615,0
11.762,5.80006,0.9,5.80047,0.845301,5.87242,0.895461,-0.0223533,0.0022768,-2.40942e-05,1.09226e-05,0.00122998,0.000510534,0.000472833,155615,0
11.782,5.81006,0.9,5.81053,0.844941,5.88247,0.895236,-0.0216993,0.00230627,-2.45272e-05,1.10364e-05,0.00124031,0.00051562,0.000475709,155615,0
11.802,5.82006,0.9,5.82085,0.844578,5.8928,0.895012,-0.0211188,0.00233725,-2.49687e-05,1.11506e-05,0.00125103,0.000520871,0.000478591,155615,0
11.822,5.83006,0.9,5.8297,0.844268,5.90166,0.894825,-0.0212615,0.00236055,-2.52639e-05,1.12478e-05,0.0012603,0.000525448,0.00048148,153243,0
11.842,5.84006,0.9,5.83967,0.843918,5.91174,0.895559,-0.0207522,0.00224038,-2.33895e-05,1.08386e-05,0.00121926,0.000505403,0.000470404,153243,0
11.862,5.85006,0.9,5.84973,0.843565,5.92181,0.89535,-0.0207194,0.00226988,-2.37861e-05,1.09443e-05,0.0012295,0.000510467,0.000473282,153243,0
11.882,5.86006,0.9,5.85903,0.843239,5.93111,0.895157,-0.020615,0.00229541,-2.41139e-05,1.1043e-05,0.00123905,0.000515205,0.000476166,153243,0
11.902,5.87006,0.9,5.86895,0.842889,5.94104,0.894952,-0.020896,0.00232419,-2.44912e-05,1.11481e-05,0.00124934,0.000520272,0.000479056,153243,0
11.922,5.88006,0.9,5.87964,0.842508,5.95173,0.894729,-0.0217354,0.00235719,-2.49443e-05,1.12628e-05,0.00126053,0.000525736,0.000481951,153243,0
11.942,5.89006,0.9,5.88954,0.842148,5.96114,0.895502,-0.0214663,0.00223709,-2.31074e-05,1.08509e-05,0.00121941,0.000505646,0.000470863,153203,0
11.962,5.90006,0.9,5.8992,0.841792,5.97081,0.895295,-0.0220751,0.00226447,-2.34845e-05,1.09561e-05,0.00122924,0.000510531,0.000473748,153203,0
11.982,5.91006,0.9,5.909,0.841432,5.98062,0.895078,-0.021283,0.00229261,-2.38867e-05,1.10662e-05,0.00123932,0.000515517,0.000476639,153203,0
12.002,5.92006,0.9,5.91835,0.841093,5.98997,0.894879,-0.0210278,0.00231838,-2.4228e-05,1.11688e-05,0.00124901,0.000520316,0.000479536,153203,0
12.022,5.93006,0.9,5.92847,0.840724,6.00028,0.895652,-0.0213072,0.0022042,-2.24922e-05,1.07613e-05,0.00120895,0.000500756,0.000468663,153189,0
12.042,5.94006,0.9,5.93825,0.840359,6.01006,0.895443,-0.021805,0.00223221,-2.28784e-05,1.08664e-05,0.0012188,0.000505675,0.00047155,153189,0
12.062,5.95006,0.9,5.94895,0.839956,6.02076,0.89521,-0.0223024,0.00226527,-2.33638e-05,1.0984e-05,0.00122969,0.000511058,0.000474443,153189,0
12.082,5.96006,0.9,5.95884,0.839583,6.03066,0.894989,-0.0216435,0.0022939,-2.37796e-05,1.10965e-05,0.00123987,0.000516097,0.000477342,153189,0
12.102,5.97006,0.9,5.96865,0.839226,6.04048,0.894776,-0.0198197,0.00232206,-2.41695e-05,1.12056e-05,0.00125006,0.000521127,0.000480247,153189,0
12.122,5.98006,0.9,5.97884,0.838869,6.05045,0.895521,-0.0182358,0.00220781,-2.24132e-05,1.0789e-05,0.00120999,0.000501548,0.00046934,153169,0
12.142,5.99006,0.9,5.98882,0.838525,6.06043,0.895339,-0.0181801,0.00223685,-2.27429e-05,1.08819e-05,0.00122005,0.000506568,0.000472234,153169,0
12.162,6.00006,0.9,5.9985,0.838196,6.07011,0.895163,-0.0171557,0.00226433,-2.30471e-05,1.09727e-05,0.00122992,0.000511482,0.000475135,153169,0
12.182,6.01006,0.9,6.00839,0.837867,6.08001,0.894994,-0.0166926,0.00229293,-2.33416e-05,1.1061e-05,0.00124009,0.00051653,0.000478041,153169,0
12.202,6.02006,0.9,6.01873,0.837525,6.09035,0.894821,-0.0168869,0.002324,-2.36557e-05,1.11514e-05,0.00125084,0.000521828,0.000480953,153169,0
12.222,6.03006,0.9,6.02796,0.837218,6.09959,0.894665,-0.0168204,0.00234917,-2.38956e-05,1.12342e-05,0.00126053,0.000526623,0.000483871,153169,0
12.242,6.04006,0.9,6.03779,0.83689,6.10824,0.895375,-0.016804,0.00222965,-2.20447e-05,1.07901e-05,0.00121932,0.000506459,0.000472728,153164,0
12.262,6.05006,0.9,6.04809,0.836541,6.11855,0.895202,-0.0171914,0.00226051,-2.23635e-05,1.08796e-05,0.00122982,0.000511679,0.000475636,153164,0
12.282,6.06006,0.9,6.05836,0.836186,6.12882,0.895025,-0.0182865,0.00229115,-2.26872e-05,1.09712e-05,0.00124039,0.000516913,0.000478549,153164,0
12.302,6.07006,0.9,6.06912,0.835807,6.13959,0.894828,-0.0183849,0.0023246,-2.30781e-05,1.10732e-05,0.00125159,0.000522421,0.000481469,153164,0
12.322,6.08006,0.9,6.0795,0.835437,6.14971,0.895523,-0.0185285,0.0022111,-2.14021e-05,1.06467e-05,0.00121159,0.00050285,0.000470508,150789,0
12.342,6.09006,0.9,6.08959,0.835074,6.15981,0.895336,-0.0186061,0.00224075,-2.17492e-05,1.07422e-05,0.0012218,0.000507943,0.000473417,150789,0
12.362,6.10006,0.9,6.09981,0.834705,6.17004,0.895146,-0.0187311,0.00227117,-2.21076e-05,1.08399e-05,0.00123225,0.000513136,0.000476331,150789,0
12.382,6.11006,0.9,6.10956,0.834349,6.17979,0.894963,-0.0194703,0.002299,-2.24286e-05,1.09346e-05,0.00124231,0.000518135,0.000479252,150789,0
12.402,6.12006,0.9,6.1201,0.833959,6.19033,0.894758,-0.0195811,0.00233119,-2.28325e-05,1.10408e-05,0.00125331,0.000523548,0.000482179,150789,0
12.422,6.13006,0.9,6.13014,0.833592,6.20088,0.89552,-0.0179155,0.00221502,-2.11763e-05,1.06148e-05,0.00121284,0.000503744,0.000471175,145887,0
12.442,6.14006,0.9,6.13982,0.833239,6.21056,0.895346,-0.0189495,0.00224251,-2.14777e-05,1.07041e-05,0.00122266,0.000508656,0.000474091,145887,0
12.462,6.15006,0.9,6.15043,0.832842,6.22117,0.895145,-0.0198257,0.00227506,-2.18776e-05,1.0807e-05,0.00123351,0.000514041,0.000477013,145887,0
12.482,6.16006,0.9,6.15999,0.832473,6.23074,0.894955,-0.021118,0.00230194,-2.22087e-05,1.09052e-05,0.00124341,0.000518964,0.000479941,145887,0
12.502,6.17006,0.9,6.16977,0.832082,6.24052,0.894749,-0.0226967,0.00232994,-2.25852e-05,1.10122e-05,0.00125362,0.000524022,0.000482875,145887,0
12.522,6.18006,0.9,6.18006,0.831662,6.25082,0.894515,-0.0224892,0.00236074,-2.30471e-05,1.1133e-05,0.00126448,0.000529363,0.000485816,145887,0
12.542,6.19006,0.9,6.19011,0.831255,6.26095,0.895275,-0.0216862,0.00224101,-2.14192e-05,1.07113e-05,0.00122321,0.000509123,0.000474565,143338,0
12.562,6.20006,0.9,6.20006,0.83085,6.27091,0.895059,-0.0222625,0.00226996,-2.18293e-05,1.08215e-05,0.00123342,0.000514207,0.000477494,143338,0
12.582,6.21006,0.9,6.21009,0.830434,6.28094,0.894835,-0.023112,0.00229928,-2.22576e-05,1.09359e-05,0.00124379,0.000519358,0.000480429,143338,0
12.602,6.22006,0.9,6.22048,0.829997,6.29134,0.894595,-0.0235117,0.00233068,-2.27433e-05,1.10594e-05,0.00125467,0.000524725,0.00048337,143338,0
12.622,6.23006,0.9,6.23048,0.829574,6.3019,0.895376,-0.0228738,0.00221434,-2.11854e-05,1.06495e-05,0.00121407,0.000504828,0.000472315,143322,0
12.642,6.24006,0.9,6.24047,0.829149,6.3119,0.895147,-0.0232159,0.00224349,-2.16291e-05,1.07652e-05,0.00122422,0.000509907,0.000475245,143322,0
12.662,6.25006,0.9,6.2512,0.828699,6.32263,0.894898,-0.0218457,0.00227673,-2.21569e-05,1.08914e-05,0.00123524,0.000515368,0.000478181,143322,0
12.682,6.26006,0.9,6.26068,0.828305,6.33212,0.894691,-0.0223349,0.00230319,-2.25239e-05,1.09985e-05,0.00124507,0.000520272,0.000481123,143322,0
12.702,6.27006,0.9,6.27078,0.827886,6.34222,0.894465,-0.0217036,0.00233294,-2.29587e-05,1.11151e-05,0.00125566,0.000525507,0.000484071,143322,0
12.722,6.28006,0.9,6.28124,0.827452,6.3531,0.895169,-0.0216655,0.00221889,-2.13806e-05,1.07002e-05,0.00121545,0.000505778,0.000472983,143313,0
12.742,6.29006,0.9,6.2918,0.827001,6.36367,0.89494,-0.0235841,0.00225119,-2.18504e-05,1.08162e-05,0.0012262,0.000511137,0.000475919,143313,0
12.762,6.30006,0.9,6.3018,0.82657,6.37367,0.894704,-0.0224284,0.0022804,-2.23091e-05,1.09365e-05,0.0012365,0.000516266,0.000478862,143313,0
12.782,6.31006,0.9,6.31196,0.826139,6.38384,0.894476,-0.0222638,0.00231047,-2.27534e-05,1.10537e-05,0.00124706,0.000521506,0.000481811,143313,0
12.802,6.32006,0.9,6.32184,0.825716,6.39372,0.894256,-0.0230708,0.00233898,-2.31634e-05,1.11679e-05,0.00125742,0.000526642,0.000484767,143313,0
12.822,6.33006,0.9,6.33187,0.825279,6.40376,0.894024,-0.0237692,0.00236838,-2.36062e-05,1.12884e-05,0.00126807,0.000531891,0.000487728,143313,0
12.842,6.34006,0.9,6.34198,0.82483,6.4133,0.8948,-0.0240454,0.00224807,-2.19567e-05,1.08688e-05,0.0012266,0.000511514,0.000476375,143295,0
12.862,6.35006,0.9,6.3517,0.824389,6.42303,0.894566,-0.0251487,0.00227576,-2.23962e-05,1.09882e-05,0.00123661,0.000516516,0.000479325,143295,0
12.882,6.36006,0.9,6.36168,0.823934,6.43301,0.894315,-0.0244141,0.00230484,-2.28869e-05,1.11167e-05,0.00124699,0.000521677,0.00048228,143295,0
12.902,6.37006,0.9,6.37162,0.823486,6.44296,0.894072,-0.0241793,0.00233372,-2.33535e-05,1.12421e-05,0.00125743,0.000526853,0.000485242,143295,0
12.922,6.38006,0.9,6.38153,0.823039,6.45378,0.894845,-0.0236076,0.00221655,-2.17423e-05,1.08294e-05,0.00121654,0.00050678,0.000474098,138554,0
12.942,6.39006,0.9,6.39215,0.822559,6.46441,0.894594,-0.0239043,0.00224923,-2.22701e-05,1.09565e-05,0.00122738,0.000512189,0.000477048,138554,0
12.962,6.40006,0.9,6.40212,0.822109,6.47438,0.894356,-0.0234341,0.00227825,-2.27313e-05,1.10784e-05,0.00123767,0.000517321,0.000480004,138554,0
12.982,6.41006,0.9,6.41304,0.821615,6.48531,0.894099,-0.0239505,0.00231265,-2.32824e-05,1.12097e-05,0.00124905,0.000522946,0.000482967,138554,0
13.002,6.42006,0.9,6.42382,0.82113,6.4961,0.893841,-0.0230565,0.0023462,-2.38286e-05,1.13428e-05,0.0012604,0.000528538,0.000485935,138554,0
13.022,6.43006,0.9,6.43423,0.820664,6.50652,0.893601,-0.0233621,0.00237768,-2.43081e-05,1.14681e-05,0.00127149,0.000533992,0.00048891,138554,0
13.042,6.44006,0.9,6.44405,0.82023,6.51646,0.894435,-0.0210669,0.00225466,-2.25448e-05,1.10378e-05,0.00122947,0.000513332,0.000477479,138525,0
13.062,6.45006,0.9,6.45447,0.819778,6.52688,0.894216,-0.0214484,0.00228614,-2.29792e-05,1.1151e-05,0.00124024,0.000518686,0.000480442,138525,0
13.082,6.46006,0.9,6.46462,0.81933,6.53704,0.893998,-0.0222877,0.00231616,-2.33958e-05,1.12641e-05,0.00125084,0.00052395,0.000483411,138525,0
13.102,6.47006,0.9,6.47406,0.818909,6.54649,0.893787,-0.0222597,0.00234246,-2.37639e-05,1.13744e-05,0.0012608,0.000528908,0.000486386,138525,0
13.122,6.48006,0.9,6.48356,0.818486,6.55642,0.894578,-0.0217159,0.00222206,-2.20245e-05,1.0943e-05,0.00121923,0.000508498,0.000475166,138517,0
13.142,6.49006,0.9,6.49352,0.818044,6.56638,0.894362,-0.0213552,0.002251,-2.2433e-05,1.10541e-05,0.00122942,0.000513607,0.000478129,138517,0
13.162,6.50006,0.9,6.50315,0.817622,6.57602,0.894156,-0.0204463,0.00227826,-2.28019e-05,1.11609e-05,0.00123938,0.000518598,0.000481098,138517,0
13.182,6.51006,0.9,6.51335,0.817178,6.58623,0.893947,-0.0206836,0.00230855,-2.31981e-05,1.12698e-05,0.00125003,0.000523895,0.000484073,138517,0
13.202,6.52006,0.9,6.52298,0.816762,6.59586,0.893748,-0.0199626,0.00233579,-2.35474e-05,1.13748e-05,0.00126019,0.000528951,0.000487055,138517,0
13.222,6.53006,0.9,6.53278,0.816337,6.60567,0.893552,-0.0207448,0.00236393,-2.3893e-05,1.14788e-05,0.00127062,0.000534124,0.000490043,138502,0
13.242,6.54006,0.9,6.54376,0.815862,6.6165,0.894318,-0.0193063,0.00224908,-2.22246e-05,1.10453e-05,0.00122985,0.000514022,0.00047859,138502,0
13.262,6.55006,0.9,6.55392,0.815426,6.62667,0.894122,-0.0192886,0.00227918,-2.25914e-05,1.11477e-05,0.00124037,0.000519275,0.000481566,138502,0
13.282,6.56006,0.9,6.56329,0.815027,6.63604,0.893941,-0.0186696,0.00230504,-2.28911e-05,1.12432e-05,0.00125015,0.000524177,0.000484548,138502,0
13.302,6.57006,0.9,6.57259,0.814631,6.64535,0.893767,-0.019254,0.00233059,-2.31715e-05,1.1336e-05,0.00125996,0.000529082,0.000487535,138502,0
13.322,6.58006,0.9,6.58267,0.814197,6.65547,0.89452,-0.0190052,0.00221472,-2.14771e-05,1.08948e-05,0.00121904,0.000508952,0.000476292,138499,0
13.342,6.59006,0.9,6.5923,0.813784,6.66511,0.894337,-0.0184709,0.00224196,-2.17956e-05,1.09903e-05,0.0012289,0.000513925,0.000479268,138499,0
13.362,6.60006,0.9,6.60267,0.813345,6.67548,0.894145,-0.0175894,0.00227317,-2.21587e-05,1.10906e-05,0.00123963,0.000519285,0.00048225,138499,0
13.382,6.61006,0.9,6.61239,0.812935,6.68522,0.893974,-0.018358,0.00230092,-2.24491e-05,1.11816e-05,0.00124979,0.000524373,0.000485238,138499,0
13.402,6.62006,0.9,6.6227,0.812492,6.69553,0.893785,-0.0190474,0.00233179,-2.28002e-05,1.12821e-05,0.00126067,0.000529774,0.000488233,138499,0
13.422,6.63006,0.9,6.63274,0.812057,6.70558,0.893593,-0.018994,0.00236123,-2.31452e-05,1.13842e-05,0.00127138,0.000535085,0.000491233,138499,0
13.442,6.64006,0.9,6.64338,0.811597,6.71565,0.894363,-0.0182421,0.00224473,-2.14697e-05,1.09369e-05,0.00123019,0.000514764,0.000479734,138486,0
13.462,6.65006,0.9,6.65331,0.811171,6.72559,0.894182,-0.0176975,0.00227356,-2.17927e-05,1.10322e-05,0.00124048,0.000519924,0.000482722,138486,0
13.482,6.66006,0.9,6.66357,0.810735,6.73586,0.894,-0.017439,0.00230421,-2.21265e-05,1.11285e-05,0.00125123,0.00052528,0.000485716,138486,0
13.502,6.67006,0.9,6.67373,0.810307,6.74603,0.893823,-0.0170287,0.00233427,-2.24435e-05,1.12232e-05,0.00126196,0.000530619,0.000488717,138486,0
13.522,6.68006,0.9,6.68374,0.809889,6.75716,0.894584,-0.0159941,0.00221757,-2.07555e-05,1.07691e-05,0.00122082,0.000510356,0.000477411,133725,0
13.542,6.69006,0.9,6.69416,0.809453,6.76758,0.894417,-0.0167567,0.00224908,-2.10612e-05,1.0857e-05,0.00123152,0.000515724,0.000480399,133725,0
13.562,6.70006,0.9,6.70406,0.809033,6.77749,0.894251,-0.0168519,0.00227774,-2.13475e-05,1.09452e-05,0.00124179,0.000520879,0.000483393,133725,0
13.582,6.71006,0.9,6.714,0.808613,6.78745,0.894084,-0.016563,0.00230665,-2.16376e-05,1.10347e-05,0.00125222,0.000526092,0.000486394,133725,0
13.602,6.72006,0.9,6.72416,0.808186,6.79761,0.893915,-0.0163402,0.00233672,-2.1934e-05,1.11251e-05,0.00126297,0.000531442,0.000489401,133725,0
13.622,6.73006,0.9,6.73405,0.807769,6.80809,0.894638,-0.016349,0.00221905,-2.02682e-05,1.06671e-05,0.00122162,0.000511067,0.00047806,133729,0
13.642,6.74006,0.9,6.74426,0.807335,6.81831,0.894471,-0.0163604,0.00224942,-2.05694e-05,1.07553e-05,0.00123213,0.000516347,0.000481054,133729,0
13.662,6.75006,0.9,6.754,0.806922,6.82806,0.894312,-0.0160866,0.00227725,-2.08368e-05,1.08403e-05,0.00124225,0.000521437,0.000484055,133729,0
13.682,6.76006,0.9,6.76438,0.806487,6.83845,0.894144,-0.0153157,0.00230855,-2.11397e-05,1.09297e-05,0.00125315,0.000526871,0.000487062,133729,0
13.702,6.77006,0.9,6.77445,0.806064,6.84852,0.89399,-0.0165126,0.00233809,-2.14e-05,1.10133e-05,0.00126381,0.000532185,0.000490075,133729,0
13.722,6.78006,0.9,6.78415,0.805646,6.8582,0.894671,-0.0166814,0.00221931,-1.97762e-05,1.05559e-05,0.00122222,0.000511677,0.000478701,133721,0
13.742,6.79006,0.9,6.79385,0.80522,6.86791,0.894509,-0.0176043,0.00224692,-2.00508e-05,1.06416e-05,0.00123221,0.000516723,0.000481701,133721,0
13.762,6.80006,0.9,6.80388,0.804771,6.87794,0.894332,-0.0185788,0.00227626,-2.03684e-05,1.0735e-05,0.00124263,0.000521959,0.000484708,133721,0
13.782,6.81006,0.9,6.81379,0.804325,6.88786,0.894148,-0.0178112,0.00230497,-2.06983e-05,1.08326e-05,0.00125304,0.000527173,0.000487721,133721,0
13.802,6.82006,0.9,6.82365,0.803883,6.89773,0.893972,-0.0181847,0.00233347,-2.10053e-05,1.09269e-05,0.00126351,0.000532402,0.000490741,133721,0
13.822,6.83006,0.9,6.83377,0.803427,6.90796,0.894703,-0.0178602,0.00221746,-1.94891e-05,1.0483e-05,0.00122236,0.000512085,0.000479348,133696,0
13.842,6.84006,0.9,6.84404,0.802963,6.91824,0.89452,-0.0178001,0.00224815,-1.98346e-05,1.05792e-05,0.00123295,0.000517414,0.000482355,133696,0
13.862,6.85006,0.9,6.85452,0.802491,6.92872,0.894333,-0.0174415,0.00227997,-2.01927e-05,1.06774e-05,0.00124386,0.000522876,0.000485368,133696,0
13.882,6.86006,0.9,6.86384,0.802078,6.93806,0.89417,-0.0164136,0.00230565,-2.0455e-05,1.07648e-05,0.00125367,0.000527818,0.000488387,133696,0
13.902,6.87006,0.9,6.87381,0.801639,6.94803,0.894006,-0.0167952,0.00233467,-2.07367e-05,1.08532e-05,0.00126425,0.000533106,0.000491413,133696,0
13.922,6.88006,0.9,6.88337,0.801215,6.9576,0.893846,-0.0170853,0.00236155,-2.09979e-05,1.09407e-05,0.00127451,0.000538229,0.000494445,133696,0
13.942,6.89006,0.9,6.89365,0.800758,6.96717,0.894613,-0.0161485,0.00224305,-1.94483e-05,1.04865e-05,0.00123272,0.000517549,0.000482799,133684,0
13.962,6.90006,0.9,6.90375,0.800317,6.97727,0.89445,-0.0153465,0.00227277,-1.9737e-05,1.05735e-05,0.00124324,0.000522836,0.000485818,133684,0
13.982,6.91006,0.9,6.9132,0.799908,6.98673,0.894305,-0.0150804,0.00229908,-1.99643e-05,1.06524e-05,0.00125318,0.000527846,0.000488842,133684,0
14.002,6.92006,0.9,6.92263,0.799505,6.99617,0.894163,-0.0142463,0.00232528,-2.01831e-05,1.07303e-05,0.00126319,0.000532878,0.000491874,133684,0
14.022,6.93006,0.9,6.93328,0.799056,7.00682,0.894011,-0.0139813,0.0023581,-2.04545e-05,1.08134e-05,0.00127461,0.000538545,0.000494912,133684,0
14.042,6.94006,0.9,6.9434,0.79863,7.0158,0.894789,-0.0133928,0.00223911,-1.88708e-05,1.03462e-05,0.00123264,0.00051777,0.00048325,133670,0
14.062,6.95006,0.9,6.95338,0.798212,7.02579,0.894656,-0.0131004,0.00226819,-1.90869e-05,1.04189e-05,0.00124303,0.000523007,0.000486274,133670,0
14.082,6.96006,0.9,6.9633,0.797802,7.03572,0.894525,-0.0123169,0.00229696,-1.92918e-05,1.04904e-05,0.00125347,0.000528252,0.000489304,133670,0
14.102,6.97006,0.9,6.97244,0.797424,7.04487,0.894413,-0.0130964,0.00232174,-1.94409e-05,1.05538e-05,0.00126319,0.000533155,0.000492341,133670,0
14.122,6.98006,0.9,6.98221,0.797021,7.05465,0.894285,-0.0118527,0.00234971,-1.96351e-05,1.06252e-05,0.00127367,0.000538395,0.000495385,133670,0
14.142,6.99006,0.9,6.99263,0.796602,7.06342,0.895186,-0.0105812,0.0022334,-1.80937e-05,1.0154e-05,0.00123207,0.000517784,0.00048372,133637,0
14.162,7.00006,0.9,7.00243,0.796211,7.07322,0.895082,-0.0107223,0.0022615,-1.82373e-05,1.02121e-05,0.00124227,0.000522941,0.000486749,133637,0
14.182,7.01006,0.9,7.0124,0.795815,7.0832,0.894975,-0.010269,0.00229052,-1.83902e-05,1.02722e-05,0.00125276,0.000528216,0.000489785,133637,0
14.202,7.02006,0.9,7.02276,0.795406,7.09357,0.894869,-0.00986281,0.00232175,-1.85475e-05,1.03325e-05,0.00126377,0.000533724,0.000492828,133637,0
14.222,7.03006,0.9,7.03304,0.795005,7.10348,0.895812,-0.00892443,0.002208,-1.70678e-05,9.86332e-06,0.00122275,0.000513415,0.000481364,131240,0
14.242,7.04006,0.9,7.04296,0.794618,7.11341,0.895723,-0.00925084,0.00223679,-1.71808e-05,9.91372e-06,0.00123299,0.000518609,0.000484393,131240,0
14.262,7.05006,0.9,7.05269,0.79424,7.12314,0.895633,-0.00862227,0.00226452,-1.72937e-05,9.96512e-06,0.00124313,0.000523741,0.000487428,131240,0
14.282,7.06006,0.9,7.06274,0.793846,7.13321,0.895546,-0.00971763,0.00229404,-1.7402e-05,1.00153e-05,0.00125373,0.000529072,0.00049047,131240,0
14.302,7.07006,0.9,7.07276,0.79345,7.14323,0.895449,-0.009491,0.00232333,-1.75343e-05,1.00709e-05,0.00126439,0.000534418,0.000493519,131240,0
14.322,7.08006,0.9,7.082,0.793085,7.15248,0.895361,-0.00945125,0.00234856,-1.76333e-05,1.01222e-05,0.00127432,0.000539415,0.000496574,128792,0
14.342,7.09006,0.9,7.09219,0.792681,7.16198,0.896252,-0.00909086,0.00223109,-1.62112e-05,9.64876e-06,0.00123243,0.000518633,0.000484858,128792,0
14.362,7.10006,0.9,7.10285,0.792257,7.17265,0.896155,-0.0093169,0.00226401,-1.63566e-05,9.7034e-06,0.00124356,0.000524231,0.000487899,128792,0
14.382,7.11006,0.9,7.11292,0.791854,7.18272,0.896061,-0.00946017,0.00229355,-1.64845e-05,9.75681e-06,0.00125417,0.000529572,0.000490947,128792,0
14.402,7.12006,0.9,7.12324,0.79144,7.19305,0.895963,-0.00939967,0.00232452,-1.66244e-05,9.81248e-06,0.00126516,0.000535076,0.000494,128792,0
14.422,7.13006,0.9,7.13302,0.791039,7.20262,0.896767,-0.01079,0.00220778,-1.52967e-05,9.35136e-06,0.00122352,0.000514448,0.000482478,128852,0
14.442,7.14006,0.9,7.1431,0.790616,7.21271,0.896658,-0.0108111,0.00223741,-1.54655e-05,9.41122e-06,0.00123395,0.000519734,0.000485517,128852,0
14.462,7.15006,0.9,7.15298,0.790196,7.22259,0.896551,-0.0116883,0.00226596,-1.5625e-05,9.47053e-06,0.00124428,0.000524959,0.000488564,128852,0
14.482,7.16006,0.9,7.16238,0.789792,7.232,0.896441,-0.0118475,0.00229202,-1.57822e-05,9.53173e-06,0.00125421,0.000529986,0.000491617,128852,0
14.502,7.17006,0.9,7.17226,0.789364,7.24189,0.896324,-0.0122544,0.00232057,-1.59636e-05,9.59685e-06,0.00126474,0.000535283,0.000494677,128852,0
14.522,7.18006,0.9,7.183,0.788897,7.25264,0.896192,-0.0120784,0.00235393,-1.6198e-05,9.66963e-06,0.00127631,0.000541042,0.000497743,128852,0
14.542,7.19006,0.9,7.19279,0.788474,7.26136,0.897033,-0.0112362,0.00223367,-1.49559e-05,9.22042e-06,0.00123386,0.000519963,0.00048596,128840,0
14.562,7.20006,0.9,7.20246,0.788053,7.27104,0.896924,-0.0119651,0.00226114,-1.51181e-05,9.28057e-06,0.00124398,0.000525096,0.000489012,128840,0
14.582,7.21006,0.9,7.21235,0.787622,7.28094,0.896805,-0.0115337,0.00228973,-1.53057e-05,9.34582e-06,0.00125442,0.000530368,0.00049207,128840,0
14.602,7.22006,0.9,7.22205,0.787201,7.29065,0.896693,-0.0112339,0.00231737,-1.54737e-05,9.40836e-06,0.00126478,0.000535587,0.000495135,128840,0
14.622,7.23006,0.9,7.23271,0.786737,7.30132,0.897504,-0.0115871,0.00220634,-1.4337e-05,8.9764e-06,0.00122407,0.000515362,0.000483577,126301,0
14.642,7.24006,0.9,7.24275,0.786287,7.31137,0.897387,-0.0131102,0.00223578,-1.45273e-05,9.03983e-06,0.00123448,0.000520648,0.000486628,126301,0
14.662,7.25006,0.9,7.25312,0.785814,7.32175,0.897251,-0.0130556,0.00226701,-1.47714e-05,9.11321e-06,0.00124534,0.00052613,0.000489685,126301,0
14.682,7.26006,0.9,7.26353,0.785339,7.33217,0.897115,-0.0130341,0.00229851,-1.50154e-05,9.18712e-06,0.00125637,0.000531672,0.000492749,126301,0
14.702,7.27006,0.9,7.27373,0.784876,7.34238,0.896982,-0.0127576,0.00232881,-1.52451e-05,9.26001e-06,0.00126728,0.000537145,0.00049582,126301,0
14.722,7.28006,0.9,7.28359,0.784423,7.35224,0.896856,-0.0138578,0.00235724,-1.54482e-05,9.3298e-06,0.00127793,0.000542484,0.000498897,126301,0
14.742,7.29006,0.9,7.29362,0.783959,7.36224,0.89768,-0.012932,0.00223786,-1.43285e-05,8.9054e-06,0.00123561,0.000521429,0.000487051,123760,0
14.762,7.30006,0.9,7.30363,0.783504,7.37226,0.89755,-0.0115203,0.00226716,-1.45499e-05,8.97566e-06,0.00124612,0.000526747,0.000490114,123760,0
14.782,7.31006,0.9,7.31401,0.783039,7.38265,0.89743,-0.0117256,0.00229847,-1.47536e-05,9.0415e-06,0.00125712,0.00053228,0.000493182,123760,0
14.802,7.32006,0.9,7.32478,0.782549,7.39343,0.897304,-0.0128171,0.00233197,-1.49811e-05,9.11105e-06,0.00126865,0.000538041,0.000496258,123760,0
14.822,7.33006,0.9,7.33439,0.782103,7.40305,0.897181,-0.0133836,0.00235913,-1.51745e-05,9.17956e-06,0.00127906,0.000543267,0.00049934,121372,0
14.842,7.34006,0.9,7.34385,0.781662,7.41247,0.898032,-0.0127468,0.00223653,-1.40383e-05,8.7567e-06,0.00123606,0.000521885,0.000487465,121372,0
14.862,7.35006,0.9,7.35309,0.781239,7.42171,0.897914,-0.011278,0.00226174,-1.42167e-05,8.82113e-06,0.00124575,0.000526827,0.000490532,121372,0
14.882,7.36006,0.9,7.36351,0.780762,7.43215,0.897796,-0.0123295,0.00229331,-1.4418e-05,8.88596e-06,0.0012568,0.00053239,0.000493606,121372,0
14.902,7.37006,0.9,7.37341,0.780307,7.44206,0.897674,-0.0118713,0.00232199,-1.46179e-05,8.95342e-06,0.00126741,0.00053773,0.000496687,121372,0
14.922,7.38006,0.9,7.38379,0.77983,7.45222,0.898474,-0.0116912,0.00220882,-1.35618e-05,8.54493e-06,0.00122621,0.000517234,0.000485041,123743,0
14.942,7.39006,0.9,7.39389,0.779368,7.46233,0.898356,-0.0109056,0.00223856,-1.37613e-05,8.6091e-06,0.00123672,0.000522571,0.000488107,123743,0
14.962,7.40006,0.9,7.40377,0.778915,7.47221,0.898248,-0.0117277,0.00226711,-1.39307e-05,8.66865e-06,0.0012471,0.000527838,0.000491179,123743,0
14.982,7.41006,0.9,7.41419,0.778433,7.48264,0.898126,-0.0117279,0.00229864,-1.41449e-05,8.73573e-06,0.00125817,0.000533409,0.000494259,123743,0
15.002,7.42006,0.9,7.42443,0.777958,7.4929,0.898005,-0.0118589,0.00232919,-1.43489e-05,8.80222e-06,0.00126917,0.000538929,0.000497345,123743,0
15.022,7.43006,0.9,7.4346,0.777492,7.50407,0.898824,-0.0101495,0.00221399,-1.33036e-05,8.39876e-06,0.00122763,0.000518249,0.000485652,118958,0
15.042,7.44006,0.9,7.44434,0.777053,7.51382,0.898725,-0.00976513,0.00224181,-1.34524e-05,8.45358e-06,0.00123778,0.000523423,0.000488723,118958,0
15.062,7.45006,0.9,7.4543,0.776604,7.5238,0.898628,-0.00995148,0.00227084,-1.36e-05,8.50801e-06,0.00124827,0.000528742,0.000491801,118958,0
15.082,7.46006,0.9,7.46417,0.776156,7.53367,0.898529,-0.0104276,0.00229933,-1.37471e-05,8.56321e-06,0.00125877,0.000534049,0.000494885,118958,0
15.102,7.47006,0.9,7.47363,0.77573,7.54314,0.898431,-0.00929714,0.0023257,-1.38878e-05,8.61901e-06,0.00126893,0.00053919,0.000497977,118958,0
15.122,7.48006,0.9,7.48414,0.775268,7.55466,0.898835,-0.00790459,0.00221283,-1.28423e-05,8.21379e-06,0.00122776,0.000518667,0.000486264,118927,0
15.142,7.49006,0.9,7.494,0.774835,7.56452,0.898757,-0.00880716,0.00224127,-1.29453e-05,8.25834e-06,0.00123804,0.000523906,0.00048934,118927,0
15.162,7.50006,0.9,7.50393,0.774395,7.57446,0.898669,-0.00864789,0.0022701,-1.30708e-05,8.30784e-06,0.0012485,0.000529217,0.000492423,118927,0
15.182,7.51006,0.9,7.51434,0.773932,7.58488,0.898579,-0.00906799,0.00230157,-1.32082e-05,8.35893e-06,0.00125959,0.000534801,0.000495513,118927,0
15.202,7.52006,0.9,7.52474,0.773465,7.59529,0.898485,-0.00955438,0.002333,-1.33552e-05,8.4125e-06,0.00127078,0.000540419,0.00049861,118927,0
15.222,7.53006,0.9,7.53489,0.773005,7.60614,0.898876,-0.00942865,0.00221725,-1.23498e-05,8.01386e-06,0.0012291,0.000519637,0.00048685,118824,0
15.242,7.54006,0.9,7.54438,0.772577,7.61564,0.898786,-0.00888992,0.00224376,-1.24767e-05,8.06393e-06,0.00123901,0.000524706,0.000489931,118824,0
15.262,7.55006,0.9,7.5539,0.772156,7.62516,0.898702,-0.00768287,0.00227041,-1.25919e-05,8.11194e-06,0.00124905,0.000529823,0.000493019,118824,0
15.282,7.56006,0.9,7.56403,0.771716,7.6353,0.898624,-0.00713894,0.00230036,-1.2698e-05,8.15694e-06,0.00125986,0.00053528,0.000496114,118824,0
15.302,7.57006,0.9,7.5741,0.771275,7.64538,0.898552,-0.00842894,0.00232992,-1.27881e-05,8.19923e-06,0.00127069,0.00054074,0.000499215,118824,0
15.322,7.58006,0.9,7.58412,0.770831,7.65611,0.898934,-0.00769408,0.00221382,-1.18051e-05,7.80342e-06,0.00122887,0.000519879,0.000487434,114112,0
15.342,7.59006,0.9,7.59419,0.770395,7.66619,0.898856,-0.00623121,0.00224342,-1.19135e-05,7.84755e-06,0.00123941,0.000525241,0.000490521,114112,0
15.362,7.60006,0.9,7.6049,0.769939,7.67691,0.89879,-0.00622909,0.0022766,-1.20007e-05,7.88667e-06,0.00125073,0.000530954,0.000493614,114112,0
15.382,7.61006,0.9,7.61466,0.769531,7.68668,0.898729,-0.00445234,0.00230454,-1.2065e-05,7.9231e-06,0.00126115,0.000536236,0.000496713,114112,0
15.402,7.62006,0.9,7.6241,0.769149,7.69613,0.898687,-0.00372651,0.00233078,-1.20843e-05,7.95039e-06,0.00127132,0.000541392,0.00049982,114112,0
15.422,7.63006,0.9,7.63468,0.768727,7.70671,0.898647,-0.0031273,0.0023632,-1.20993e-05,7.97654e-06,0.00128284,0.000547154,0.000502934,109322,0
15.442,7.64006,0.9,7.64444,0.768343,7.71636,0.898961,-0.00249802,0.00224164,-1.10415e-05,7.55676e-06,0.00123985,0.000525671,0.000490877,109322,0
15.462,7.65006,0.9,7.65415,0.767966,7.72608,0.898936,-0.0018517,0.00226931,-1.10243e-05,7.57476e-06,0.00125011,0.000530898,0.000493974,109322,0
15.482,7.66006,0.9,7.66379,0.767596,7.73573,0.898919,-0.00158415,0.00229659,-1.09922e-05,7.58967e-06,0.0012604,0.000536125,0.000497079,109322,0
15.502,7.67006,0.9,7.67341,0.767235,7.74536,0.898903,-0.00012687,0.00232378,-1.09539e-05,7.60335e-06,0.00127078,0.000541379,0.00050019,109322,0
15.522,7.68006,0.9,7.68315,0.766879,7.7551,0.898902,0.000424601,0.00235155,-1.08827e-05,7.61007e-06,0.00128137,0.000546723,0.000503308,99609.2,0
15.542,7.69006,0.9,7.69367,0.766492,7.76566,0.899187,-0.000366448,0.00223562,-9.8569e-06,7.18623e-06,0.00123928,0.000525656,0.000491258,99609.2,0
15.562,7.70006,0.9,7.70363,0.766116,7.77562,0.899184,-0.00141852,0.00226458,-9.79397e-06,7.19375e-06,0.00124981,0.000531009,0.00049436,99609.2,0
15.582,7.71006,0.9,7.71347,0.765734,7.78547,0.89917,-0.00242058,0.0022929,-9.75585e-06,7.2064e-06,0.00126031,0.000536339,0.000497468,99609.2,0
15.602,7.72006,0.9,7.7238,0.765333,7.79581,0.899145,-0.00138056,0.00232393,-9.74289e-06,7.22461e-06,0.00127146,0.000541953,0.000500584,99609.2,0
15.622,7.73006,0.9,7.73456,0.764923,7.80679,0.899327,-0.00104819,0.00221268,-8.88166e-06,6.82779e-06,0.00123034,0.000521381,0.000488744,94716,0
15.642,7.74006,0.9,7.74438,0.764549,7.81662,0.899316,-0.000999405,0.00224092,-8.83874e-06,6.83825e-06,0.00124063,0.000526641,0.000491844,94716,0
15.662,7.75006,0.9,7.75393,0.764181,7.82618,0.899307,-0.00206626,0.00226775,-8.79511e-06,6.84838e-06,0.00125075,0.000531805,0.000494951,94716,0
15.682,7.76006,0.9,7.76415,0.763783,7.83641,0.899286,-0.00168187,0.00229815,-8.77653e-06,6.86427e-06,0.00126168,0.000537334,0.000498064,94716,0
15.702,7.77006,0.9,7.77439,0.763393,7.84665,0.899268,-0.000262545,0.00232864,-8.74816e-06,6.8783e-06,0.00127274,0.00054291,0.000501185,94716,0
15.722,7.78006,0.9,7.78443,0.763015,7.85671,0.899266,-0.000660134,0.0023581,-8.68528e-06,6.88508e-06,0.00128371,0.000548428,0.000504312,94716,0
15.742,7.79006,0.9,7.7946,0.762632,7.86547,0.899486,-0.000385657,0.00223934,-7.89638e-06,6.48978e-06,0.00124107,0.000527067,0.000492194,84852.2,0
15.762,7.80006,0.9,7.80382,0.762288,7.8747,0.899483,0.000161569,0.00226446,-7.84431e-06,6.49665e-06,0.00125083,0.000532072,0.000495305,84852.2,0
15.782,7.81006,0.9,7.81374,0.761917,7.88463,0.899485,-0.000344628,0.00229326,-7.77598e-06,6.50097e-06,0.00126145,0.000537462,0.000498423,84852.2,0
15.802,7.82006,0.9,7.82344,0.761552,7.89433,0.899481,-0.000347455,0.00232085,-7.72059e-06,6.50775e-06,0.00127193,0.000542774,0.000501547,84852.2,0
15.822,7.83006,0.9,7.83367,0.761166,7.90398,0.899703,-0.000424613,0.00220698,-7.02318e-06,6.13137e-06,0.00123022,0.000521899,0.000489666,74934.9,0
15.842,7.84006,0.9,7.84361,0.760792,7.91392,0.899699,-5.80541e-05,0.00223583,-6.97225e-06,6.13824e-06,0.00124065,0.000527228,0.000492775,74934.9,0
15.862,7.85006,0.9,7.85378,0.760408,7.9241,0.899698,-0.000623071,0.00226595,-6.91121e-06,6.14333e-06,0.00125143,0.000532711,0.000495891,74934.9,0
15.882,7.86006,0.9,7.86414,0.760014,7.93447,0.899692,-0.000550111,0.00229717,-6.86345e-06,6.15134e-06,0.00126254,0.000538328,0.000499013,74934.9,0
15.902,7.87006,0.9,7.87439,0.759629,7.94473,0.899686,0.000467252,0.00232771,-6.81412e-06,6.15896e-06,0.00127363,0.000543923,0.000502143,74934.9,0
15.922,7.88006,0.9,7.88552,0.759214,7.95751,0.899902,3.45975e-05,0.00221819,-6.17196e-06,5.79072e-06,0.00123274,0.000523407,0.000490217,49999.4,0
15.942,7.89006,0.9,7.89613,0.758814,7.96813,0.899902,-0.000238437,0.00225078,-6.10954e-06,5.79503e-06,0.00124391,0.000529078,0.00049333,49999.4,0
15.962,7.90006,0.9,7.90544,0.758457,7.97744,0.8999,-0.00131318,0.00227636,-6.06047e-06,5.80063e-06,0.00125381,0.000534145,0.000496451,49999.4,0
15.982,7.91006,0.9,7.91579,0.758053,7.9878,0.899887,-0.00152834,0.0023075,-6.03392e-06,5.81188e-06,0.00126493,0.000539765,0.000499578,49999.4,0
16.002,7.92006,0.9,7.92571,0.757663,7.99773,0.899871,-0.00168294,0.00233628,-6.01193e-06,5.82398e-06,0.0012757,0.000545208,0.000502712,49999.4,0
16.022,7.93006,0.9,7.9352,0.757288,7.93938,0.900329,-0.00201886,0.00221656,-5.50494e-06,5.47922e-06,0.00123293,0.000523797,0.000490738,19885.4,0
16.042,7.94006,0.9,7.94531,0.756885,7.9495,0.900308,-0.00229129,0.00224638,-5.49888e-06,5.49348e-06,0.00124358,0.000529232,0.000493855,19885.4,0
16.062,7.95006,0.9,7.95548,0.756483,7.95968,0.900285,-0.0014292,0.00227651,-5.49954e-06,5.50925e-06,0.00125441,0.000534732,0.00049698,19885.4,0
16.082,7.96006,0.9,7.96564,0.756083,7.96985,0.900271,-0.00169275,0.00230659,-5.47866e-06,5.52074e-06,0.00126533,0.000540265,0.000500112,19885.4,0
16.102,7.97006,0.9,7.97582,0.755679,7.98003,0.900253,-0.00230617,0.00233675,-5.46409e-06,5.53363e-06,0.00127639,0.000545843,0.00050325,19885.4,0
16.122,7.98006,0.9,7.98543,0.755294,7.98965,0.900514,-0.00188962,0.0023639,-5.35025e-06,5.55206e-06,0.0012337,0.000524455,0.000491248,0,0
16.142,7.99006,0.9,7.99544,0.754892,7.99967,0.900495,-0.00270879,0.00239315,-5.33989e-06,5.56564e-06,0.00124426,0.000529846,0.00049437,0,1
16.162,8.00006,0.9,8.00528,0.75449,8.00952,0.900468,-0.00299967,0.00242151,-5.34761e-06,5.58312e-06,0.00125475,0.000535192,0.000497499,0,1
16.182,8.01006,0.9,8.01485,0.754097,8.0191,0.900439,-0.00307636,0.00244844,-5.35939e-06,5.60172e-06,0.00126504,0.000540439,0.000500635,0,1
16.202,8.02006,0.9,8.02475,0.753689,8.02901,0.900409,-0.00326046,0.00247712,-5.37549e-06,5.62131e-06,0.00127581,0.000545888,0.000503778,0,1
16.222,8.03006,0.9,8.03481,0.753264,8.03907,0.900653,-0.00493979,0.00250662,-5.29043e-06,5.64233e-06,0.00123363,0.000524721,0.000491764,0,1
16.242,8.04006,0.9,8.04459,0.752843,8.04886,0.900605,-0.0047187,0.00253466,-5.34807e-06,5.67046e-06,0.00124395,0.000530008,0.000494891,0,1
16.262,8.05006,0.9,8.05465,0.752408,8.05894,0.900557,-0.00519811,0.00256421,-5.40499e-06,5.69836e-06,0.00125467,0.000535472,0.000498024,0,1
16.282,8.06006,0.9,8.06462,0.751978,8.06891,0.900505,-0.00449803,0.00259324,-5.47099e-06,5.72859e-06,0.00126541,0.000540924,0.000501165,0,1
16.302,8.07006,0.9,8.0747,0.751546,8.079,0.90046,-0.00464239,0.0026229,-5.52181e-06,5.75578e-06,0.00127638,0.000546472,0.000504312,0,1
16.322,8.08006,0.9,8.08462,0.751116,8.08893,0.900414,-0.00528064,0.00265168,-5.57283e-06,5.78348e-06,0.00128728,0.000551975,0.000507466,0,1
16.342,8.09006,0.9,8.09456,0.750684,8.09887,0.900654,-0.00489322,0.00268054,-5.52674e-06,5.81534e-06,0.00124412,0.000530277,0.000495184,0,1
16.362,8.10006,0.9,8.10467,0.75024,8.10899,0.900605,-0.00581349,0.00271034,-5.58722e-06,5.84436e-06,0.0012549,0.000535768,0.000498321,0,1
16.382,8.11006,0.9,8.11575,0.749739,8.12009,0.90054,-0.00740441,0.00274572,-5.69312e-06,5.88104e-06,0.00126685,0.000541785,0.000501465,0,1
16.402,8.12006,0.9,8.1252,0.749306,8.12955,0.90047,-0.00694567,0.00277202,-5.79402e-06,5.92073e-06,0.00127715,0.000547021,0.000504617,0,1
16.422,8.13006,0.9,8.13519,0.748844,8.13955,0.900774,-0.00802636,0.0028012,-5.78177e-06,5.96176e-06,0.0012348,0.000525751,0.000492555,0,1
16.442,8.14006,0.9,8.14471,0.748394,8.14908,0.900698,-0.00883489,0.00282786,-5.89839e-06,6.00406e-06,0.00124486,0.000530921,0.000495689,0,1
16.462,8.15006,0.9,8.15536,0.747882,8.15974,0.900603,-0.00956108,0.00286073,-6.07418e-06,6.05546e-06,0.00125625,0.000536692,0.00049883,0,1
16.482,8.16006,0.9,8.16515,0.747407,8.16954,0.90051,-0.00950834,0.00288884,-6.2328e-06,6.10697e-06,0.00126682,0.000542072,0.000501979,0,1
16.502,8.16006,0.9,8.16515,0.747407,8.17967,0.900413,-0.00919963,0.00291869,-6.40211e-06,6.16011e-06,0.00127785,0.000547651,0.000505134,0,1
16.522,8.18006,0.9,8.18539,0.746429,8.1898,0.900703,-0.00928695,0.00294855,-6.42761e-06,6.21858e-06,0.00123559,0.000526402,0.000493043,0,1
16.542,8.19006,0.9,8.19521,0.745953,8.19964,0.900612,-0.00920556,0.00297682,-6.5805e-06,6.26851e-06,0.00124599,0.000531731,0.000496182,0,1
16.562,8.20006,0.9,8.20426,0.74551,8.2087,0.900529,-0.0100274,0.00300115,-6.70285e-06,6.31484e-06,0.00125567,0.000536715,0.000499328,0,1
16.582,8.21006,0.9,8.21497,0.744977,8.21941,0.900421,-0.0111132,0.0030343,-6.90939e-06,6.3735e-06,0.00126723,0.000542557,0.00050248,0,1
16.602,8.22006,0.9,8.22435,0.744506,8.22881,0.900317,-0.0106337,0.00306026,-7.08095e-06,6.431e-06,0.00127747,0.000547773,0.00050564,0,1
16.622,8.23006,0.9,8.23392,0.744036,8.23839,0.900648,-0.00864805,0.0030872,-7.09463e-06,6.50022e-06,0.00123465,0.000526254,0.000493535,0,1
16.642,8.24006,0.9,8.24371,0.743568,8.24819,0.900563,-0.0076732,0.00311534,-7.22917e-06,6.54724e-06,0.00124502,0.000531578,0.000496678,0,1
16.662,8.25006,0.9,8.25344,0.743106,8.25793,0.900489,-0.00781521,0.00314311,-7.33839e-06,6.58956e-06,0.00125543,0.000536903,0.000499827,0,1
16.682,8.26006,0.9,8.26299,0.742654,8.26749,0.900414,-0.00756567,0.00316994,-7.4446e-06,6.63214e-06,0.00126574,0.000542175,0.000502984,0,1
16.702,8.27006,0.9,8.27241,0.742211,8.27692,0.900343,-0.00692092,0.00319611,-7.54101e-06,6.67331e-06,0.00127601,0.000547417,0.000506148,0,1
16.722,8.28006,0.9,8.28254,0.741735,8.28706,0.900272,-0.00763888,0.00322603,-7.64166e-06,6.71416e-06,0.00128717,0.000553055,0.000509319,0,1
16.742,8.29006,0.9,8.29272,0.741253,8.29725,0.900525,-0.00727587,0.00325621,-7.58931e-06,6.77712e-06,0.00124426,0.000531425,0.000496969,0,1
16.762,8.30006,0.9,8.30237,0.740798,8.30692,0.900455,-0.00716373,0.00328359,-7.6853e-06,6.81747e-06,0.00125458,0.000536718,0.000500122,0,1
16.782,8.31006,0.9,8.31157,0.740363,8.31613,0.900389,-0.00716591,0.00330865,-7.76629e-06,6.85592e-06,0.00126451,0.00054182,0.000503282,0,1
16.802,8.32006,0.9,8.32154,0.739891,8.3261,0.900317,-0.00763801,0.00333766,-7.86676e-06,6.89737e-06,0.00127537,0.00054734,0.000506449,0,1
16.822,8.33006,0.9,8.33192,0.739388,8.33649,0.900609,-0.00879615,0.00336898,-7.81491e-06,6.96108e-06,0.00123356,0.000526271,0.000494342,0,1
16.842,8.34006,0.9,8.34211,0.738892,8.3467,0.900519,-0.00783624,0.00339927,-7.96256e-06,7.01103e-06,0.00124435,0.000531803,0.000497492,0,1
16.862,8.35006,0.9,8.35168,0.738428,8.35628,0.900444,-0.00835867,0.00342622,-8.06625e-06,7.05401e-06,0.00125459,0.000537062,0.00050065,0,1
16.882,8.36006,0.9,8.36176,0.737932,8.36638,0.90036,-0.00942279,0.00345588,-8.1973e-06,7.10191e-06,0.00126549,0.000542613,0.000503814,0,1
16.902,8.37006,0.9,8.37165,0.73744,8.37627,0.900266,-0.00918695,0.0034845,-8.34554e-06,7.15462e-06,0.00127628,0.000548103,0.000506986,0,1
16.922,8.38006,0.9,8.3815,0.736953,8.38613,0.900517,-0.00872304,0.00351289,-8.29816e-06,7.22775e-06,0.00123383,0.00052672,0.000494845,0,1
16.942,8.39006,0.9,8.39166,0.736449,8.39631,0.900428,-0.00913072,0.003543,-8.44012e-06,7.2775e-06,0.0012446,0.000532244,0.000497999,0,1
16.962,8.40006,0.9,8.40153,0.735958,8.40618,0.900338,-0.00889779,0.00357151,-8.58005e-06,7.32828e-06,0.00125517,0.000537657,0.00050116,0,1
16.982,8.41006,0.9,8.41141,0.735465,8.41608,0.90025,-0.00933804,0.00360014,-8.71443e-06,7.37836e-06,0.00126586,0.000543119,0.000504329,0,1
17.002,8.42006,0.9,8.42151,0.73496,8.42619,0.900155,-0.00913442,0.00362989,-8.86591e-06,7.43194e-06,0.0012769,0.000548724,0.000507504,0,1
17.022,8.43006,0.9,8.43169,0.734451,8.43638,0.900449,-0.00909133,0.00366007,-8.81183e-06,7.51037e-06,0.00123475,0.000527464,0.000495335,0,1
17.042,8.44006,0.9,8.44195,0.733938,8.44666,0.900355,-0.00880826,0.00369073,-8.96367e-06,7.56272e-06,0.00124564,0.000533045,0.000498493,0,1
17.062,8.45006,0.9,8.45232,0.73342,8.45704,0.900264,-0.00884868,0.00372202,-9.11145e-06,7.61447e-06,0.00125677,0.00053872,0.000501658,0,1
17.082,8.46006,0.9,8.46177,0.732949,8.4665,0.90018,-0.00867124,0.00374832,-9.2267e-06,7.66263e-06,0.00126701,0.000543967,0.000504831,0,1
17.102,8.47006,0.9,8.47201,0.732435,8.47675,0.900091,-0.00930776,0.00377887,-9.36417e-06,7.71375e-06,0.00127822,0.000549652,0.00050801,0,1
17.122,8.48006,0.9,8.48223,0.731915,8.48699,0.899996,-0.0101198,0.00380931,-9.5157e-06,7.76844e-06,0.00128952,0.000555366,0.000511196,0,1
17.142,8.49006,0.9,8.49221,0.731404,8.49698,0.900341,-0.00971612,0.00383842,-9.45376e-06,7.85722e-06,0.00124622,0.000533493,0.000498741,0,1
17.162,8.50006,0.9,8.50219,0.730893,8.50697,0.900244,-0.00961377,0.00386751,-9.60568e-06,7.91203e-06,0.00125693,0.000538973,0.000501909,0,1
17.182,8.51006,0.9,8.51195,0.730394,8.51674,0.90015,-0.00968023,0.00389546,-9.74594e-06,7.96566e-06,0.00126752,0.000544384,0.000505085,0,1
17.202,8.52006,0.9,8.52209,0.729877,8.5269,0.900052,-0.0090248,0.00392549,-9.90164e-06,8.02185e-06,0.00127863,0.000550026,0.000508267,0,1
17.222,8.53006,0.9,8.53236,0.729359,8.53718,0.900355,-0.00849428,0.00395621,-9.8145e-06,8.10809e-06,0.00123645,0.000528727,0.000496046,0,1
17.242,8.54006,0.9,8.54209,0.72887,8.54692,0.900272,-0.00828631,0.00398397,-9.92726e-06,8.15576e-06,0.0012468,0.000534054,0.000499211,0,1
17.262,8.55006,0.9,8.55205,0.728372,8.55689,0.90019,-0.00795899,0.00401297,-1.00417e-05,8.20367e-06,0.0012575,0.000539533,0.000502383,0,1
17.282,8.56006,0.9,8.56197,0.727877,8.56683,0.900111,-0.00807115,0.00404179,-1.01465e-05,8.25013e-06,0.00126827,0.000545032,0.000505562,0,1
17.302,8.57006,0.9,8.57177,0.727384,8.57663,0.900032,-0.00862351,0.00406992,-1.0249e-05,8.29692e-06,0.00127902,0.000550504,0.000508749,0,1
17.322,8.58006,0.9,8.58179,0.726881,8.58666,0.900347,-0.0076075,0.00409924,-1.01324e-05,8.3817e-06,0.00123653,0.000529051,0.000496504,0,1
17.342,8.59006,0.9,8.59109,0.726418,8.59598,0.900276,-0.00758901,0.00412481,-1.02111e-05,8.42375e-06,0.00124643,0.000534173,0.000499672,0,1
17.362,8.60006,0.9,8.60077,0.725943,8.60567,0.900202,-0.00596347,0.00415234,-1.02987e-05,8.46741e-06,0.00125684,0.00053952,0.000502848,0,1
17.382,8.61006,0.9,8.61109,0.725439,8.616,0.900141,-0.00716177,0.00418329,-1.03623e-05,8.50533e-06,0.00126804,0.000545222,0.000506031,0,1
17.402,8.62006,0.9,8.62076,0.724963,8.62569,0.900071,-0.00672964,0.0042108,-1.04387e-05,8.54743e-06,0.00127865,0.00055064,0.000509222,0,1
17.422,8.63006,0.9,8.63126,0.724451,8.6362,0.900001,-0.00615677,0.00424278,-1.05247e-05,8.59047e-06,0.00129028,0.000556514,0.000512419,0,1
17.442,8.64006,0.9,8.64099,0.72398,8.64594,0.900311,-0.00554554,0.00427056,-1.03335e-05,8.66359e-06,0.00124665,0.000534449,0.000499905,0,1
17.462,8.65006,0.9,8.65137,0.723479,8.65633,0.900254,-0.00594003,0.00430186,-1.0386e-05,8.6995e-06,0.00125781,0.000540149,0.000503084,0,1
17.482,8.66006,0.9,8.66096,0.723011,8.66593,0.900197,-0.00636115,0.0043289,-1.0432e-05,8.73532e-06,0.00126823,0.00054549,0.00050627,0,1
17.502,8.67006,0.9,8.67083,0.722527,8.67581,0.900134,-0.00638181,0.00435741,-1.04925e-05,8.77431e-06,0.00127906,0.000551008,0.000509464,0,1
17.522,8.68006,0.9,8.68095,0.722034,8.68594,0.900427,-0.00544441,0.00438733,-1.0319e-05,8.8458e-06,0.00123668,0.000529584,0.00049719,0,1
17.542,8.69006,0.9,8.69102,0.721545,8.69602,0.900372,-0.00584652,0.00441692,-1.03617e-05,8.88033e-06,0.00124741,0.000535098,0.000500366,0,1
17.562,8.70006,0.9,8.70112,0.721051,8.70614,0.900313,-0.00591595,0.0044467,-1.0414e-05,8.91719e-06,0.00125829,0.000540667,0.000503548,0,1
17.582,8.71006,0.9,8.71191,0.720517,8.71694,0.900249,-0.0071638,0.00448033,-1.04818e-05,8.95667e-06,0.00127002,0.000546619,0.000506738,0,1
17.602,8.72006,0.9,8.72205,0.720007,8.72709,0.900176,-0.00740556,0.00451031,-1.05655e-05,9.00088e-06,0.00128117,0.000552283,0.000509935,0,1
17.622,8.73006,0.9,8.73257,0.719474,8.73762,0.900523,-0.00753011,0.00454242,-1.04252e-05,9.07707e-06,0.00123906,0.000530962,0.000497615,0,1
17.642,8.74006,0.9,8.74277,0.718951,8.74783,0.900447,-0.00842478,0.00457275,-1.05196e-05,9.12279e-06,0.00124996,0.00053655,0.000500794,0,1
17.662,8.75006,0.9,8.75235,0.718457,8.75742,0.900366,-0.00817821,0.00459974,-1.06157e-05,9.17075e-06,0.0012603,0.000541864,0.00050398,0,1
17.682,8.76006,0.9,8.76236,0.717944,8.76745,0.900284,-0.00739602,0.00462906,-1.07186e-05,9.21963e-06,0.00127122,0.000547435,0.000507173,0,1
17.702,8.77006,0.9,8.77248,0.717428,8.77759,0.900209,-0.00772146,0.00465895,-1.08049e-05,9.26523e-06,0.00128237,0.000553098,0.000510374,0,1
17.722,8.78006,0.9,8.7819,0.71695,8.78702,0.900589,-0.00660547,0.00468512,-1.06353e-05,9.33915e-06,0.001239,0.000531175,0.00049802,0,1
17.742,8.79006,0.9,8.79174,0.716456,8.79687,0.900524,-0.0063004,0.00471349,-1.06958e-05,9.37922e-06,0.00124951,0.000536589,0.000501203,0,1
17.762,8.80006,0.9,8.80196,0.715949,8.8071,0.900459,-0.00555638,0.00474391,-1.07566e-05,9.41923e-06,0.00126054,0.00054223,0.000504392,0,1
17.782,8.81006,0.9,8.8113,0.715486,8.81645,0.900407,-0.00610143,0.00476964,-1.07831e-05,9.45316e-06,0.00127072,0.000547461,0.000507589,0,1
17.802,8.82006,0.9,8.8215,0.714974,8.82666,0.900345,-0.00662859,0.00479998,-1.08372e-05,9.49257e-06,0.00128196,0.000553172,0.000510793,0,1
17.822,8.83006,0.9,8.83184,0.714451,8.83701,0.900707,-0.00653701,0.00483108,-1.06648e-05,9.56178e-06,0.00123959,0.000531707,0.000498429,0,1
17.842,8.84006,0.9,8.84205,0.713934,8.84724,0.90064,-0.00647399,0.00486145,-1.07297e-05,9.60293e-06,0.00125052,0.000537311,0.000501615,0,1
17.862,8.85006,0.9,8.85223,0.713424,8.85743,0.900574,-0.00546719,0.00489165,-1.07916e-05,9.64391e-06,0.00126152,0.000542939,0.000504807,0,1
17.882,8.86006,0.9,8.86352,0.71287,8.86874,0.900512,-0.00429109,0.0049283,-1.0849e-05,9.68304e-06,0.00127387,0.000549169,0.000508008,0,1
17.902,8.87006,0.9,8.87429,0.71235,8.87952,0.900466,-0.00395164,0.00496183,-1.08628e-05,9.71449e-06,0.00128577,0.000555175,0.000511215,0,1
17.922,8.88006,0.9,8.88389,0.711891,8.88913,0.900797,-0.00291276,0.00498894,-1.06162e-05,9.76672e-06,0.00124233,0.000533192,0.000498784,0,1
17.942,8.89006,0.9,8.89397,0.711416,8.89922,0.900767,-0.00244456,0.00501859,-1.05882e-05,9.78936e-06,0.00125314,0.000538737,0.000501973,0,1
17.962,8.90006,0.9,8.90354,0.710968,8.9088,0.900744,-0.00236653,0.00504553,-1.05476e-05,9.80911e-06,0.00126351,0.000544065,0.000505169,0,1
17.982,8.91006,0.9,8.91373,0.71049,8.919,0.90072,-0.00233899,0.00507578,-1.05058e-05,9.82932e-06,0.00127466,0.000549742,0.000508372,0,1
18.002,8.92006,0.9,8.92391,0.710012,8.92919,0.900696,-0.00248243,0.005106,-1.04631e-05,9.84946e-06,0.00128592,0.000555455,0.000511583,0,1
18.022,8.93006,0.9,8.93435,0.709525,8.93964,0.90067,-0.00175156,0.00513762,-1.04242e-05,9.87077e-06,0.00129758,0.000561336,0.000514801,0,1
18.042,8.94006,0.9,8.94415,0.709071,8.94945,0.900653,-0.00150568,0.00516578,-1.03669e-05,9.88767e-06,0.00130865,0.000566931,0.000518026,0,1
18.062,8.95006,0.9,8.95428,0.708603,8.95959,0.900957,-0.00165886,0.00519568,-1.00808e-05,9.92043e-06,0.00126404,0.000544269,0.000505071,0,1
18.082,8.96006,0.9,8.96443,0.708127,8.96975,0.90094,-0.00251366,0.0052257,-1.00206e-05,9.93699e-06,0.00127515,0.000549925,0.000508276,0,1
18.102,8.97006,0.9,8.97432,0.707657,8.97965,0.900915,-0.00273919,0.00525434,-9.98038e-06,9.95772e-06,0.0012861,0.000555492,0.000511489,0,1
18.122,8.98006,0.9,8.98463,0.707172,8.98997,0.901133,-0.00159168,0.00528525,-9.74301e-06,9.98874e-06,0.00124338,0.00053384,0.000499046,0,1
18.142,8.99006,0.9,8.99434,0.706724,8.9997,0.901118,-0.000376541,0.00531296,-9.6816e-06,1.00045e-05,0.00125381,0.000539211,0.00050224,0,1
18.162,9.00006,0.9,9.00399,0.706285,9.00935,0.901114,-0.000650489,0.00534028,-9.59333e-06,1.00144e-05,0.00126427,0.000544581,0.000505442,0,1
18.182,9.01006,0.9,9.01371,0.705842,9.01909,0.901108,-0.000297943,0.00536803,-9.5104e-06,1.00257e-05,0.00127492,0.00055003,0.00050865,0,1
18.202,9.02006,0.9,9.02342,0.7054,9.0288,0.901105,-0.000570475,0.00539565,-9.41966e-06,1.00353e-05,0.00128566,0.000555503,0.000511866,0,1
18.222,9.03006,0.9,9.03424,0.704905,9.03963,0.901396,-0.00041393,0.0054295,-9.14338e-06,1.00456e-05,0.00124352,0.000534114,0.000499415,0,1
18.242,9.04006,0.9,9.04425,0.704449,9.04965,0.901392,-0.000150048,0.00545875,-9.05263e-06,1.00557e-05,0.00125427,0.000539635,0.000502613,0,1
18.262,9.05006,0.9,9.05402,0.704004,9.05943,0.90139,-0.000155645,0.00548675,-8.95765e-06,1.00645e-05,0.00126488,0.000545076,0.000505817,0,1
18.282,9.06006,0.9,9.06341,0.703574,9.06883,0.901389,-0.000621388,0.00551277,-8.86627e-06,1.00733e-05,0.00127517,0.000550361,0.000509029,0,1
18.302,9.07006,0.9,9.07359,0.703104,9.07902,0.901383,-0.000890116,0.00554296,-8.77888e-06,1.00846e-05,0.00128644,0.000556084,0.000512248,0,1
18.322,9.08006,0.9,9.08419,0.70262,9.08963,0.901689,0.000556658,0.00557551,-8.53548e-06,1.00861e-05,0.00124401,0.000534543,0.000499772,0,1
18.342,9.09006,0.9,9.09399,0.702175,9.09944,0.901695,-9.35443e-06,0.00560366,-8.42379e-06,1.00914e-05,0.00125455,0.000539966,0.000502973,0,1
18.362,9.10006,0.9,9.10395,0.701714,9.10941,0.901694,-0.00140225,0.00563265,-8.32342e-06,1.00994e-05,0.00126536,0.000545506,0.00050618,0,1
18.382,9.11006,0.9,9.11304,0.701287,9.11851,0.901682,-0.00112676,0.00565714,-8.25887e-06,1.01139e-05,0.00127533,0.000550642,0.000509395,0,1
18.402,9.12006,0.9,9.12306,0.700817,9.12854,0.90167,-0.00122763,0.00568649,-8.18416e-06,1.01277e-05,0.00128643,0.000556292,0.000512618,0,1
18.422,9.13006,0.9,9.13291,0.700352,9.1384,0.901914,-0.00160866,0.00571487,-7.97517e-06,1.0121e-05,0.00124319,0.000534364,0.000500128,0,1
18.442,9.14006,0.9,9.14275,0.699886,9.14825,0.901898,-0.00131938,0.00574324,-7.91254e-06,1.0137e-05,0.00125377,0.000539813,0.000503332,0,1
18.462,9.15006,0.9,9.15266,0.699421,9.15818,0.901885,-0.000605244,0.00577201,-7.84273e-06,1.01515e-05,0.00126454,0.000545337,0.000506542,0,1
18.482,9.16006,0.9,9.1622,0.698972,9.16772,0.901879,-0.00165456,0.00579877,-7.75884e-06,1.01625e-05,0.00127499,0.000550706,0.00050976,0,1
18.502,9.17006,0.9,9.17213,0.698491,9.17767,0.901862,-0.00316188,0.00582765,-7.69638e-06,1.01789e-05,0.001286,0.000556315,0.000512986,0,1
18.522,9.18006,0.9,9.18231,0.697997,9.18786,0.902133,-0.00162063,0.00585784,-7.55043e-06,1.01738e-05,0.00124315,0.000534559,0.000500488,0,1
18.542,9.19006,0.9,9.19255,0.697507,9.1981,0.902117,-0.00185091,0.00588833,-7.48666e-06,1.01901e-05,0.00125415,0.000540209,0.000503694,0,1
18.562,9.20006,0.9,9.2021,0.697048,9.20767,0.902099,-0.00168148,0.00591521,-7.42925e-06,1.0207e-05,0.00126454,0.000545558,0.000506908,0,1
18.582,9.21006,0.9,9.21191,0.696579,9.21749,0.902082,-0.00147006,0.00594338,-7.36735e-06,1.02234e-05,0.00127529,0.000551068,0.000510129,0,1
18.602,9.22006,0.9,9.22162,0.696114,9.22721,0.902068,-0.00147017,0.00597108,-7.30069e-06,1.02387e-05,0.00128606,0.00055657,0.000513357,0,1
18.622,9.23006,0.9,9.23171,0.695637,9.23731,0.902292,-0.000435977,0.00600077,-7.1285e-06,1.02183e-05,0.0012431,0.000534755,0.000500845,0,1
18.642,9.24006,0.9,9.242,0.695159,9.24761,0.902287,0.00059982,0.00603156,-7.03427e-06,1.02285e-05,0.00125417,0.000540437,0.000504054,0,1
18.662,9.25006,0.9,9.25211,0.694692,9.25773,0.902293,2.40888e-05,0.0060614,-6.91613e-06,1.02333e-05,0.00126516,0.000546071,0.000507271,0,1
18.682,9.26006,0.9,9.26153,0.694258,9.26716,0.902294,0.000864811,0.00608757,-6.81911e-06,1.02412e-05,0.00127551,0.000551392,0.000510495,0,1
18.702,9.27006,0.9,9.27097,0.693829,9.27661,0.902302,0.00140239,0.0061138,-6.70425e-06,1.02449e-05,0.00128597,0.000556756,0.000513726,0,1
18.722,9.28006,0.9,9.28117,0.693368,9.28682,0.902316,0.0013976,0.00614411,-6.56517e-06,1.02455e-05,0.00129739,0.00056255,0.000516965,0,1
18.742,9.29006,0.9,9.29148,0.692904,9.29714,0.902571,0.00211845,0.00617506,-6.34558e-06,1.01993e-05,0.00125383,0.000540378,0.000504183,0,1
18.762,9.30006,0.9,9.30146,0.69246,9.30713,0.902592,0.00237415,0.00620414,-6.19367e-06,1.01965e-05,0.00126467,0.000545944,0.000507402,0,1
18.782,9.31006,0.9,9.31146,0.692012,9.31714,0.902616,0.0016488,0.00623334,-6.03539e-06,1.01922e-05,0.00127565,0.00055156,0.000510628,0,1
18.802,9.32006,0.9,9.32091,0.691582,9.3266,0.902631,0.00114261,0.00625967,-5.90422e-06,1.01921e-05,0.00128614,0.000556936,0.000513862,0,1
18.822,9.33006,0.9,9.33079,0.691139,9.33649,0.902643,0.00289954,0.00628826,-5.77708e-06,1.01941e-05,0.0012972,0.00056257,0.000517104,0,1
18.842,9.34006,0.9,9.34122,0.690682,9.34692,0.902886,0.0032634,0.0063198,-5.54516e-06,1.01286e-05,0.00125377,0.000540454,0.00050432,0,1
18.862,9.35006,0.9,9.35108,0.690252,9.3568,0.902918,0.00366586,0.00634829,-5.36978e-06,1.012e-05,0.00126449,0.000545967,0.000507541,0,1
18.882,9.36006,0.9,9.36179,0.689789,9.36751,0.902957,0.00390648,0.00638143,-5.1615e-06,1.01077e-05,0.00127625,0.000551945,0.00051077,0,1
18.902,9.37006,0.9,9.37157,0.689369,9.37731,0.902996,0.00429398,0.00640948,-4.97423e-06,1.00958e-05,0.00128711,0.000557493,0.000514006,0,1
18.922,9.38006,0.9,9.38173,0.688935,9.38748,0.903181,0.00449139,0.00643958,-4.74349e-06,1.0013e-05,0.00124415,0.000535655,0.000501455,0,1
18.942,9.39006,0.9,9.3913,0.688524,9.39706,0.903224,0.00407205,0.00646651,-4.54985e-06,9.99891e-06,0.00125446,0.000540988,0.000504672,0,1
18.962,9.40006,0.9,9.401,0.688112,9.40676,0.903263,0.00533063,0.0064941,-4.36201e-06,9.9864e-06,0.00126501,0.000546422,0.000507896,0,1
18.982,9.41006,0.9,9.41013,0.687725,9.4159,0.903312,0.00439701,0.0065188,-4.16595e-06,9.96907e-06,0.00127504,0.000551604,0.000511128,0,1
19.002,9.42006,0.9,9.4196,0.687315,9.42538,0.903354,0.00339313,0.0065452,-3.97857e-06,9.95516e-06,0.00128554,0.000556995,0.000514367,0,1
19.022,9.43006,0.9,9.42919,0.686899,9.43497,0.903592,0.00459819,0.00657222,-3.81888e-06,9.86429e-06,0.00124208,0.000534916,0.000501824,0,1
19.042,9.44006,0.9,9.43969,0.686449,9.44548,0.90364,0.00444274,0.00660419,-3.5943e-06,9.84727e-06,0.00125338,0.00054072,0.000505043,0,1
19.062,9.45006,0.9,9.44961,0.686026,9.45542,0.903685,0.00513927,0.00663301,-3.39253e-06,9.83217e-06,0.00126417,0.000546274,0.00050827,0,1
19.082,9.46006,0.9,9.45955,0.685602,9.46536,0.903736,0.00442375,0.00666187,-3.1746e-06,9.81336e-06,0.00127509,0.000551871,0.000511505,0,1
19.102,9.47006,0.9,9.46962,0.685165,9.47544,0.90378,0.00363217,0.00669143,-2.96975e-06,9.7977e-06,0.00128626,0.000557574,0.000514747,0,1
19.122,9.48006,0.9,9.48032,0.684698,9.48615,0.903819,0.00429521,0.0067246,-2.7662e-06,9.78478e-06,0.00129827,0.000563646,0.000517996,0,1
19.142,9.49006,0.9,9.49043,0.684262,9.49627,0.903941,0.00457931,0.00675441,-2.61527e-06,9.67197e-06,0.00125441,0.000541304,0.000505163,0,1
19.162,9.50006,0.9,9.49968,0.683868,9.50553,0.903984,0.00535274,0.0067797,-2.43303e-06,9.65749e-06,0.00126448,0.000546519,0.000508392,0,1
19.182,9.51006,0.9,9.51017,0.683425,9.51603,0.90404,0.00539435,0.0068116,-2.19188e-06,9.63582e-06,0.00127601,0.0005524,0.000511629,0,1
19.202,9.52006,0.9,9.51989,0.683018,9.52575,0.904093,0.00611747,0.0068393,-1.97804e-06,9.61585e-06,0.0012868,0.000557925,0.000514873,0,1
19.222,9.53006,0.9,9.53006,0.682601,9.53594,0.904252,0.00728025,0.00686946,-1.80636e-06,9.48437e-06,0.00124387,0.000536077,0.000502293,0,1
19.242,9.54006,0.9,9.54018,0.682195,9.54606,0.904325,0.00775258,0.00689931,-1.53289e-06,9.45398e-06,0.00125478,0.000541698,0.000505517,0,1
19.262,9.55006,0.9,9.55025,0.681793,9.55613,0.904403,0.00786253,0.00692885,-1.25131e-06,9.42111e-06,0.00126575,0.000547329,0.00050875,0,1
19.282,9.56006,0.9,9.56036,0.681389,9.56626,0.904483,0.00782809,0.00695868,-9.65326e-07,9.38716e-06,0.00127689,0.000553026,0.000511989,0,1
19.302,9.57006,0.9,9.56938,0.68103,9.57528,0.904554,0.00810744,0.00698281,-7.31115e-07,9.3575e-06,0.00128691,0.000558198,0.000515236,0,1
19.322,9.58006,0.9,9.57943,0.680629,9.58534,0.90471,0.00785144,0.00701229,-5.59923e-07,9.20082e-06,0.00124384,0.000536272,0.00050264,0,1
19.342,9.59006,0.9,9.59003,0.680208,9.59594,0.904793,0.00821492,0.00704478,-2.52357e-07,9.16524e-06,0.00125526,0.000542136,0.000505867,0,1
19.362,9.60006,0.9,9.60011,0.679811,9.60604,0.904876,0.0088403,0.00707446,3.86007e-08,9.12949e-06,0.00126626,0.000547785,0.000509102,0,1
19.382,9.61006,0.9,9.61024,0.679418,9.61617,0.904965,0.00948401,0.00710433,3.45686e-07,9.09004e-06,0.00127742,0.000553491,0.000512345,0,1
19.402,9.62006,0.9,9.62021,0.679038,9.62615,0.90506,0.010042,0.00713337,6.58954e-07,9.04764e-06,0.00128852,0.000559157,0.000515594,0,1
19.422,9.63006,0.9,9.63072,0.67864,9.63666,0.905145,0.0101163,0.00716539,8.54477e-07,8.862e-06,0.00124582,0.000537391,0.000502962,0,1
19.442,9.64006,0.9,9.64054,0.678269,9.64649,0.905244,0.0102171,0.00719364,1.17347e-06,8.81778e-06,0.00125643,0.000542873,0.000506192,0,1
19.462,9.65006,0.9,9.65014,0.677913,9.65609,0.905342,0.011409,0.00722067,1.48058e-06,8.77387e-06,0.0012669,0.000548275,0.00050943,0,1
19.482,9.66006,0.9,9.66016,0.677543,9.66612,0.905457,0.0106698,0.00724997,1.83957e-06,8.72126e-06,0.00127795,0.000553932,0.000512675,0,1
19.502,9.67006,0.9,9.67046,0.67716,9.67643,0.905567,0.0109774,0.00728085,2.19749e-06,8.67043e-06,0.00128944,0.000559776,0.000515927,0,1
19.522,9.68006,0.9,9.6801,0.676797,9.68607,0.905636,0.00966495,0.0073081,2.31012e-06,8.46609e-06,0.00124572,0.000537527,0.00050327,0,1
19.542,9.69006,0.9,9.68967,0.676426,9.69565,0.905729,0.00885024,0.00733504,2.60146e-06,8.42478e-06,0.00125607,0.000542888,0.000506502,0,1
19.562,9.70006,0.9,9.70002,0.676027,9.706,0.90582,0.00993646,0.00736613,2.91362e-06,8.3836e-06,0.00126737,0.000548676,0.000509743,0,1
19.582,9.71006,0.9,9.70971,0.675655,9.7157,0.905917,0.00937587,0.00739366,3.21511e-06,8.33968e-06,0.00127806,0.000554169,0.00051299,0,1
19.602,9.72006,0.9,9.71987,0.675259,9.72587,0.906012,0.00874447,0.00742374,3.52868e-06,8.29588e-06,0.00128939,0.000559944,0.000516245,0,1
19.622,9.73006,0.9,9.72989,0.674864,9.73589,0.906122,0.00864024,0.00745305,3.56705e-06,8.08493e-06,0.00124609,0.00053788,0.000503576,0,1
19.642,9.74006,0.9,9.74011,0.674455,9.74612,0.906211,0.00752272,0.00748344,3.86438e-06,8.04524e-06,0.00125714,0.000543571,0.000506811,0,1
19.662,9.75006,0.9,9.75042,0.67404,9.75644,0.906288,0.00816878,0.00751434,4.13725e-06,8.01066e-06,0.00126842,0.000549347,0.000510054,0,1
19.682,9.76006,0.9,9.76063,0.673623,9.76666,0.906372,0.00641029,0.00754472,4.42098e-06,7.97278e-06,0.0012797,0.000555115,0.000513304,0,1
19.702,9.77006,0.9,9.77094,0.673197,9.77698,0.906438,0.00735813,0.00757563,4.66432e-06,7.94349e-06,0.00129122,0.000560972,0.000516562,0,1
19.722,9.78006,0.9,9.78069,0.672805,9.78673,0.90651,0.00851386,0.00760346,4.90593e-06,7.91105e-06,0.00130221,0.000566575,0.000519827,0,1
19.742,9.79006,0.9,9.79008,0.672429,9.79613,0.906583,0.00796352,0.00762946,4.85841e-06,7.68616e-06,0.00125726,0.000543667,0.000506868,0,1
19.762,9.80006,0.9,9.80018,0.672027,9.80623,0.906663,0.00876547,0.00765919,5.12871e-06,7.64967e-06,0.0012683,0.000549337,0.000510113,0,1
19.782,9.81006,0.9,9.81013,0.671636,9.8162,0.906751,0.00904664,0.00768815,5.41031e-06,7.60938e-06,0.0012793,0.000554974,0.000513365,0,1
19.802,9.82006,0.9,9.8194,0.671275,9.82547,0.906835,0.00962382,0.00771352,5.66348e-06,7.57051e-06,0.00128964,0.000560295,0.000516625,0,1
19.822,9.83006,0.9,9.82925,0.670896,9.83533,0.906921,0.00996779,0.00774192,5.64156e-06,7.33283e-06,0.00124614,0.000538127,0.000503939,0,1
19.842,9.84006,0.9,9.83969,0.670498,9.84577,0.907025,0.0102901,0.00777353,5.97659e-06,7.28423e-06,0.00125744,0.000543933,0.000507178,0,1
19.862,9.85006,0.9,9.84954,0.670129,9.85563,0.907127,0.0114593,0.00780191,6.28484e-06,7.23659e-06,0.00126821,0.000549482,0.000510425,0,1
19.882,9.86006,0.9,9.85951,0.669752,9.86561,0.907241,0.00956318,0.00783096,6.62651e-06,7.18194e-06,0.00127923,0.000555131,0.00051368,0,1
19.902,9.87006,0.9,9.86908,0.669385,9.87518,0.907333,0.0103783,0.00785787,6.90142e-06,7.13857e-06,0.00128992,0.000560612,0.000516942,0,1
19.922,9.88006,0.9,9.87997,0.668971,9.88608,0.907353,0.0101662,0.00789207,6.91505e-06,6.8787e-06,0.00124751,0.000538944,0.00050424,0,1
19.942,9.89006,0.9,9.89032,0.668576,9.89644,0.907459,0.0101782,0.0079232,7.24551e-06,6.82889e-06,0.00125873,0.000544713,0.000507482,0,1
19.962,9.90006,0.9,9.90027,0.668196,9.9064,0.90756,0.0100068,0.00795213,7.55226e-06,6.7807e-06,0.00126964,0.000550318,0.000510731,0,1
19.982,9.91006,0.9,9.90977,0.667832,9.9159,0.907655,0.0102025,0.00797869,7.82971e-06,6.73529e-06,0.00128015,0.000555731,0.000513988,0,1
20.002,9.92006,0.9,9.91997,0.667446,9.9261,0.907759,0.0108204,0.00800895,8.14875e-06,6.68491e-06,0.00129154,0.000561539,0.000517253,0,1
20.022,9.93006,0.9,9.9303,0.667056,9.93644,0.907814,0.0102998,0.00803997,8.09814e-06,6.41219e-06,0.00124842,0.000539523,0.000504517,0,1
20.042,9.94006,0.9,9.94042,0.666672,9.94656,0.907919,0.0104481,0.00806978,8.41332e-06,6.36234e-06,0.00125939,0.000545176,0.000507762,0,1
20.062,9.95006,0.9,9.95083,0.666278,9.95699,0.908027,0.0107247,0.00810127,8.74871e-06,6.30971e-06,0.00127082,0.000551022,0.000511013,0,1
20.082,9.96006,0.9,9.96069,0.665907,9.96685,0.908133,0.0108938,0.0081297,9.05699e-06,6.25826e-06,0.00128174,0.000556622,0.000514273,0,1
20.102,9.97006,0.9,9.97016,0.665554,9.97633,0.908236,0.0114158,0.0081561,9.34599e-06,6.20771e-06,0.00129234,0.000562062,0.00051754,0,1
20.122,9.98006,0.9,9.97981,0.665196,9.98599,0.90825,0.0110604,0.00818344,9.22812e-06,5.92366e-06,0.00124842,0.000539666,0.000504782,0,1
20.142,9.99006,0.9,9.98981,0.664817,9.99599,0.908361,0.00999061,0.00821263,9.54989e-06,5.86995e-06,0.00125927,0.000545265,0.000508029,0,1
20.162,10.0001,0.9,9.9971,0.664533,10.0033,0.908434,0.00879787,0.008229,9.71628e-06,5.83504e-06,0.00126725,0.000549522,0.000511283,0,1
20.182,10.0101,0.9,10.0044,0.66424,10.0106,0.908499,0.00819239,0.00824555,9.86906e-06,5.8041e-06,0.00127534,0.000553832,0.000514545,0,1
20.202,10.0201,0.9,10.0114,0.663959,10.0176,0.908556,0.00823433,0.00826074,1.00021e-05,5.77665e-06,0.00128312,0.000557992,0.000517814,0,1
20.222,10.0301,0.9,10.0182,0.663684,10.0244,0.908566,0.00723504,0.00827502,9.68756e-06,5.5163e-06,0.00123678,0.000534469,0.000505171,0,1
20.242,10.0401,0.9,10.0252,0.663396,10.0314,0.908616,0.00730397,0.0082902,9.80876e-06,5.49245e-06,0.00124428,0.000538543,0.000508421,0,1
20.262,10.0501,0.9,10.0321,0.663105,10.0383,0.908667,0.00567443,0.00830518,9.92882e-06,5.46836e-06,0.00125178,0.000542617,0.000511677,0,1
20.282,10.0601,0.9,10.0397,0.662779,10.0459,0.90871,0.0053583,0.00832277,1.00466e-05,5.44798e-06,0.00126004,0.00054705,0.000514941,0,1
20.302,10.0701,0.9,10.0466,0.66248,10.0528,0.908747,0.00492466,0.00833759,1.01433e-05,5.43056e-06,0.00126762,0.000551158,0.000518213,0,1
20.322,10.0801,0.9,10.0531,0.66219,10.0594,0.908779,0.00401947,0.00835115,1.02278e-05,5.41541e-06,0.00127488,0.000555119,0.000521493,0,1
20.342,10.0901,0.9,10.0597,0.661895,10.066,0.908814,0.0034708,0.00836481,9.86364e-06,5.171e-06,0.00122898,0.000531739,0.000508839,0,1
20.362,10.1001,0.9,10.0661,0.661607,10.0723,0.908836,0.00361644,0.00837772,9.92961e-06,5.16105e-06,0.00123579,0.000535526,0.000512098,0,1
20.382,10.1101,0.9,10.0733,0.661283,10.0796,0.908862,0.00422816,0.00839393,1.00115e-05,5.14892e-06,0.00124358,0.000539782,0.000515365,0,1
20.402,10.1201,0.9,10.0811,0.660935,10.0874,0.908895,0.00401507,0.00841248,1.01122e-05,5.13318e-06,0.00125205,0.000544357,0.000518639,0,1
20.422,10.1301,0.9,10.0879,0.660637,10.0941,0.908891,0.00482052,0.0084267,9.76478e-06,4.89732e-06,0.00120804,0.000521916,0.000506375,0,1
20.442,10.1401,0.9,10.0951,0.660315,10.1014,0.908926,0.00371265,0.00844297,9.86037e-06,4.88059e-06,0.00121565,0.000526124,0.00050963,0,1
20.462,10.1501,0.9,10.102,0.660006,10.1083,0.908952,0.00378251,0.00845766,9.93494e-06,4.86859e-06,0.0012229,0.000530155,0.000512893,0,1
20.482,10.1601,0.9,10.1085,0.659713,10.1147,0.908976,0.00296104,0.00847084,1.00032e-05,4.85704e-06,0.00122977,0.000534004,0.000516163,0,1
20.502,10.1701,0.9,10.1157,0.659381,10.122,0.908998,0.00265783,0.00848696,1.00745e-05,4.84695e-06,0.00123752,0.000538277,0.000519441,0,1
20.522,10.1801,0.9,10.1224,0.659069,10.1287,0.908956,0.00224453,0.00850121,9.72104e-06,4.6215e-06,0.00119459,0.000516327,0.00050733,0,1
20.542,10.1901,0.9,10.13,0.658713,10.1364,0.908974,0.00200216,0.008519,9.78736e-06,4.61351e-06,0.0012025,0.000520723,0.000510589,0,1
20.562,10.2001,0.9,10.1366,0.658407,10.1429,0.908987,0.00239672,0.00853254,9.83785e-06,4.6075e-06,0.00120936,0.000524598,0.000513855,0,1
20.582,10.2101,0.9,10.1441,0.658059,10.1504,0.909005,0.0023434,0.00854977,9.90421e-06,4.59895e-06,0.00121726,0.000528984,0.000517129,0,1
20.602,10.2201,0.9,10.1511,0.657727,10.1574,0.909021,0.000883983,0.00856502,9.96343e-06,4.59113e-06,0.0012247,0.000533145,0.000520411,0,1
20.622,10.2301,0.9,10.1577,0.657413,10.164,0.909046,0.0017501,0.00857876,9.60018e-06,4.37786e-06,0.00118256,0.000511539,0.000508421,0,1
20.642,10.2401,0.9,10.1648,0.657074,10.1712,0.909059,0.0012169,0.00859454,9.65261e-06,4.37194e-06,0.0011899,0.000515687,0.000511684,0,1
20.662,10.2501,0.9,10.1718,0.656741,10.1782,0.909067,0.00129567,0.00860967,9.69713e-06,4.36803e-06,0.00119712,0.00051978,0.000514954,0,1
20.682,10.2601,0.9,10.1789,0.656403,10.1852,0.909076,0.00108123,0.00862517,9.74332e-06,4.36374e-06,0.0012045,0.000523948,0.000518232,0,1
20.702,10.2701,0.9,10.186,0.656064,10.1924,0.909084,0.00187616,0.00864089,9.78736e-06,4.36017e-06,0.001212,0.000528173,0.000521518,0,1
20.722,10.2801,0.9,10.1937,0.655703,10.2001,0.909061,0.00232725,0.00865891,9.4571e-06,4.14943e-06,0.00117186,0.000507513,0.00050964,0,1
20.742,10.2901,0.9,10.2,0.655406,10.2064,0.909076,0.00186927,0.00867163,9.50544e-06,4.14211e-06,0.00117831,0.000511252,0.000512907,0,1
20.762,10.3001,0.9,10.2069,0.655082,10.2133,0.909089,0.0021415,0.00868643,9.55503e-06,4.13567e-06,0.00118538,0.000515305,0.000516181,0,1
20.782,10.3101,0.9,10.214,0.654751,10.2204,0.909104,0.0034733,0.0087022,9.61039e-06,4.12795e-06,0.00119277,0.000519512,0.000519464,0,1
20.802,10.3201,0.9,10.221,0.654436,10.2274,0.909128,0.00427662,0.00871729,9.67891e-06,4.11553e-06,0.00120004,0.000523658,0.000522754,0,1
20.822,10.3301,0.9,10.2271,0.654164,10.2335,0.909097,0.00567108,0.00872936,9.36329e-06,3.90463e-06,0.0011592,0.000502579,0.000510969,0,1
20.842,10.3401,0.9,10.2342,0.653854,10.2406,0.909137,0.00521483,0.00874497,9.45915e-06,3.88395e-06,0.00116636,0.000506716,0.000514241,0,1
20.862,10.3501,0.9,10.2408,0.653566,10.2472,0.909171,0.00532077,0.0087585,9.53773e-06,3.86625e-06,0.00117303,0.000510599,0.00051752,0,1
20.882,10.3601,0.9,10.2482,0.653241,10.2546,0.909211,0.00520543,0.00877529,9.63542e-06,3.84573e-06,0.00118061,0.000514942,0.000520806,0,1
20.902,10.3701,0.9,10.2554,0.652922,10.2618,0.909248,0.00478186,0.00879138,9.7275e-06,3.82597e-06,0.00118808,0.000519226,0.000524101,0,1
20.922,10.3801,0.9,10.2617,0.652642,10.2681,0.90919,0.00511318,0.00880404,9.42362e-06,3.61728e-06,0.00114824,0.000498588,0.000512404,0,1
20.942,10.3901,0.9,10.2688,0.65233,10.2753,0.909226,0.00541626,0.00881968,9.51107e-06,3.59823e-06,0.00115536,0.000502735,0.00051568,0,1
20.962,10.4001,0.9,10.2756,0.652029,10.282,0.909263,0.00433053,0.00883402,9.59455e-06,3.57886e-06,0.00116219,0.000506736,0.000518964,0,1
20.982,10.4101,0.9,10.2829,0.651703,10.2893,0.909294,0.005089,0.00885048,9.6758e-06,3.56197e-06,0.00116963,0.000511043,0.000522255,0,1
21.002,10.4201,0.9,10.2896,0.651406,10.2961,0.909328,0.00491472,0.00886462,9.75411e-06,3.54361e-06,0.00117653,0.00051507,0.000525554,0,1
21.022,10.4301,0.9,10.2967,0.651083,10.3032,0.909255,0.00370829,0.00888049,9.47262e-06,3.33671e-06,0.00113834,0.000495205,0.000513933,0,1
21.042,10.4401,0.9,10.3032,0.650792,10.3097,0.909279,0.00425615,0.00889358,9.53073e-06,3.32372e-06,0.00114473,0.000499012,0.000517214,0,1
21.062,10.4501,0.9,10.31,0.650484,10.3165,0.909308,0.00396509,0.008908,9.60017e-06,3.30801e-06,0.00115154,0.000503031,0.000520503,0,1
21.082,10.4601,0.9,10.3168,0.650172,10.3233,0.909335,0.00342486,0.0089226,9.66691e-06,3.29313e-06,0.00115845,0.000507099,0.000523799,0,1
21.102,10.4701,0.9,10.3237,0.649848,10.3302,0.909359,0.00159696,0.00893754,9.7288e-06,3.27992e-06,0.0011655,0.000511243,0.000527103,0,1
21.122,10.4801,0.9,10.3312,0.649492,10.3377,0.909403,0.00240372,0.00895476,9.41624e-06,3.08931e-06,0.00112839,0.00049186,0.000515545,0,1
21.142,10.4901,0.9,10.3379,0.649174,10.3444,0.909419,0.00137788,0.00896879,9.46267e-06,3.08003e-06,0.001135,0.000495806,0.000518831,0,1
21.162,10.5001,0.9,10.345,0.64883,10.3516,0.909429,0.00138356,0.0089846,9.50155e-06,3.07392e-06,0.00114212,0.000500017,0.000522124,0,1
21.182,10.5101,0.9,10.3516,0.648517,10.3582,0.909438,0.00235051,0.00899821,9.53603e-06,3.06817e-06,0.00114872,0.000503958,0.000525426,0,1
21.202,10.5201,0.9,10.359,0.648167,10.3656,0.909455,0.00264416,0.00901518,9.58986e-06,3.05797e-06,0.00115624,0.000508376,0.000528735,0,1
21.222,10.5301,0.9,10.3659,0.647846,10.3724,0.90942,0.00258381,0.00902979,9.29156e-06,2.86988e-06,0.00111911,0.000488899,0.000517211,0,1
21.242,10.5401,0.9,10.3725,0.647533,10.379,0.909437,0.00185161,0.00904351,9.33758e-06,2.85983e-06,0.0011256,0.000492811,0.000520502,0,1
21.262,10.5501,0.9,10.3798,0.647183,10.3864,0.90945,0.00210292,0.00906014,9.38265e-06,2.8515e-06,0.00113288,0.000497138,0.000523801,0,1
21.282,10.5601,0.9,10.3876,0.646813,10.3942,0.909467,0.00176376,0.00907848,9.43518e-06,2.8417e-06,0.00114063,0.000501709,0.000527107,0,1
21.302,10.5701,0.9,10.3946,0.646477,10.4012,0.909479,0.00179937,0.0090938,9.47591e-06,2.83392e-06,0.00114771,0.000505921,0.000530421,0,1
21.322,10.5801,0.9,10.4016,0.646138,10.4082,0.909492,0.00111637,0.00910917,9.51705e-06,2.82594e-06,0.00115486,0.000510168,0.000533743,0,1
21.342,10.5901,0.9,10.4083,0.645815,10.4149,0.909444,0.00199152,0.00912325,9.20506e-06,2.64655e-06,0.00111765,0.000490523,0.000522036,0,1
21.362,10.6001,0.9,10.4148,0.645508,10.4214,0.909457,0.00221158,0.00913644,9.24208e-06,2.63837e-06,0.00112402,0.000494393,0.000525339,0,1
21.382,10.6101,0.9,10.4227,0.645131,10.4293,0.909474,0.00204255,0.00915547,9.29634e-06,2.6277e-06,0.00113188,0.000499056,0.00052865,0,1
21.402,10.6201,0.9,10.4301,0.644775,10.4367,0.909489,0.00143517,0.00917235,9.34269e-06,2.61821e-06,0.00113932,0.000503483,0.000531969,0,1
21.422,10.6301,0.9,10.437,0.644442,10.4436,0.909463,0.000841576,0.00918697,9.04665e-06,2.44465e-06,0.00110331,0.000484432,0.00052049,0,1
21.442,10.6401,0.9,10.444,0.644098,10.4506,0.909469,0.00071699,0.0092022,9.07371e-06,2.43992e-06,0.00111012,0.000488567,0.000523791,0,1
21.462,10.6501,0.9,10.4509,0.64376,10.4575,0.909474,0.00113829,0.0092171,9.09884e-06,2.43565e-06,0.00111691,0.000492686,0.0005271,0,1
21.482,10.6601,0.9,10.4577,0.643426,10.4644,0.909481,0.0012569,0.0092318,9.12842e-06,2.42985e-06,0.0011237,0.000496805,0.000530416,0,1
21.502,10.6701,0.9,10.4653,0.643063,10.4719,0.909491,0.00230509,0.00924923,9.16392e-06,2.42314e-06,0.00113123,0.000501313,0.00053374,0,1
21.522,10.6801,0.9,10.4723,0.642727,10.4789,0.909458,0.00161509,0.00926446,8.88824e-06,2.25187e-06,0.00109591,0.000482535,0.000522271,0,1
21.542,10.6901,0.9,10.4794,0.64238,10.4861,0.909469,0.00140248,0.0092804,8.92451e-06,2.24395e-06,0.00110287,0.000486776,0.000525577,0,1
21.562,10.7001,0.9,10.4862,0.642049,10.4929,0.909479,0.00128461,0.00929486,8.95539e-06,2.23705e-06,0.00110952,0.000490846,0.000528891,0,1
21.582,10.7101,0.9,10.4929,0.641724,10.4996,0.909488,0.00137445,0.0093089,8.98416e-06,2.23062e-06,0.00111611,0.000494884,0.000532213,0,1
21.602,10.7201,0.9,10.4999,0.641387,10.5066,0.909497,0.00252202,0.00932419,9.01601e-06,2.2236e-06,0.00112309,0.000499121,0.000535542,0,1
21.622,10.7301,0.9,10.5071,0.641043,10.5138,0.909515,0.00191633,0.00934018,9.06322e-06,2.21198e-06,0.0011303,0.000503482,0.000538879,0,1
21.642,10.7401,0.9,10.5148,0.640674,10.5215,0.909473,0.00182766,0.00935801,8.79315e-06,2.04491e-06,0.00109562,0.000484923,0.000527212,0,1
21.662,10.7501,0.9,10.5213,0.640357,10.5281,0.909485,0.00133571,0.00937156,8.82546e-06,2.0365e-06,0.00110201,0.000488872,0.000530531,0,1
21.682,10.7601,0.9,10.5281,0.640026,10.5349,0.909494,0.00184596,0.0093861,8.8543e-06,2.02958e-06,0.00110871,0.00049299,0.000533857,0,1
21.702,10.7701,0.9,10.5357,0.63966,10.5424,0.909508,0.00170835,0.00940356,8.89494e-06,2.02003e-06,0.00111619,0.000497524,0.000537191,0,1
21.722,10.7801,0.9,10.5427,0.639321,10.5494,0.90952,0.00124788,0.00941868,8.92888e-06,2.01152e-06,0.00112316,0.000501777,0.000540533,0,1
21.742,10.7901,0.9,10.5496,0.638979,10.5564,0.909419,0.00134962,0.00943388,8.65249e-06,1.85252e-06,0.00108831,0.000483038,0.000528866,0,1
21.762,10.8001,0.9,10.5568,0.638632,10.5635,0.909429,0.00142482,0.00944961,8.68224e-06,1.84515e-06,0.00109523,0.000487299,0.00053219,0,1
21.782,10.8101,0.9,10.5633,0.638316,10.5701,0.909438,0.00209382,0.00946304,8.70886e-06,1.83791e-06,0.00110162,0.000491269,0.000535521,0,1
21.802,10.8201,0.9,10.5699,0.637998,10.5767,0.909452,0.00227627,0.00947683,8.74304e-06,1.82819e-06,0.00110815,0.000495315,0.00053886,0,1
21.822,10.8301,0.9,10.5765,0.637681,10.5833,0.909414,0.00206789,0.00949052,8.48625e-06,1.67251e-06,0.00107392,0.000476862,0.000527411,0,1
21.842,10.8401,0.9,10.5833,0.637355,10.5901,0.909428,0.00234066,0.00950488,8.52056e-06,1.66265e-06,0.00108041,0.000480921,0.000530732,0,1
21.862,10.8501,0.9,10.5907,0.636995,10.5976,0.909446,0.00184676,0.00952202,8.56461e-06,1.65088e-06,0.00108763,0.000485377,0.000534061,0,1
21.882,10.8601,0.9,10.5983,0.636632,10.6051,0.90946,0.00250123,0.00953941,8.60237e-06,1.64096e-06,0.00109499,0.000489898,0.000537397,0,1
21.902,10.8701,0.9,10.6052,0.636304,10.612,0.909477,0.00276806,0.00955419,8.64215e-06,1.6292e-06,0.00110176,0.000494098,0.000540741,0,1
21.922,10.8801,0.9,10.6119,0.635983,10.6188,0.909496,0.00336653,0.00956857,8.68365e-06,1.61654e-06,0.00110849,0.000498268,0.000544093,0,1
21.942,10.8901,0.9,10.6191,0.635647,10.6259,0.909467,0.00313915,0.00958431,8.44802e-06,1.45891e-06,0.00107471,0.000479927,0.000532422,0,1
21.962,10.9001,0.9,10.6264,0.635304,10.6332,0.90949,0.00372713,0.00960077,8.49927e-06,1.444e-06,0.00108176,0.000484309,0.000535755,0,1
21.982,10.9101,0.9,10.6338,0.634958,10.6406,0.909518,0.00382393,0.00961767,8.55946e-06,1.42647e-06,0.00108898,0.000488777,0.000539097,0,1
22.002,10.9201,0.9,10.6415,0.6346,10.6483,0.909547,0.0037575,0.00963566,8.62475e-06,1.4079e-06,0.00109652,0.000493416,0.000542446,0,1
22.022,10.9301,0.9,10.648,0.634294,10.6548,0.909503,0.00281087,0.009649,8.39145e-06,1.25501e-06,0.00106292,0.000475124,0.000530948,0,1
22.042,10.9401,0.9,10.6551,0.633953,10.662,0.909523,0.00318008,0.00966499,8.43576e-06,1.24137e-06,0.00106979,0.000479428,0.000534279,0,1
22.062,10.9501,0.9,10.6613,0.633659,10.6682,0.909543,0.00310709,0.00967724,8.47288e-06,1.22792e-06,0.00107576,0.000483226,0.000537618,0,1
22.082,10.9601,0.9,10.6681,0.633342,10.675,0.909564,0.00371072,0.0096915,8.51526e-06,1.21372e-06,0.00108231,0.000487347,0.000540964,0,1
22.102,10.9701,0.9,10.6749,0.633019,10.6818,0.909589,0.00242108,0.00970598,8.56486e-06,1.1971e-06,0.00108897,0.000491527,0.000544318,0,1
22.122,10.9801,0.9,10.6815,0.632698,10.6884,0.909546,0.0012978,0.00971968,8.32402e-06,1.05272e-06,0.00105594,0.000473455,0.000532819,0,1
22.142,10.9901,0.9,10.6882,0.632369,10.6951,0.909555,0.00156511,0.00973371,8.34515e-06,1.04499e-06,0.0010623,0.000477502,0.000536155,0,1
22.162,11.0001,0.9,10.6953,0.632021,10.7022,0.909566,0.00190278,0.00974946,8.37187e-06,1.0359e-06,0.00106914,0.000481813,0.000539499,0,1
22.182,11.0101,0.9,10.7023,0.631685,10.7092,0.909579,0.00292694,0.0097646,8.40147e-06,1.02561e-06,0.0010759,0.00048607,0.00054285,0,1
22.202,11.0201,0.9,10.7097,0.63133,10.7166,0.909601,0.00239611,0.00978139,8.44759e-06,1.01073e-06,0.00108312,0.000490579,0.00054621,0,1
22.222,11.0301,0.9,10.7165,0.631003,10.7235,0.909518,0.00359586,0.00979612,8.21483e-06,8.70499e-07,0.0010507,0.000472758,0.000534682,0,1
22.242,11.0401,0.9,10.7237,0.630662,10.7307,0.909544,0.00290938,0.00981211,8.26624e-06,8.53371e-07,0.00105754,0.000477086,0.000538024,0,1
22.262,11.0501,0.9,10.7312,0.630305,10.7382,0.909566,0.00365981,0.00982946,8.31262e-06,8.38276e-07,0.00106475,0.000481623,0.000541373,0,1
22.282,11.0601,0.9,10.738,0.62999,10.7449,0.90959,0.00414503,0.00984367,8.35829e-06,8.21604e-07,0.00107127,0.000485761,0.000544729,0,1
22.302,11.0701,0.9,10.7446,0.629684,10.7516,0.909618,0.00529347,0.00985763,8.40813e-06,8.03193e-07,0.00107778,0.000489891,0.000548094,0,1
22.322,11.0801,0.9,10.7517,0.629361,10.7587,0.909518,0.00545386,0.00987332,8.21645e-06,6.55352e-07,0.00104592,0.000472288,0.000536532,0,1
22.342,11.0901,0.9,10.7591,0.629026,10.7661,0.909558,0.00471911,0.00988995,8.29288e-06,6.30303e-07,0.0010529,0.000476715,0.000539878,0,1
22.362,11.1001,0.9,10.7661,0.628702,10.7731,0.909592,0.00486059,0.00990535,8.35401e-06,6.08802e-07,0.00105964,0.000481006,0.000543232,0,1
22.382,11.1101,0.9,10.7737,0.628353,10.7807,0.909628,0.00440637,0.00992288,8.42597e-06,5.85237e-07,0.00106696,0.00048561,0.000546594,0,1
22.402,11.1201,0.9,10.7811,0.628009,10.7881,0.909661,0.0040182,0.00993968,8.48834e-06,5.63831e-07,0.00107418,0.000490148,0.000549964,0,1
22.422,11.1301,0.9,10.7881,0.627685,10.7951,0.909587,0.00454675,0.00995479,8.27919e-06,4.23225e-07,0.00104239,0.000472492,0.000538343,0,1
22.442,11.1401,0.9,10.7958,0.627325,10.8029,0.909623,0.00419806,0.00997315,8.34912e-06,4.0045e-07,0.00104976,0.000477156,0.000541694,0,1
22.462,11.1501,0.9,10.8035,0.626971,10.8106,0.909655,0.00560319,0.00999132,8.41289e-06,3.79101e-07,0.00105717,0.000481828,0.000545053,0,1
22.482,11.1601,0.9,10.8105,0.626658,10.8176,0.909694,0.00613065,0.0100064,8.4812e-06,3.53996e-07,0.00106392,0.00048612,0.00054842,0,1
22.502,11.1701,0.9,10.8174,0.626353,10.8244,0.909736,0.00676239,0.0100212,8.55324e-06,3.27052e-07,0.00107062,0.000490385,0.000551795,0,1
22.522,11.1801,0.9,10.8241,0.626059,10.8312,0.909665,0.00751242,0.0100353,8.37108e-06,1.79533e-07,0.00103881,0.000472623,0.000540116,0,1
22.542,11.1901,0.9,10.831,0.625764,10.8381,0.909717,0.00832201,0.0100501,8.45884e-06,1.47536e-07,0.00104535,0.000476828,0.000543472,0,1
22.562,11.2001,0.9,10.8373,0.625497,10.8444,0.90977,0.00945552,0.0100629,8.54081e-06,1.14748e-07,0.00105144,0.000480765,0.000546836,0,1
22.582,11.2101,0.9,10.8448,0.62519,10.8519,0.909841,0.00989892,0.01008,8.6691e-06,7.20162e-08,0.00105865,0.000485341,0.000550208,0,1
22.602,11.2201,0.9,10.8513,0.624924,10.8583,0.909905,0.00968823,0.0100932,8.76906e-06,3.26243e-08,0.00106495,0.000489396,0.000553587,0,1
22.622,11.2301,0.9,10.8583,0.624638,10.8654,0.909796,0.0103411,0.0101085,8.62444e-06,-1.25302e-07,0.00103375,0.000471889,0.000541884,0,1
22.642,11.2401,0.9,10.865,0.624366,10.8721,0.909866,0.0108967,0.0101229,8.73899e-06,-1.6769e-07,0.00104018,0.000476047,0.000545244,0,1
22.662,11.2501,0.9,10.8724,0.624067,10.8795,0.909946,0.0097641,0.0101396,8.88154e-06,-2.15973e-07,0.00104724,0.000480558,0.000548613,0,1
22.682,11.2601,0.9,10.8793,0.623785,10.8865,0.910014,0.0104357,0.0101545,8.99308e-06,-2.5755e-07,0.00105393,0.000484849,0.00055199,0,1
22.702,11.2701,0.9,10.8864,0.623499,10.8935,0.910088,0.0100052,0.0101699,9.11569e-06,-3.02614e-07,0.00106078,0.00048923,0.000555374,0,1
22.722,11.2801,0.9,10.8929,0.623228,10.9001,0.909975,0.00879559,0.0101835,8.95342e-06,-4.59257e-07,0.0010294,0.000471532,0.000543624,0,1
22.742,11.2901,0.9,10.8999,0.622934,10.907,0.910037,0.00834042,0.0101986,9.05381e-06,-4.97297e-07,0.001036,0.000475801,0.00054699,0,1
22.762,11.3001,0.9,10.9072,0.622625,10.9143,0.910097,0.00834498,0.0102149,9.15751e-06,-5.35318e-07,0.00104297,0.000480275,0.000550363,0,1
22.782,11.3101,0.9,10.9142,0.622326,10.9213,0.910156,0.00786107,0.0102301,9.25202e-06,-5.72202e-07,0.0010497,0.000484611,0.000553745,0,1
22.802,11.3201,0.9,10.9219,0.621995,10.929,0.910216,0.00773021,0.0102482,9.3601e-06,-6.10574e-07,0.0010572,0.000489372,0.000557134,0,1
22.822,11.3301,0.9,10.9294,0.621673,10.9365,0.910124,0.0079877,0.0102654,9.1942e-06,-7.62073e-07,0.00102691,0.000472215,0.00054533,0,1
22.842,11.3401,0.9,10.9359,0.621393,10.9431,0.910177,0.00838829,0.010279,9.2728e-06,-7.95741e-07,0.00103315,0.000476282,0.0005487,0,1
22.862,11.3501,0.9,10.9435,0.621073,10.9507,0.91024,0.00874085,0.0102966,9.38381e-06,-8.35751e-07,0.00104041,0.000480934,0.000552078,0,1
22.882,11.3601,0.9,10.9507,0.620769,10.9579,0.910303,0.00853737,0.0103126,9.48681e-06,-8.7556e-07,0.00104736,0.000485395,0.000555464,0,1
22.902,11.3701,0.9,10.958,0.62046,10.9651,0.910365,0.00780672,0.0103288,9.58859e-06,-9.1512e-07,0.00105443,0.000489921,0.000558858,0,1
22.922,11.3801,0.9,10.965,0.62016,10.9721,0.910204,0.00811023,0.010344,9.40607e-06,-1.06358e-06,0.00102382,0.000472493,0.000546991,0,1
22.942,11.3901,0.9,10.9717,0.619876,10.9789,0.910258,0.00867072,0.0103581,9.48758e-06,-1.09873e-06,0.00103019,0.00047665,0.000550365,0,1
22.962,11.4001,0.9,10.9786,0.619584,10.9858,0.910318,0.00849342,0.010373,9.58025e-06,-1.13712e-06,0.00103681,0.000480944,0.000553748,0,1
22.982,11.4101,0.9,10.9858,0.619279,10.993,0.91038,0.0087455,0.0103892,9.67934e-06,-1.17659e-06,0.0010438,0.000485443,0.000557138,0,1
23.002,11.4201,0.9,10.9924,0.619001,10.9996,0.910437,0.00839502,0.0104027,9.76209e-06,-1.21403e-06,0.0010502,0.000489597,0.000560537,0,1
23.022,11.4301,0.9,10.9989,0.618723,11.0061,0.910492,0.00773564,0.0104161,9.83937e-06,-1.25018e-06,0.0010566,0.000493747,0.000563943,0,1
23.042,11.4401,0.9,11.0052,0.618448,11.0125,0.910358,0.0078557,0.010429,9.63579e-06,-1.3954e-06,0.00102522,0.000475751,0.000551829,0,1
23.062,11.4501,0.9,11.0128,0.618123,11.02,0.910417,0.00757275,0.0104465,9.73427e-06,-1.4339e-06,0.00103246,0.000480415,0.000555216,0,1
23.082,11.4601,0.9,11.0195,0.617836,11.0267,0.910468,0.00805087,0.0104605,9.80607e-06,-1.46771e-06,0.0010389,0.000484614,0.00055861,0,1
23.102,11.4701,0.9,11.0266,0.617529,11.0338,0.910525,0.00705835,0.010476,9.89298e-06,-1.50534e-06,0.0010458,0.00048907,0.000562013,0,1
23.122,11.4801,0.9,11.0335,0.617222,11.0408,0.910399,0.00640424,0.0104912,9.69855e-06,-1.64627e-06,0.00101567,0.000471758,0.000550077,0,1
23.142,11.4901,0.9,11.0396,0.616948,11.0469,0.910438,0.00558604,0.0105031,9.74645e-06,-1.67374e-06,0.00102146,0.000475604,0.00055346,0,1
23.162,11.5001,0.9,11.0469,0.616621,11.0541,0.910478,0.00567983,0.0105193,9.80522e-06,-1.70209e-06,0.00102838,0.000480098,0.000556851,0,1
23.182,11.5101,0.9,11.0543,0.616292,11.0615,0.91052,0.00684361,0.0105361,9.86766e-06,-1.73146e-06,0.00103551,0.000484708,0.00056025,0,1
23.202,11.5201,0.9,11.0615,0.615976,11.0688,0.91057,0.00734834,0.0105522,9.94114e-06,-1.76518e-06,0.00104254,0.000489252,0.000563656,0,1
23.222,11.5301,0.9,11.0687,0.615664,11.0759,0.910436,0.00731225,0.0105682,9.75621e-06,-1.90494e-06,0.0010128,0.000472082,0.000551668,0,1
23.242,11.5401,0.9,11.0758,0.615356,11.0831,0.910488,0.00845252,0.0105841,9.83392e-06,-1.94009e-06,0.00101961,0.000476526,0.000555056,0,1
23.262,11.5501,0.9,11.0824,0.615082,11.0896,0.910543,0.00880245,0.0105975,9.90791e-06,-1.97689e-06,0.00102584,0.00048063,0.000558451,0,1
23.282,11.5601,0.9,11.0887,0.614816,11.096,0.910599,0.00941302,0.0106103,9.9814e-06,-2.01449e-06,0.00103199,0.000484682,0.000561854,0,1
23.302,11.5701,0.9,11.0955,0.614534,11.1028,0.910663,0.00936019,0.0106248,1.00727e-05,-2.05683e-06,0.00103862,0.000489005,0.000565265,0,1
23.322,11.5801,0.9,11.1031,0.61422,11.1104,0.910734,0.00963804,0.0106424,1.01871e-05,-2.10341e-06,0.00104609,0.000493804,0.000568684,0,1
23.342,11.5901,0.9,11.1104,0.613918,11.1177,0.910578,0.00956421,0.0106589,1.00281e-05,-2.25224e-06,0.0010162,0.000476425,0.000556431,0,1
23.362,11.6001,0.9,11.1178,0.613615,11.1251,0.910649,0.00961508,0.0106756,1.01373e-05,-2.29805e-06,0.00102325,0.000481016,0.00055983,0,1
23.382,11.6101,0.9,11.1245,0.61334,11.1318,0.910713,0.00984225,0.0106897,1.02263e-05,-2.34079e-06,0.00102974,0.000485268,0.000563237,0,1
23.402,11.6201,0.9,11.1318,0.613047,11.1391,0.910785,0.0110311,0.0107059,1.0334e-05,-2.38766e-06,0.00103681,0.000489851,0.000566651,0,1
23.422,11.6301,0.9,11.1388,0.612764,11.1461,0.91061,0.00993302,0.0107213,1.01832e-05,-2.53708e-06,0.00100724,0.000472626,0.000554561,0,1
23.442,11.6401,0.9,11.1455,0.612492,11.1528,0.910677,0.0105754,0.0107354,1.0275e-05,-2.58098e-06,0.00101362,0.00047684,0.000557956,0,1
23.462,11.6501,0.9,11.1525,0.612213,11.1598,0.91075,0.0103054,0.0107505,1.03808e-05,-2.62895e-06,0.00102029,0.000481212,0.000561359,0,1
23.482,11.6601,0.9,11.1597,0.611926,11.1671,0.910825,0.0120876,0.0107668,1.04929e-05,-2.67793e-06,0.00102731,0.000485784,0.00056477,0,1
23.502,11.6701,0.9,11.165,0.611726,11.1723,0.910889,0.0129538,0.0107759,1.05583e-05,-2.72073e-06,0.00103242,0.000489244,0.000568189,0,1
23.522,11.6801,0.9,11.1709,0.611499,11.1782,0.910712,0.011333,0.0107871,1.03845e-05,-2.8674e-06,0.00100202,0.000471455,0.00055607,0,1
23.542,11.6901,0.9,11.1783,0.6112,11.1857,0.910796,0.0096981,0.0108041,1.05162e-05,-2.92161e-06,0.00100909,0.000476087,0.000559469,0,1
23.562,11.7001,0.9,11.1856,0.610902,11.1929,0.910867,0.00942125,0.0108204,1.06192e-05,-2.96834e-06,0.00101605,0.000480647,0.000562876,0,1
23.582,11.7101,0.9,11.1922,0.610623,11.1996,0.91093,0.00804491,0.0108344,1.07001e-05,-3.01096e-06,0.00102248,0.000484889,0.00056629,0,1
23.602,11.7201,0.9,11.1995,0.610313,11.2069,0.910989,0.00832709,0.0108508,1.07817e-05,-3.0516e-06,0.0010296,0.000489528,0.000569713,0,1
23.622,11.7301,0.9,11.2064,0.610022,11.2138,0.910861,0.00804527,0.0108655,1.05883e-05,-3.18599e-06,0.00100027,0.000472295,0.000557542,0,1
23.642,11.7401,0.9,11.2133,0.60973,11.2207,0.910916,0.00831534,0.0108803,1.0659e-05,-3.22441e-06,0.00100681,0.000476623,0.000560945,0,1
23.662,11.7501,0.9,11.2202,0.609438,11.2276,0.910974,0.0082583,0.0108952,1.0733e-05,-3.26425e-06,0.00101344,0.000480997,0.000564356,0,1
23.682,11.7601,0.9,11.2272,0.60914,11.2346,0.911032,0.0078858,0.0109105,1.0808e-05,-3.30451e-06,0.00102021,0.000485448,0.000567775,0,1
23.702,11.7701,0.9,11.2344,0.608833,11.2418,0.911088,0.00753789,0.0109263,1.08815e-05,-3.34415e-06,0.00102719,0.000490008,0.000571202,0,1
23.722,11.7801,0.9,11.2412,0.608537,11.2486,0.91114,0.00717211,0.0109409,1.09433e-05,-3.38129e-06,0.00103393,0.000494424,0.000574636,0,1
23.742,11.7901,0.9,11.2487,0.608204,11.2562,0.911,0.00581428,0.0109583,1.07478e-05,-3.51246e-06,0.00100494,0.000477274,0.000562193,0,1
23.762,11.8001,0.9,11.2556,0.6079,11.263,0.91104,0.00708975,0.0109731,1.07903e-05,-3.54279e-06,0.00101155,0.000481639,0.000565607,0,1
23.782,11.8101,0.9,11.2625,0.607608,11.2699,0.911088,0.00863867,0.0109877,1.0846e-05,-3.57806e-06,0.00101817,0.000486003,0.000569029,0,1
23.802,11.8201,0.9,11.2697,0.607304,11.2771,0.911151,0.00845072,0.0110039,1.09291e-05,-3.62153e-06,0.00102523,0.000490623,0.000572459,0,1
23.822,11.8301,0.9,11.2769,0.607002,11.2843,0.911211,0.00861678,0.0110198,1.10074e-05,-3.66415e-06,0.0010323,0.000495234,0.000575897,0,1
23.842,11.8401,0.9,11.284,0.606704,11.2915,0.911079,0.00905713,0.0110356,1.08215e-05,-3.79628e-06,0.00100302,0.000477841,0.000563395,0,1
23.862,11.8501,0.9,11.2908,0.60642,11.2983,0.911141,0.00887783,0.0110501,1.08972e-05,-3.83915e-06,0.00100956,0.000482172,0.000566812,0,1
23.882,11.8601,0.9,11.2978,0.606129,11.3053,0.911203,0.00898383,0.0110653,1.09753e-05,-3.88254e-06,0.00101635,0.000486639,0.000570238,0,1
23.902,11.8701,0.9,11.3046,0.605847,11.3121,0.911264,0.00911329,0.0110797,1.10482e-05,-3.92547e-06,0.00102298,0.000491008,0.000573671,0,1
23.922,11.8801,0.9,11.3121,0.605529,11.3196,0.911333,0.00759815,0.0110971,1.11433e-05,-3.97316e-06,0.00103042,0.000495844,0.000577112,0,1
23.942,11.8901,0.9,11.3194,0.605211,11.3269,0.911207,0.00613137,0.0111133,1.09462e-05,-4.09904e-06,0.00100135,0.000478505,0.000564558,0,1
23.962,11.9001,0.9,11.3266,0.604892,11.3341,0.911251,0.00666433,0.0111295,1.09941e-05,-4.13245e-06,0.0010083,0.000483081,0.000567978,0,1
23.982,11.9101,0.9,11.333,0.604614,11.3405,0.911294,0.00726756,0.0111424,1.10332e-05,-4.16507e-06,0.00101451,0.000487213,0.000571407,0,1
24.002,11.9201,0.9,11.3404,0.604292,11.3479,0.911348,0.00753966,0.0111594,1.10992e-05,-4.20444e-06,0.0010218,0.00049197,0.000574843,0,1
24.022,11.9301,0.9,11.3474,0.603995,11.3549,0.9114,0.00769978,0.0111744,1.11566e-05,-4.24293e-06,0.00102864,0.000496458,0.000578288,0,1
24.042,11.9401,0.9,11.3541,0.60371,11.3616,0.911378,0.00931655,0.0111887,1.0953e-05,-4.36366e-06,0.000999175,0.000478826,0.000565682,0,1
24.062,11.9501,0.9,11.3618,0.603395,11.3693,0.91145,0.00939574,0.0112065,1.10518e-05,-4.41266e-06,0.00100655,0.000483653,0.000569106,0,1
24.082,11.9601,0.9,11.3688,0.60311,11.3763,0.911515,0.010231,0.0112217,1.11311e-05,-4.45865e-06,0.00101332,0.000488122,0.000572537,0,1
24.102,11.9701,0.9,11.3758,0.602825,11.3833,0.911588,0.0104466,0.0112371,1.12224e-05,-4.50879e-06,0.00102025,0.000492672,0.000575977,0,1
24.122,11.9801,0.9,11.3823,0.602562,11.3899,0.911656,0.0102453,0.0112506,1.12993e-05,-4.55684e-06,0.00102671,0.000496939,0.000579425,0,1
24.142,11.9901,0.9,11.389,0.602298,11.3965,0.911576,0.0113697,0.0112644,1.11183e-05,-4.68362e-06,0.000997229,0.000479233,0.000566772,0,1
24.162,12.0001,0.9,11.3958,0.602033,11.4033,0.911653,0.0121504,0.0112789,1.1214e-05,-4.73653e-06,0.0010038,0.000483593,0.000570199,0,1
24.182,12.0101,0.9,11.4029,0.601761,11.4104,0.911739,0.0124205,0.0112944,1.13272e-05,-4.7946e-06,0.00101068,0.000488129,0.000573633,0,1
24.202,12.0201,0.9,11.4101,0.601482,11.4177,0.91183,0.0120753,0.0113108,1.14505e-05,-4.85555e-06,0.00101782,0.000492809,0.000577076,0,1
24.222,12.0301,0.9,11.4171,0.601213,11.4246,0.911913,0.0118012,0.0113257,1.1556e-05,-4.91304e-06,0.00102469,0.000497322,0.000580526,0,1
24.242,12.0401,0.9,11.4243,0.600936,11.4319,0.911759,0.0129449,0.0113418,1.14073e-05,-5.04749e-06,0.000995881,0.000479954,0.000567831,0,1
24.262,12.0501,0.9,11.4312,0.600676,11.4387,0.911848,0.0126516,0.0113566,1.15208e-05,-5.10747e-06,0.00100253,0.000484362,0.000571261,0,1
24.282,12.0601,0.9,11.4382,0.600407,11.4458,0.911938,0.0123817,0.0113721,1.16365e-05,-5.16786e-06,0.00100939,0.000488894,0.000574698,0,1
24.302,12.0701,0.9,11.4462,0.600102,11.4538,0.912037,0.0127273,0.0113915,1.17864e-05,-5.23432e-06,0.00101727,0.000494003,0.000578143,0,1
24.322,12.0801,0.9,11.4533,0.59983,11.4609,0.911954,0.0117847,0.011407,1.16416e-05,-5.36894e-06,0.000988776,0.000476806,0.000565607,0,1
24.342,12.0901,0.9,11.46,0.599566,11.4676,0.912033,0.0103908,0.011421,1.17331e-05,-5.42318e-06,0.000995185,0.000481082,0.000569031,0,1
24.362,12.1001,0.9,11.467,0.599284,11.4746,0.912106,0.00997217,0.0114362,1.18178e-05,-5.47422e-06,0.00100194,0.000485559,0.000572464,0,1
24.382,12.1101,0.9,11.4746,0.598978,11.4822,0.912182,0.0104739,0.0114538,1.19143e-05,-5.52722e-06,0.00100934,0.000490398,0.000575904,0,1
24.402,12.1201,0.9,11.4818,0.598689,11.4894,0.912258,0.0111759,0.01147,1.20066e-05,-5.58079e-06,0.00101649,0.000495086,0.000579353,0,1
24.422,12.1301,0.9,11.4888,0.598412,11.4964,0.912162,0.0108148,0.0114852,1.18363e-05,-5.70661e-06,0.000987943,0.000477795,0.000566751,0,1
24.442,12.1401,0.9,11.4954,0.598154,11.503,0.912233,0.0116517,0.0114988,1.19118e-05,-5.75693e-06,0.000994261,0.00048202,0.000570179,0,1
24.462,12.1501,0.9,11.5029,0.597857,11.5105,0.912321,0.0104936,0.0115162,1.20279e-05,-5.81696e-06,0.00100155,0.000486811,0.000573615,0,1
24.482,12.1601,0.9,11.51,0.597574,11.5176,0.912395,0.0106187,0.0115317,1.21129e-05,-5.86959e-06,0.00100847,0.000491369,0.000577058,0,1
24.502,12.1701,0.9,11.5167,0.597307,11.5243,0.912467,0.011391,0.0115459,1.21888e-05,-5.92101e-06,0.00101512,0.000495767,0.00058051,0,1
24.522,12.1801,0.9,11.5237,0.597036,11.5313,0.912546,0.01218,0.011561,1.22801e-05,-5.97734e-06,0.00102207,0.000500331,0.00058397,0,1
24.542,12.1901,0.9,11.5315,0.59674,11.5391,0.912405,0.0130533,0.0115794,1.21443e-05,-6.11138e-06,0.000993917,0.000483166,0.000571092,0,1
24.562,12.2001,0.9,11.5393,0.596451,11.5469,0.912507,0.0136343,0.0115979,1.22883e-05,-6.17989e-06,0.00100149,0.00048812,0.00057453,0,1
24.582,12.2101,0.9,11.5469,0.596168,11.5546,0.912612,0.0134847,0.0116159,1.24338e-05,-6.2504e-06,0.00100901,0.000493031,0.000577976,0,1
24.602,12.2201,0.9,11.5539,0.595911,11.5615,0.912705,0.0135198,0.0116308,1.25457e-05,-6.31496e-06,0.00101588,0.000497549,0.00058143,0,1
24.622,12.2301,0.9,11.5605,0.595664,11.5682,0.91252,0.0130943,0.0116447,1.23794e-05,-6.44397e-06,0.000987014,0.000479957,0.000568702,0,1
24.642,12.2401,0.9,11.5677,0.595399,11.5754,0.912614,0.0142328,0.0116608,1.2498e-05,-6.50849e-06,0.000993986,0.000484564,0.000572135,0,1
24.662,12.2501,0.9,11.5748,0.595145,11.5824,0.912715,0.014471,0.0116762,1.26226e-05,-6.57669e-06,0.00100085,0.000489101,0.000575576,0,1
24.682,12.2601,0.9,11.5829,0.594855,11.5905,0.912832,0.0143098,0.011696,1.27972e-05,-6.65486e-06,0.0010088,0.000494261,0.000579024,0,1
24.702,12.2701,0.9,11.5902,0.594587,11.5979,0.912937,0.0136481,0.0117126,1.29338e-05,-6.72675e-06,0.00101611,0.000499033,0.000582481,0,1
24.722,12.2801,0.9,11.5971,0.594334,11.6048,0.913031,0.0140242,0.0117274,1.30424e-05,-6.7926e-06,0.00102303,0.00050357,0.000585947,0,1
24.742,12.2901,0.9,11.6044,0.594065,11.6121,0.912789,0.0129149,0.0117439,1.28945e-05,-6.92962e-06,0.000994314,0.000485966,0.000572923,0,1
24.762,12.3001,0.9,11.6117,0.59379,11.6194,0.912883,0.011635,0.0117601,1.30081e-05,-6.99454e-06,0.00100141,0.000490631,0.000576366,0,1
24.782,12.3101,0.9,11.6183,0.59353,11.626,0.91296,0.0103581,0.011774,1.30846e-05,-7.05032e-06,0.00100795,0.000494968,0.000579817,0,1
24.802,12.3201,0.9,11.6246,0.593274,11.6323,0.913025,0.00877836,0.0117865,1.31376e-05,-7.09929e-06,0.00101419,0.000499119,0.000583276,0,1
24.822,12.3301,0.9,11.6319,0.592972,11.6396,0.912856,0.0086739,0.0118029,1.29254e-05,-7.21031e-06,0.000986028,0.000481844,0.000570451,0,1
24.842,12.3401,0.9,11.6395,0.592654,11.6472,0.912923,0.00840553,0.0118207,1.29926e-05,-7.25951e-06,0.000993423,0.0004867,0.000573889,0,1
24.862,12.3501,0.9,11.6465,0.592367,11.6542,0.912981,0.00927239,0.0118358,1.304e-05,-7.30455e-06,0.00100023,0.000491201,0.000577334,0,1
24.882,12.3601,0.9,11.6534,0.592086,11.6611,0.913045,0.00959152,0.0118507,1.30958e-05,-7.35309e-06,0.00100706,0.000495705,0.000580788,0,1
24.902,12.3701,0.9,11.6602,0.591811,11.6679,0.91311,0.00960388,0.011865,1.31511e-05,-7.40236e-06,0.0010138,0.000500153,0.00058425,0,1
24.922,12.3801,0.9,11.6671,0.591529,11.6748,0.912922,0.00887503,0.0118799,1.29413e-05,-7.51039e-06,0.000985267,0.000482608,0.000571368,0,1
24.942,12.3901,0.9,11.6739,0.59125,11.6816,0.912982,0.00928548,0.0118944,1.29892e-05,-7.55657e-06,0.000991865,0.000486997,0.000574809,0,1
24.962,12.4001,0.9,11.681,0.590956,11.6887,0.913048,0.00781365,0.01191,1.30479e-05,-7.60616e-06,0.000998807,0.00049158,0.000578257,0,1
24.982,12.4101,0.9,11.6886,0.59063,11.6964,0.913108,0.00679068,0.0119278,1.30995e-05,-7.65245e-06,0.00100636,0.000496511,0.000581713,0,1
25.002,12.4201,0.9,11.6959,0.590312,11.7037,0.913158,0.0069603,0.0119444,1.31309e-05,-7.69326e-06,0.00101368,0.000501299,0.000585177,0,1
25.022,12.4301,0.9,11.7024,0.590036,11.7101,0.913203,0.00734555,0.0119575,1.31498e-05,-7.73128e-06,0.00102016,0.000505582,0.00058865,0,1
25.042,12.4401,0.9,11.7097,0.58972,11.7174,0.913026,0.00601413,0.0119739,1.29218e-05,-7.82825e-06,0.000991574,0.000487913,0.000575491,0,1
25.062,12.4501,0.9,11.7161,0.589437,11.7238,0.913064,0.00532993,0.0119868,1.29307e-05,-7.8623e-06,0.000997839,0.000492098,0.000578941,0,1
25.082,12.4601,0.9,11.723,0.589127,11.7308,0.913101,0.00526123,0.0120018,1.29376e-05,-7.89566e-06,0.0010047,0.000496627,0.000582399,0,1
25.102,12.4701,0.9,11.7297,0.588827,11.7375,0.913137,0.00561052,0.012016,1.29414e-05,-7.92828e-06,0.00101142,0.000501068,0.000585865,0,1
25.122,12.4801,0.9,11.7373,0.588491,11.7451,0.91294,0.00567074,0.0120336,1.27039e-05,-8.01187e-06,0.000983641,0.000483882,0.000572911,0,1
25.142,12.4901,0.9,11.7445,0.588171,11.7523,0.912981,0.00522734,0.0120497,1.27172e-05,-8.04736e-06,0.000990656,0.000488518,0.000576355,0,1
25.162,12.5001,0.9,11.751,0.587887,11.7588,0.913015,0.00672228,0.0120628,1.27175e-05,-8.0789e-06,0.000996995,0.000492748,0.000579808,0,1
25.182,12.5101,0.9,11.7577,0.587594,11.7656,0.91306,0.00667209,0.0120772,1.27367e-05,-8.11745e-06,0.00100371,0.000497193,0.000583268,0,1
25.202,12.5201,0.9,11.7643,0.58731,11.7721,0.913104,0.00616028,0.0120906,1.27514e-05,-8.15497e-06,0.00101022,0.000501512,0.000586737,0,1
25.222,12.5301,0.9,11.7708,0.587023,11.7787,0.913144,0.00661217,0.0121042,1.27611e-05,-8.19091e-06,0.00101684,0.000505893,0.000590214,0,1
25.242,12.5401,0.9,11.7779,0.586716,11.7857,0.913004,0.00607763,0.0121197,1.25357e-05,-8.2713e-06,0.000988204,0.000488105,0.000576999,0,1
25.262,12.5501,0.9,11.7852,0.586398,11.793,0.913049,0.00633209,0.012136,1.2553e-05,-8.3091e-06,0.000995349,0.000492816,0.000580453,0,1
25.282,12.5601,0.9,11.7925,0.586076,11.8003,0.913095,0.00557354,0.0121525,1.25735e-05,-8.34827e-06,0.00100259,0.000497575,0.000583916,0,1
25.302,12.5701,0.9,11.7991,0.585776,11.807,0.913132,0.0037636,0.0121664,1.25767e-05,-8.38219e-06,0.00100923,0.00050197,0.000587387,0,1
25.322,12.5801,0.9,11.8063,0.585444,11.8141,0.913025,0.00309542,0.0121821,1.23266e-05,-8.4452e-06,0.000981141,0.000484518,0.000574362,0,1
25.342,12.5901,0.9,11.8135,0.5851,11.8214,0.913047,0.0021371,0.0121985,1.23046e-05,-8.47049e-06,0.000988231,0.000489204,0.000577811,0,1
25.362,12.6001,0.9,11.8204,0.584773,11.8283,0.913062,0.00228287,0.0122132,1.22706e-05,-8.49132e-06,0.000994976,0.000493678,0.000581267,0,1
25.382,12.6101,0.9,11.827,0.584458,11.8349,0.913077,0.00299264,0.0122271,1.22383e-05,-8.51252e-06,0.00100158,0.000498063,0.000584732,0,1
25.402,12.6201,0.9,11.8338,0.58414,11.8417,0.913098,0.0027592,0.0122414,1.22133e-05,-8.53676e-06,0.00100836,0.000502542,0.000588205,0,1
25.422,12.6301,0.9,11.8418,0.583764,11.8497,0.912994,0.00278975,0.0122607,1.19637e-05,-8.58956e-06,0.000981118,0.000485549,0.000575141,0,1
25.442,12.6401,0.9,11.8488,0.583431,11.8567,0.913014,0.00259537,0.0122761,1.19365e-05,-8.61329e-06,0.000988001,0.000490112,0.000578591,0,1
25.462,12.6501,0.9,11.8554,0.583124,11.8633,0.913031,0.00360735,0.0122896,1.19067e-05,-8.63554e-06,0.000994445,0.000494409,0.00058205,0,1
25.482,12.6601,0.9,11.8627,0.582788,11.8707,0.913058,0.00500209,0.0123064,1.189e-05,-8.66347e-06,0.00100177,0.000499217,0.000585517,0,1
25.502,12.6701,0.9,11.8699,0.582461,11.8779,0.913094,0.003986,0.0123223,1.18895e-05,-8.69701e-06,0.00100899,0.000503949,0.000588992,0,1
25.522,12.6801,0.9,11.8773,0.582122,11.8852,0.912941,0.00376335,0.012339,1.16647e-05,-8.74719e-06,0.000981093,0.000486527,0.000575867,0,1
25.542,12.6901,0.9,11.8834,0.581837,11.8914,0.912964,0.00374442,0.0123511,1.1645e-05,-8.77304e-06,0.000987115,0.000490582,0.000579319,0,1
25.562,12.7001,0.9,11.8912,0.581483,11.8992,0.912994,0.00491207,0.0123695,1.16313e-05,-8.80243e-06,0.000994788,0.000495601,0.00058278,0,1
25.582,12.7101,0.9,11.8979,0.581179,11.9059,0.913027,0.00459675,0.0123837,1.16252e-05,-8.83423e-06,0.00100148,0.000500037,0.000586249,0,1
25.602,12.7201,0.9,11.9045,0.580881,11.9124,0.913057,0.00414087,0.0123971,1.16141e-05,-8.86438e-06,0.00100804,0.000504383,0.000589726,0,1
25.622,12.7301,0.9,11.9113,0.580572,11.9193,0.912926,0.00548492,0.0124118,1.13979e-05,-8.90759e-06,0.000979705,0.000486665,0.000576567,0,1
25.642,12.7401,0.9,11.9183,0.58026,11.9263,0.912964,0.00568614,0.0124271,1.14005e-05,-8.94241e-06,0.000986576,0.000491222,0.000580022,0,1
25.662,12.7501,0.9,11.9243,0.579999,11.9322,0.912998,0.00607051,0.0124384,1.13952e-05,-8.97459e-06,0.000992426,0.000495172,0.000583485,0,1
25.682,12.7601,0.9,11.9311,0.579701,11.9391,0.91304,0.0070014,0.0124532,1.1402e-05,-9.01158e-06,0.000999262,0.000499698,0.000586956,0,1
25.702,12.7701,0.9,11.9381,0.5794,11.9461,0.913089,0.00717652,0.0124684,1.14209e-05,-9.05308e-06,0.0010063,0.000504333,0.000590435,0,1
25.722,12.7801,0.9,11.9444,0.579134,11.9524,0.91294,0.00703418,0.0124808,1.12376e-05,-9.09973e-06,0.000977447,0.000486271,0.000577255,0,1
25.742,12.7901,0.9,11.9514,0.578829,11.9594,0.91299,0.00601879,0.0124961,1.12571e-05,-9.14098e-06,0.00098431,0.000490831,0.000580712,0,1
25.762,12.8001,0.9,11.9578,0.578545,11.9659,0.913029,0.00590363,0.0125093,1.12582e-05,-9.17634e-06,0.000990685,0.000495097,0.000584177,0,1
25.782,12.8101,0.9,11.9651,0.578227,11.9731,0.913071,0.00581629,0.0125254,1.12656e-05,-9.21402e-06,0.000997867,0.000499829,0.00058765,0,1
25.802,12.8201,0.9,11.9721,0.57792,11.9801,0.913113,0.00686296,0.0125408,1.12697e-05,-9.25095e-06,0.00100495,0.000504496,0.000591131,0,1
25.822,12.8301,0.9,11.9788,0.577628,11.9868,0.912977,0.00556614,0.0125548,1.10951e-05,-9.293e-06,0.000976624,0.000486708,0.000577926,0,1
25.842,12.8401,0.9,11.9862,0.577299,11.9942,0.913019,0.00513593,0.0125716,1.10996e-05,-9.32963e-06,0.000983857,0.000491488,0.000581385,0,1
25.862,12.8501,0.9,11.9929,0.576997,12.001,0.913053,0.00494055,0.0125858,1.10926e-05,-9.36261e-06,0.000990505,0.000495914,0.000584852,0,1
25.882,12.8601,0.9,11.9999,0.576686,12.008,0.913088,0.00598522,0.0126011,1.1085e-05,-9.39575e-06,0.000997484,0.000500528,0.000588327,0,1
25.902,12.8701,0.9,12.0073,0.576363,12.0153,0.913132,0.00577751,0.0126177,1.10932e-05,-9.43458e-06,0.00100488,0.000505377,0.00059181,0,1
25.922,12.8801,0.9,12.0142,0.576056,12.0223,0.913172,0.00578669,0.0126328,1.1094e-05,-9.47133e-06,0.00101195,0.000510021,0.000595301,0,1
25.942,12.8901,0.9,12.0207,0.575769,12.0288,0.912991,0.00546304,0.012646,1.09115e-05,-9.50333e-06,0.000982942,0.000491748,0.00058182,0,1
25.962,12.9001,0.9,12.0275,0.57547,12.0356,0.913028,0.0062644,0.0126604,1.09074e-05,-9.53793e-06,0.000989663,0.000496218,0.000585288,0,1
25.982,12.9101,0.9,12.0343,0.575177,12.0424,0.913071,0.007149,0.0126749,1.09117e-05,-9.57587e-06,0.000996441,0.000500714,0.000588764,0,1
26.002,12.9201,0.9,12.0417,0.574861,12.0498,0.913124,0.00697318,0.0126917,1.09344e-05,-9.62007e-06,0.00100389,0.000505593,0.000592249,0,1
26.022,12.9301,0.9,12.0487,0.574562,12.0568,0.913173,0.00762641,0.0127069,1.09483e-05,-9.66207e-06,0.001011,0.000510268,0.000595741,0,1
26.042,12.9401,0.9,12.0555,0.574271,12.0636,0.913,0.0070412,0.0127216,1.07956e-05,-9.69749e-06,0.000982436,0.000492223,0.00058224,0,1
26.062,12.9501,0.9,12.063,0.57395,12.0711,0.913053,0.00624924,0.0127387,1.08172e-05,-9.74115e-06,0.000989806,0.000497074,0.00058571,0,1
26.082,12.9601,0.9,12.0702,0.573637,12.0783,0.913098,0.00650862,0.0127547,1.08246e-05,-9.7807e-06,0.000997009,0.000501816,0.000589187,0,1
26.102,12.9701,0.9,12.0778,0.573305,12.086,0.913148,0.00643256,0.0127726,1.08409e-05,-9.82324e-06,0.00100473,0.00050685,0.000592673,0,1
26.122,12.9801,0.9,12.0851,0.572993,12.0932,0.912983,0.0066659,0.0127888,1.06846e-05,-9.85101e-06,0.000976928,0.000489277,0.000579358,0,1
26.142,12.9901,0.9,12.0917,0.572705,12.0998,0.913027,0.00577781,0.0128026,1.06894e-05,-9.88976e-06,0.000983429,0.000493618,0.000582821,0,1
26.162,13.0001,0.9,12.0987,0.572395,12.1069,0.913067,0.00540539,0.0128179,1.06883e-05,-9.92669e-06,0.00099041,0.000498235,0.000586292,0,1
26.182,13.0101,0.9,12.1058,0.572078,12.1139,0.913106,0.00409856,0.0128333,1.06824e-05,-9.96226e-06,0.000997459,0.000502883,0.000589772,0,1
26.202,13.0201,0.9,12.1127,0.571767,12.1208,0.913134,0.00520588,0.0128482,1.06601e-05,-9.99223e-06,0.00100443,0.000507478,0.000593259,0,1
26.222,13.0301,0.9,12.1195,0.571467,12.1277,0.912975,0.00651891,0.0128628,1.0492e-05,-1.00087e-05,0.000976258,0.000489654,0.00057991,0,1
26.242,13.0401,0.9,12.1265,0.571165,12.1347,0.913021,0.00692104,0.0128782,1.0499e-05,-1.00485e-05,0.000983173,0.00049424,0.000583374,0,1
26.262,13.0501,0.9,12.1333,0.57088,12.1415,0.913068,0.0082883,0.0128926,1.0507e-05,-1.00892e-05,0.000989909,0.000498713,0.000586847,0,1
26.282,13.0601,0.9,12.1404,0.570586,12.1485,0.913126,0.00733277,0.0129079,1.0534e-05,-1.01368e-05,0.000996962,0.000503363,0.000590328,0,1
26.302,13.0701,0.9,12.1472,0.570303,12.1554,0.913176,0.00914139,0.0129225,1.0546e-05,-1.01798e-05,0.00100386,0.000507916,0.000593817,0,1
26.322,13.0801,0.9,12.1541,0.570026,12.1623,0.913239,0.0101557,0.0129373,1.0579e-05,-1.02306e-05,0.0010109,0.000512542,0.000597315,0,1
26.342,13.0901,0.9,12.1605,0.569767,12.1687,0.913061,0.00865364,0.0129504,1.04605e-05,-1.02598e-05,0.0009819,0.000494149,0.000583704,0,1
26.362,13.1001,0.9,12.1678,0.56947,12.176,0.913124,0.00848223,0.0129666,1.0495e-05,-1.03098e-05,0.000989096,0.000498894,0.000587178,0,1
26.382,13.1101,0.9,12.1747,0.569189,12.1829,0.913183,0.00932333,0.0129815,1.05203e-05,-1.03578e-05,0.000996016,0.000503468,0.00059066,0,1
26.402,13.1201,0.9,12.1825,0.568875,12.1907,0.913256,0.00959682,0.0130001,1.05757e-05,-1.04144e-05,0.00100394,0.000508616,0.00059415,0,1
26.422,13.1301,0.9,12.1898,0.568583,12.198,0.913101,0.00927639,0.0130165,1.04721e-05,-1.04427e-05,0.000976198,0.000490994,0.000580743,0,1
26.442,13.1401,0.9,12.1967,0.568308,12.2049,0.913165,0.0100283,0.0130313,1.05058e-05,-1.04935e-05,0.000982998,0.000495508,0.00058421,0,1
26.462,13.1501,0.9,12.2033,0.568048,12.2115,0.913231,0.00979134,0.013045,1.05407e-05,-1.05458e-05,0.000989564,0.000499878,0.000587686,0,1
26.482,13.1601,0.9,12.2101,0.567778,12.2183,0.913298,0.0102435,0.0130595,1.05773e-05,-1.05987e-05,0.000996411,0.000504405,0.00059117,0,1
26.502,13.1701,0.9,12.2173,0.567493,12.2256,0.913372,0.0103544,0.0130758,1.06292e-05,-1.06565e-05,0.00100378,0.00050923,0.000594661,0,1
26.522,13.1801,0.9,12.2246,0.567207,12.2329,0.913448,0.0100895,0.0130921,1.06822e-05,-1.07152e-05,0.00101124,0.000514097,0.000598161,0,1
26.542,13.1901,0.9,12.231,0.566959,12.2393,0.913246,0.0113379,0.0131051,1.0563e-05,-1.07378e-05,0.00098214,0.000495593,0.000584483,0,1
26.562,13.2001,0.9,12.2382,0.566687,12.2464,0.913327,0.0113021,0.0131209,1.06249e-05,-1.0799e-05,0.000989263,0.000500289,0.000587959,0,1
26.582,13.2101,0.9,12.2447,0.566439,12.2529,0.913401,0.0111332,0.0131342,1.06681e-05,-1.08561e-05,0.000995786,0.000504627,0.000591444,0,1
26.602,13.2201,0.9,12.2517,0.566174,12.2599,0.913479,0.011909,0.0131494,1.0722e-05,-1.09162e-05,0.00100289,0.000509298,0.000594937,0,1
26.622,13.2301,0.9,12.2586,0.565917,12.2668,0.913283,0.0122518,0.0131643,1.06356e-05,-1.09455e-05,0.000974816,0.000491428,0.000581487,0,1
26.642,13.2401,0.9,12.2652,0.565677,12.2734,0.913364,0.0134942,0.0131779,1.0691e-05,-1.10065e-05,0.000981328,0.000495775,0.000584957,0,1
26.662,13.2501,0.9,12.2721,0.565427,12.2804,0.913457,0.0127995,0.0131929,1.077e-05,-1.10754e-05,0.000988243,0.000500351,0.000588435,0,1
26.682,13.2601,0.9,12.278,0.565211,12.2863,0.913533,0.0127837,0.0132043,1.0811e-05,-1.11342e-05,0.0009942,0.000504361,0.000591921,0,1
26.702,13.2701,0.9,12.2846,0.564975,12.2929,0.913617,0.0138349,0.0132178,1.08681e-05,-1.11979e-05,0.00100083,0.00050876,0.000595415,0,1
26.722,13.2801,0.9,12.2915,0.564728,12.2998,0.913371,0.0129126,0.0132326,1.08022e-05,-1.12322e-05,0.000972894,0.000490948,0.000581966,0,1
26.742,13.2901,0.9,12.2989,0.56446,12.3072,0.913467,0.0130715,0.0132496,1.08901e-05,-1.13024e-05,0.000980231,0.000495786,0.000585437,0,1
26.762,13.3001,0.9,12.3064,0.564192,12.3147,0.913565,0.0135169,0.0132668,1.09812e-05,-1.1374e-05,0.000987699,0.00050069,0.000588917,0,1
26.782,13.3101,0.9,12.3134,0.563948,12.3217,0.913659,0.0147405,0.013282,1.10593e-05,-1.14441e-05,0.000994736,0.000505331,0.000592405,0,1
26.802,13.3201,0.9,12.3203,0.563714,12.3286,0.913761,0.0153212,0.0132967,1.11459e-05,-1.15186e-05,0.00100171,0.000509927,0.0005959,0,1
26.822,13.3301,0.9,12.3274,0.563472,12.3357,0.913518,0.0145573,0.0133123,1.10988e-05,-1.15595e-05,0.000973895,0.000492159,0.000582405,0,1
26.842,13.3401,0.9,12.3342,0.56324,12.3426,0.913619,0.0154774,0.0133271,1.11846e-05,-1.16324e-05,0.000980707,0.000496682,0.000585878,0,1
26.862,13.3501,0.9,12.3413,0.563001,12.3496,0.913728,0.0146327,0.0133426,1.12867e-05,-1.1711e-05,0.00098775,0.000501333,0.000589358,0,1
26.882,13.3601,0.9,12.3484,0.562762,12.3567,0.913831,0.0151603,0.013358,1.1378e-05,-1.17867e-05,0.000994867,0.000506019,0.000592847,0,1
26.902,13.3701,0.9,12.3545,0.562552,12.3629,0.913925,0.014574,0.0133701,1.14413e-05,-1.18568e-05,0.00100112,0.000510196,0.000596345,0,1
26.922,13.3801,0.9,12.3614,0.562316,12.3697,0.913671,0.014123,0.0133848,1.13707e-05,-1.18914e-05,0.000973096,0.00049228,0.000582829,0,1
26.942,13.3901,0.9,12.3684,0.562074,12.3767,0.91377,0.013753,0.0134,1.14527e-05,-1.19637e-05,0.000980008,0.000496864,0.000586303,0,1
26.962,13.4001,0.9,12.3749,0.561848,12.3833,0.91386,0.0144745,0.0134135,1.15154e-05,-1.20315e-05,0.000986556,0.000501228,0.000589785,0,1
26.982,13.4101,0.9,12.3823,0.561592,12.3906,0.913967,0.01311,0.0134301,1.16134e-05,-1.21092e-05,0.000993956,0.000506082,0.000593275,0,1
27.002,13.4201,0.9,12.3904,0.561307,12.3987,0.914073,0.0140074,0.01345,1.17214e-05,-1.21874e-05,0.00100222,0.000511427,0.000596774,0,1
27.022,13.4301,0.9,12.3974,0.561065,12.4058,0.914172,0.0147189,0.0134654,1.18001e-05,-1.22614e-05,0.00100945,0.000516163,0.000600281,0,1
27.042,13.4401,0.9,12.4046,0.56082,12.4129,0.913917,0.013956,0.0134812,1.17339e-05,-1.22987e-05,0.000981185,0.000498027,0.000586481,0,1
27.062,13.4501,0.9,12.4112,0.560588,12.4196,0.91401,0.012959,0.0134951,1.17991e-05,-1.23683e-05,0.000987834,0.000502442,0.000589964,0,1
27.082,13.4601,0.9,12.4186,0.560328,12.427,0.914106,0.0137256,0.013512,1.18777e-05,-1.24404e-05,0.000995334,0.000507348,0.000593455,0,1
27.102,13.4701,0.9,12.4258,0.560082,12.4342,0.914205,0.014515,0.0135278,1.19555e-05,-1.25139e-05,0.00100262,0.00051212,0.000596954,0,1
27.122,13.4801,0.9,12.4332,0.559828,12.4416,0.913965,0.0140347,0.0135449,1.1897e-05,-1.25507e-05,0.000975077,0.000494445,0.000583368,0,1
27.142,13.4901,0.9,12.4398,0.559608,12.4482,0.914057,0.0150391,0.0135584,1.19584e-05,-1.26196e-05,0.000981575,0.000498776,0.000586844,0,1
27.162,13.5001,0.9,12.4471,0.559363,12.4554,0.914167,0.0139675,0.0135746,1.20565e-05,-1.26992e-05,0.000988862,0.000503562,0.000590328,0,1
27.182,13.5101,0.9,12.4547,0.5591,12.4631,0.914274,0.0139487,0.0135926,1.21554e-05,-1.27781e-05,0.00099663,0.000508617,0.00059382,0,1
27.202,13.5201,0.9,12.4616,0.558864,12.47,0.91437,0.0139617,0.0136074,1.22245e-05,-1.28508e-05,0.00100368,0.000513242,0.000597321,0,1
27.222,13.5301,0.9,12.4685,0.558627,12.4769,0.914466,0.0140158,0.0136222,1.22931e-05,-1.29241e-05,0.00101079,0.000517902,0.00060083,0,1
27.242,13.5401,0.9,12.4757,0.558381,12.4841,0.914255,0.0137452,0.0136382,1.22104e-05,-1.29557e-05,0.000982449,0.00049968,0.000586966,0,1
27.262,13.5501,0.9,12.4823,0.558157,12.4907,0.914345,0.0141742,0.0136519,1.22672e-05,-1.30247e-05,0.000989068,0.000504071,0.000590451,0,1
27.282,13.5601,0.9,12.4899,0.557897,12.4983,0.914453,0.0136907,0.0136695,1.23633e-05,-1.3104e-05,0.000996761,0.000509081,0.000593944,0,1
27.302,13.5701,0.9,12.4962,0.557681,12.5046,0.914539,0.0136568,0.0136821,1.24089e-05,-1.31711e-05,0.0010032,0.00051335,0.000597445,0,1
27.322,13.5801,0.9,12.5032,0.557433,12.5117,0.914311,0.0120223,0.0136975,1.23176e-05,-1.31974e-05,0.000975212,0.000495381,0.00058381,0,1
27.342,13.5901,0.9,12.5103,0.557178,12.5188,0.914396,0.0117808,0.0137132,1.23692e-05,-1.32632e-05,0.000982292,0.00050005,0.000587288,0,1
27.362,13.6001,0.9,12.5177,0.556915,12.5261,0.914482,0.012068,0.0137296,1.24227e-05,-1.33298e-05,0.00098964,0.000504866,0.000590774,0,1
27.382,13.6101,0.9,12.5246,0.556665,12.533,0.914566,0.0117174,0.0137446,1.24683e-05,-1.33954e-05,0.00099668,0.000509493,0.000594268,0,1
27.402,13.6201,0.9,12.5318,0.556405,12.5403,0.914651,0.0123528,0.0137608,1.25176e-05,-1.3462e-05,0.00100411,0.000514337,0.000597771,0,1
27.422,13.6301,0.9,12.5388,0.556154,12.5473,0.914421,0.0111607,0.013776,1.24074e-05,-1.34795e-05,0.000975971,0.00049626,0.000584099,0,1
27.442,13.6401,0.9,12.5458,0.555894,12.5542,0.914499,0.00943432,0.0137911,1.24431e-05,-1.35411e-05,0.000982925,0.000500851,0.000587578,0,1
27.462,13.6501,0.9,12.5528,0.555628,12.5612,0.914565,0.0098616,0.0138062,1.24582e-05,-1.3596e-05,0.000989953,0.000505478,0.000591065,0,1
27.482,13.6601,0.9,12.5603,0.555341,12.5688,0.91464,0.00978074,0.0138237,1.24899e-05,-1.36564e-05,0.000997639,0.000510478,0.00059456,0,1
27.502,13.6701,0.9,12.5672,0.55508,12.5757,0.914707,0.0097207,0.0138386,1.25059e-05,-1.37128e-05,0.00100471,0.000515112,0.000598064,0,1
27.522,13.6801,0.9,12.574,0.554821,12.5825,0.914527,0.00975983,0.0138531,1.2365e-05,-1.3715e-05,0.000976374,0.0004969,0.000584362,0,1
27.542,13.6901,0.9,12.5811,0.554554,12.5896,0.914596,0.00965541,0.0138686,1.23848e-05,-1.37716e-05,0.00098344,0.000501554,0.000587842,0,1
27.562,13.7001,0.9,12.5879,0.554298,12.5964,0.914661,0.0100572,0.0138829,1.23969e-05,-1.38264e-05,0.000990262,0.000506058,0.00059133,0,1
27.582,13.7101,0.9,12.5949,0.554034,12.6034,0.914732,0.0100888,0.0138983,1.24179e-05,-1.38846e-05,0.000997417,0.000510747,0.000594827,0,1
27.602,13.7201,0.9,12.6016,0.553786,12.6101,0.914799,0.010673,0.0139122,1.24313e-05,-1.3941e-05,0.00100425,0.000515245,0.000598331,0,1
27.622,13.7301,0.9,12.6085,0.553534,12.617,0.914556,0.0113803,0.0139271,1.23064e-05,-1.39427e-05,0.000976032,0.000497086,0.000584618,0,1
27.642,13.7401,0.9,12.6144,0.553326,12.6229,0.914624,0.0127657,0.0139384,1.23186e-05,-1.39985e-05,0.000981937,0.000501062,0.000588099,0,1
27.662,13.7501,0.9,12.6217,0.553071,12.6302,0.914717,0.0125867,0.0139549,1.23794e-05,-1.40699e-05,0.000989311,0.000505892,0.000591588,0,1
27.682,13.7601,0.9,12.6282,0.552844,12.6368,0.914799,0.0124646,0.0139683,1.24146e-05,-1.41351e-05,0.000995941,0.00051028,0.000595085,0,1
27.702,13.7701,0.9,12.6351,0.552603,12.6436,0.914885,0.0120253,0.0139829,1.2456e-05,-1.42024e-05,0.00100295,0.000514882,0.000598591,0,1
27.722,13.7801,0.9,12.6415,0.552376,12.65,0.914643,0.0121641,0.013996,1.23368e-05,-1.42023e-05,0.000974345,0.000496483,0.00058488,0,1
27.742,13.7901,0.9,12.6481,0.552142,12.6566,0.914723,0.0109751,0.0140096,1.23686e-05,-1.42656e-05,0.000980891,0.00050084,0.000588362,0,1
27.762,13.8001,0.9,12.6546,0.551906,12.6631,0.914794,0.0108171,0.0140229,1.23862e-05,-1.43243e-05,0.000987435,0.000505189,0.000591852,0,1
27.782,13.8101,0.9,12.6614,0.551655,12.6699,0.914868,0.0100704,0.0140374,1.24078e-05,-1.43846e-05,0.000994348,0.000509748,0.000595351,0,1
27.802,13.8201,0.9,12.6679,0.551413,12.6764,0.914933,0.0095397,0.0140506,1.24143e-05,-1.44401e-05,0.00100097,0.000514131,0.000598857,0,1
27.822,13.8301,0.9,12.6747,0.551154,12.6833,0.914999,0.00954537,0.0140653,1.24213e-05,-1.44962e-05,0.00100806,0.000518777,0.000602372,0,1
27.842,13.8401,0.9,12.6818,0.55089,12.6903,0.914801,0.0101728,0.0140808,1.22909e-05,-1.44851e-05,0.000979737,0.000500479,0.000588438,0,1
27.862,13.8501,0.9,12.6889,0.550626,12.6974,0.914874,0.00938509,0.0140964,1.23104e-05,-1.45444e-05,0.000986874,0.000505178,0.000591928,0,1
27.882,13.8601,0.9,12.6956,0.550374,12.7042,0.914937,0.0104567,0.0141107,1.23139e-05,-1.45989e-05,0.000993738,0.000509709,0.000595427,0,1
27.902,13.8701,0.9,12.7025,0.550115,12.7111,0.915009,0.00886063,0.0141256,1.23314e-05,-1.46588e-05,0.00100082,0.000514358,0.000598935,0,1
27.922,13.8801,0.9,12.7094,0.549855,12.718,0.91507,0.00952099,0.0141403,1.23294e-05,-1.47122e-05,0.00100791,0.000519007,0.00060245,0,1
27.942,13.8901,0.9,12.7168,0.549578,12.7254,0.914855,0.009765,0.0141571,1.22087e-05,-1.4698e-05,0.000979926,0.000500894,0.000588507,0,1
27.962,13.9001,0.9,12.7235,0.549326,12.7321,0.91492,0.00881726,0.0141711,1.22143e-05,-1.47534e-05,0.000986654,0.000505352,0.000591998,0,1
27.982,13.9101,0.9,12.7308,0.54905,12.7393,0.914984,0.00906809,0.0141874,1.22178e-05,-1.48082e-05,0.000994028,0.000510179,0.000595498,0,1
28.002,13.9201,0.9,12.7374,0.548799,12.746,0.915045,0.0095766,0.0142014,1.22146e-05,-1.48613e-05,0.00100087,0.000514689,0.000599006,0,1
28.022,13.9301,0.9,12.7439,0.548556,12.7525,0.915107,0.00993746,0.0142147,1.22135e-05,-1.49157e-05,0.00100761,0.000519129,0.000602522,0,1
28.042,13.9401,0.9,12.7508,0.548303,12.7594,0.914918,0.0103647,0.0142295,1.20936e-05,-1.48956e-05,0.000979113,0.000500708,0.000588574,0,1
28.062,13.9501,0.9,12.7578,0.548047,12.7664,0.91499,0.00994328,0.0142446,1.21099e-05,-1.49552e-05,0.000986134,0.000505338,0.000592065,0,1
28.082,13.9601,0.9,12.7648,0.54779,12.7734,0.91506,0.0103333,0.0142599,1.21212e-05,-1.50136e-05,0.000993251,0.000510016,0.000595565,0,1
28.102,13.9701,0.9,12.7718,0.547539,12.7804,0.915132,0.011106,0.0142749,1.21354e-05,-1.50735e-05,0.00100038,0.000514694,0.000599074,0,1
28.122,13.9801,0.9,12.7783,0.547308,12.7869,0.915205,0.0119332,0.0142884,1.21486e-05,-1.51342e-05,0.00100714,0.000519148,0.00060259,0,1
28.142,13.9901,0.9,12.785,0.54707,12.7937,0.914952,0.0109065,0.0143026,1.20509e-05,-1.51165e-05,0.000978534,0.000500651,0.00058864,0,1
28.162,14.0001,0.9,12.7922,0.546816,12.8008,0.91503,0.0114421,0.0143184,1.20756e-05,-1.51795e-05,0.000985717,0.000505376,0.000592132,0,1
28.182,14.0101,0.9,12.7993,0.546569,12.8079,0.915112,0.0128005,0.0143342,1.21062e-05,-1.52452e-05,0.000992979,0.000510139,0.000595632,0,1
28.202,14.0201,0.9,12.8063,0.546333,12.8149,0.915201,0.0124824,0.0143492,1.21467e-05,-1.53154e-05,0.0010001,0.000514811,0.000599141,0,1
28.222,14.0301,0.9,12.813,0.546103,12.8216,0.914981,0.0119205,0.0143632,1.20561e-05,-1.52964e-05,0.0009719,0.000496595,0.000585417,0,1
28.242,14.0401,0.9,12.82,0.545862,12.8286,0.915065,0.0121873,0.0143785,1.20891e-05,-1.53626e-05,0.000978902,0.000501221,0.000588902,0,1
28.262,14.0501,0.9,12.8269,0.545623,12.8356,0.91515,0.0122404,0.0143937,1.21232e-05,-1.543e-05,0.000985928,0.000505852,0.000592395,0,1
28.282,14.0601,0.9,12.8349,0.545351,12.8435,0.915247,0.0121603,0.0144128,1.21848e-05,-1.5505e-05,0.000993998,0.000511083,0.000595897,0,1
28.302,14.0701,0.9,12.8409,0.545148,12.8495,0.91532,0.0129905,0.0144242,1.21943e-05,-1.55657e-05,0.00100013,0.000515176,0.000599407,0,1
28.322,14.0801,0.9,12.8482,0.544901,12.8569,0.915415,0.0128367,0.0144409,1.22465e-05,-1.56406e-05,0.00100776,0.000520131,0.000602925,0,1
28.342,14.0901,0.9,12.855,0.544672,12.8637,0.915153,0.012564,0.0144553,1.21608e-05,-1.56202e-05,0.000979153,0.00050161,0.000588937,0,1
28.362,14.1001,0.9,12.8623,0.544431,12.871,0.915245,0.0138179,0.0144717,1.22064e-05,-1.56917e-05,0.000986507,0.00050643,0.000592431,0,1
28.382,14.1101,0.9,12.8682,0.54424,12.8769,0.915327,0.0142707,0.014483,1.22281e-05,-1.57578e-05,0.000992541,0.000510473,0.000595933,0,1
28.402,14.1201,0.9,12.8752,0.544019,12.8839,0.915427,0.015148,0.0144982,1.22832e-05,-1.58349e-05,0.000999712,0.000515173,0.000599444,0,1
28.422,14.1301,0.9,12.8829,0.543781,12.8916,0.915186,0.0148518,0.0145161,1.22557e-05,-1.5828e-05,0.000972484,0.000497506,0.000585701,0,1
28.442,14.1401,0.9,12.8905,0.543544,12.8992,0.915299,0.0148553,0.0145338,1.23414e-05,-1.59119e-05,0.000980102,0.000502486,0.000589187,0,1
28.462,14.1501,0.9,12.8975,0.543325,12.9062,0.915404,0.0152047,0.0145493,1.24053e-05,-1.59914e-05,0.000987228,0.000507169,0.000592682,0,1
28.482,14.1601,0.9,12.9045,0.543112,12.9132,0.915509,0.0151474,0.0145642,1.24674e-05,-1.60716e-05,0.000994278,0.000511798,0.000596185,0,1
28.502,14.1701,0.9,12.9113,0.542903,12.92,0.915612,0.0156838,0.0145786,1.25238e-05,-1.61509e-05,0.00100127,0.000516389,0.000599696,0,1
28.522,14.1801,0.9,12.9186,0.542677,12.9273,0.915321,0.0141553,0.0145951,1.24851e-05,-1.6142e-05,0.000973605,0.000498448,0.000585913,0,1
28.542,14.1901,0.9,12.9252,0.542469,12.9339,0.915414,0.0142752,0.0146087,1.25251e-05,-1.62145e-05,0.0009802,0.000502827,0.0005894,0,1
28.562,14.2001,0.9,12.9316,0.542264,12.9403,0.915506,0.0135511,0.0146219,1.25613e-05,-1.62866e-05,0.00098671,0.00050715,0.000592896,0,1
28.582,14.2101,0.9,12.9381,0.542053,12.9468,0.915595,0.0129754,0.0146353,1.25915e-05,-1.6357e-05,0.000993349,0.000511543,0.0005964,0,1
28.602,14.2201,0.9,12.9448,0.54183,12.9535,0.915682,0.0122473,0.0146493,1.26197e-05,-1.6427e-05,0.00100024,0.000516076,0.000599912,0,1
28.622,14.2301,0.9,12.9518,0.541597,12.9606,0.915451,0.0125197,0.0146646,1.25297e-05,-1.63984e-05,0.000972328,0.000497986,0.00058613,0,1
28.642,14.2401,0.9,12.9591,0.541358,12.9678,0.915542,0.0129765,0.0146809,1.25687e-05,-1.64698e-05,0.000979606,0.000502768,0.000589619,0,1
28.662,14.2501,0.9,12.9659,0.541134,12.9747,0.91563,0.0123895,0.0146955,1.26002e-05,-1.65402e-05,0.000986507,0.00050732,0.000593116,0,1
28.682,14.2601,0.9,12.9729,0.540908,12.9816,0.915716,0.0133707,0.0147104,1.26265e-05,-1.66092e-05,0.000993558,0.000511953,0.000596621,0,1
28.702,14.2701,0.9,12.9798,0.540683,12.9885,0.915808,0.0126903,0.0147252,1.26627e-05,-1.66825e-05,0.00100066,0.000516609,0.000600134,0,1
28.722,14.2801,0.9,12.9868,0.540448,12.9955,0.915563,0.0114361,0.0147406,1.25794e-05,-1.66525e-05,0.000972751,0.000498506,0.000586331,0,1
28.742,14.2901,0.9,12.9936,0.540217,13.0023,0.91564,0.0111377,0.014755,1.25918e-05,-1.67162e-05,0.00097954,0.000503001,0.00058982,0,1
28.762,14.3001,0.9,13.0003,0.539983,13.0091,0.915716,0.0105622,0.0147693,1.26001e-05,-1.67789e-05,0.000986385,0.000507521,0.000593318,0,1
28.782,14.3101,0.9,13.0076,0.539732,13.0164,0.915793,0.0114073,0.0147857,1.26114e-05,-1.6843e-05,0.000993832,0.000512384,0.000596824,0,1
28.802,14.3201,0.9,13.015,0.539486,13.0238,0.915877,0.0126137,0.0148025,1.26345e-05,-1.69116e-05,0.00100143,0.000517323,0.000600338,0,1
28.822,14.3301,0.9,13.0223,0.539248,13.031,0.915588,0.0123002,0.0148186,1.25577e-05,-1.68787e-05,0.000973669,0.000499296,0.00058651,0,1
28.842,14.3401,0.9,13.0292,0.539016,13.0379,0.915673,0.0106628,0.0148335,1.25811e-05,-1.69469e-05,0.0009806,0.00050387,0.00059,0,1
28.862,14.3501,0.9,13.0357,0.538792,13.0444,0.915743,0.0108828,0.0148469,1.25779e-05,-1.70062e-05,0.00098718,0.000508232,0.000593498,0,1
28.882,14.3601,0.9,13.0422,0.538569,13.051,0.915814,0.0110534,0.0148603,1.25766e-05,-1.70668e-05,0.000993847,0.000512639,0.000597005,0,1
28.902,14.3701,0.9,13.0494,0.538318,13.0582,0.915893,0.00976652,0.0148763,1.25898e-05,-1.71329e-05,0.00100127,0.00051748,0.00060052,0,1
28.922,14.3801,0.9,13.0562,0.538081,13.065,0.91596,0.0109073,0.0148909,1.25799e-05,-1.71915e-05,0.00100836,0.000522116,0.000604043,0,1
28.942,14.3901,0.9,13.0635,0.537831,13.0723,0.915689,0.0109436,0.0149072,1.24861e-05,-1.71467e-05,0.000980204,0.00050379,0.000589968,0,1
28.962,14.4001,0.9,13.0704,0.537596,13.0792,0.915765,0.0105909,0.014922,1.24914e-05,-1.72097e-05,0.000987175,0.00050838,0.000593467,0,1
28.982,14.4101,0.9,13.077,0.537372,13.0858,0.915835,0.0113555,0.0149356,1.24867e-05,-1.72696e-05,0.000993894,0.000512816,0.000596974,0,1
29.002,14.4201,0.9,13.0837,0.537143,13.0925,0.915911,0.0103428,0.0149498,1.24916e-05,-1.73336e-05,0.00100081,0.000517358,0.000600489,0,1
29.022,14.4301,0.9,13.0901,0.536924,13.0989,0.915665,0.0105979,0.0149626,1.23797e-05,-1.72773e-05,0.000972201,0.000498823,0.000586656,0,1
29.042,14.4401,0.9,13.0969,0.536687,13.1057,0.915737,0.0095924,0.0149772,1.23797e-05,-1.73383e-05,0.000979053,0.000503355,0.000590147,0,1
29.062,14.4501,0.9,13.1041,0.536433,13.1129,0.915806,0.00914141,0.0149932,1.23732e-05,-1.73976e-05,0.000986329,0.000508126,0.000593647,0,1
29.082,14.4601,0.9,13.1108,0.536192,13.1196,0.915868,0.00923851,0.0150075,1.23546e-05,-1.74529e-05,0.000993226,0.000512668,0.000597155,0,1
29.102,14.4701,0.9,13.1179,0.535944,13.1267,0.915933,0.0102945,0.015023,1.23406e-05,-1.75106e-05,0.00100052,0.000517431,0.000600671,0,1
29.122,14.4801,0.9,13.1249,0.535701,13.1338,0.916006,0.0101891,0.0150383,1.23376e-05,-1.75727e-05,0.00100782,0.000522195,0.000604195,0,1
29.142,14.4901,0.9,13.1316,0.535467,13.1404,0.915748,0.0090998,0.0150523,1.22342e-05,-1.75116e-05,0.000979064,0.000503505,0.000590114,0,1
29.162,14.5001,0.9,13.1377,0.53525,13.1466,0.915804,0.00920071,0.0150643,1.22079e-05,-1.75631e-05,0.000985269,0.000507652,0.000593614,0,1
29.182,14.5101,0.9,13.145,0.534992,13.1539,0.915871,0.00931622,0.0150807,1.21961e-05,-1.76216e-05,0.000992704,0.000512509,0.000597122,0,1
29.202,14.5201,0.9,13.1522,0.534739,13.1611,0.915938,0.00970338,0.0150967,1.21837e-05,-1.76804e-05,0.00100013,0.000517349,0.000600639,0,1
29.222,14.5301,0.9,13.159,0.534499,13.1678,0.915711,0.00825482,0.015111,1.20826e-05,-1.76139e-05,0.000971958,0.000499058,0.000586802,0,1
29.242,14.5401,0.9,13.1662,0.534239,13.1751,0.915771,0.00902487,0.0151272,1.20585e-05,-1.76677e-05,0.000979226,0.000503832,0.000590295,0,1
29.262,14.5501,0.9,13.1724,0.534023,13.1812,0.915826,0.00935204,0.0151392,1.20305e-05,-1.7719e-05,0.00098543,0.000507978,0.000593795,0,1
29.282,14.5601,0.9,13.1792,0.533783,13.1881,0.91589,0.00954277,0.0151539,1.20132e-05,-1.77757e-05,0.000992422,0.000512577,0.000597304,0,1
29.302,14.5701,0.9,13.1861,0.533538,13.1949,0.915956,0.0079826,0.0151686,1.19975e-05,-1.78336e-05,0.00099949,0.000517213,0.000600822,0,1
29.322,14.5801,0.9,13.193,0.533288,13.2019,0.916011,0.00887673,0.0151836,1.19645e-05,-1.78857e-05,0.00100671,0.000521927,0.000604347,0,1
29.342,14.5901,0.9,13.1998,0.533047,13.2086,0.915799,0.00865377,0.0151978,1.18617e-05,-1.78093e-05,0.000978086,0.000503307,0.00059027,0,1
29.362,14.6001,0.9,13.2071,0.532783,13.216,0.915862,0.00795605,0.0152143,1.18419e-05,-1.78654e-05,0.0009855,0.00050816,0.000593771,0,1
29.382,14.6101,0.9,13.2141,0.532533,13.223,0.915918,0.00885101,0.0152295,1.18092e-05,-1.79171e-05,0.000992625,0.000512836,0.00059728,0,1
29.402,14.6201,0.9,13.2213,0.532279,13.2302,0.915982,0.00974779,0.0152456,1.17892e-05,-1.79741e-05,0.00100007,0.000517688,0.000600798,0,1
29.422,14.6301,0.9,13.2284,0.532032,13.2373,0.915743,0.00943568,0.0152613,1.17068e-05,-1.78993e-05,0.000972269,0.000499597,0.000586947,0,1
29.442,14.6401,0.9,13.2359,0.531771,13.2448,0.915814,0.00877464,0.0152784,1.16988e-05,-1.79594e-05,0.000979763,0.0005045,0.000590441,0,1
29.462,14.6501,0.9,13.2424,0.531539,13.2513,0.915871,0.00872676,0.0152919,1.16704e-05,-1.80119e-05,0.00098639,0.000508889,0.000593943,0,1
29.482,14.6601,0.9,13.2488,0.531316,13.2577,0.915926,0.00917825,0.0153046,1.16391e-05,-1.80635e-05,0.000992869,0.000513186,0.000597453,0,1
29.502,14.6701,0.9,13.2554,0.531084,13.2643,0.915988,0.00956299,0.0153186,1.16151e-05,-1.8119e-05,0.000999752,0.000517712,0.000600972,0,1
29.522,14.6801,0.9,13.2624,0.530845,13.2713,0.915754,0.00936874,0.0153335,1.15335e-05,-1.80374e-05,0.000971753,0.000499497,0.000587116,0,1
29.542,14.6901,0.9,13.2691,0.530616,13.2781,0.915817,0.0111479,0.0153479,1.15138e-05,-1.80933e-05,0.000978551,0.000503996,0.00059061,0,1
29.562,14.7001,0.9,13.2758,0.530395,13.2847,0.915891,0.0102056,0.0153617,1.15102e-05,-1.81557e-05,0.000985267,0.000508441,0.000594113,0,1
29.582,14.7101,0.9,13.283,0.53015,13.2919,0.915965,0.00991593,0.0153778,1.15056e-05,-1.82183e-05,0.000992648,0.000513265,0.000597624,0,1
29.602,14.7201,0.9,13.2905,0.529894,13.2994,0.916039,0.00963578,0.015395,1.15009e-05,-1.82815e-05,0.00100037,0.000518274,0.000601144,0,1
29.622,14.7301,0.9,13.2976,0.529652,13.3065,0.916108,0.0102582,0.0154106,1.14857e-05,-1.83415e-05,0.00100776,0.000523084,0.000604671,0,1
29.642,14.7401,0.9,13.3044,0.529422,13.3133,0.915862,0.00997688,0.0154251,1.14156e-05,-1.82568e-05,0.000979151,0.000504448,0.000590552,0,1
29.662,14.7501,0.9,13.3115,0.529185,13.3204,0.915932,0.0105516,0.0154406,1.14051e-05,-1.83172e-05,0.000986312,0.000509148,0.000594055,0,1
29.682,14.7601,0.9,13.3183,0.528957,13.3273,0.916005,0.0104862,0.0154553,1.13971e-05,-1.8379e-05,0.000993329,0.000513756,0.000597567,0,1
29.702,14.7701,0.9,13.3253,0.528728,13.3342,0.916078,0.0114869,0.0154703,1.13892e-05,-1.84415e-05,0.00100051,0.00051845,0.000601086,0,1
29.722,14.7801,0.9,13.3321,0.528507,13.341,0.915804,0.0111224,0.0154849,1.1336e-05,-1.83586e-05,0.000972357,0.000500134,0.000587207,0,1
29.742,14.7901,0.9,13.3394,0.528273,13.3483,0.915885,0.0115793,0.0155012,1.13431e-05,-1.84249e-05,0.000979676,0.000504933,0.000590703,0,1
29.762,14.8001,0.9,13.3468,0.528035,13.3557,0.915971,0.0112461,0.015518,1.13579e-05,-1.84944e-05,0.000987189,0.000509835,0.000594207,0,1
29.782,14.8101,0.9,13.3537,0.527814,13.3627,0.916049,0.0121577,0.0155329,1.13576e-05,-1.85596e-05,0.00099428,0.000514481,0.000597719,0,1
29.802,14.8201,0.9,13.3609,0.527589,13.3699,0.916136,0.0127845,0.015549,1.13734e-05,-1.8631e-05,0.00100174,0.000519331,0.000601239,0,1
29.822,14.8301,0.9,13.3682,0.527362,13.3772,0.915949,0.0119953,0.0155654,1.13485e-05,-1.85537e-05,0.00097399,0.000501242,0.000587331,0,1
29.842,14.8401,0.9,13.3753,0.52714,13.3843,0.916034,0.0118235,0.0155809,1.13602e-05,-1.86224e-05,0.00098111,0.000505918,0.000590828,0,1
29.862,14.8501,0.9,13.3821,0.52692,13.3911,0.916115,0.0108154,0.0155955,1.13644e-05,-1.86892e-05,0.000988072,0.000510493,0.000594332,0,1
29.882,14.8601,0.9,13.3894,0.526686,13.3983,0.916193,0.0113024,0.0156117,1.13634e-05,-1.87547e-05,0.000995487,0.000515324,0.000597845,0,1
29.902,14.8701,0.9,13.3966,0.526455,13.4055,0.916275,0.0114041,0.0156277,1.13672e-05,-1.88225e-05,0.00100296,0.000520177,0.000601366,0,1
29.922,14.8801,0.9,13.4031,0.526245,13.4121,0.916349,0.0111951,0.0156412,1.13588e-05,-1.88865e-05,0.0010098,0.00052466,0.000604896,0,1
29.942,14.8901,0.9,13.4101,0.526022,13.4191,0.916107,0.0117941,0.0156565,1.13101e-05,-1.87963e-05,0.000981243,0.000506035,0.000590727,0,1
29.962,14.9001,0.9,13.4173,0.5258,13.4263,0.916191,0.0125947,0.0156724,1.13194e-05,-1.88652e-05,0.000988529,0.000510797,0.000594232,0,1
29.982,14.9101,0.9,13.4245,0.525581,13.4335,0.916281,0.0129462,0.0156883,1.13376e-05,-1.8938e-05,0.000995887,0.000515592,0.000597745,0,1
30.002,14.9201,0.9,13.4311,0.525379,13.4401,0.916367,0.0122895,0.015702,1.13458e-05,-1.90083e-05,0.00100274,0.000520084,0.000601266,0,1
30.022,14.9301,0.9,13.4378,0.525171,13.4468,0.916111,0.0118193,0.0157161,1.13046e-05,-1.89183e-05,0.000974328,0.000501601,0.000587338,0,1
30.042,14.9401,0.9,13.4452,0.524939,13.4542,0.916199,0.0118953,0.0157331,1.13203e-05,-1.89891e-05,0.000981838,0.000506502,0.000590835,0,1
30.062,14.9501,0.9,13.4525,0.524715,13.4615,0.916285,0.0122217,0.0157493,1.13312e-05,-1.90591e-05,0.000989212,0.000511312,0.00059434,0,1
30.082,14.9601,0.9,13.4589,0.524519,13.4679,0.916363,0.0126437,0.0157623,1.13276e-05,-1.91248e-05,0.000995799,0.000515659,0.000597854,0,1
30.102,14.9701,0.9,13.4658,0.524309,13.4748,0.916451,0.0122634,0.0157772,1.13377e-05,-1.91962e-05,0.00100294,0.000520322,0.000601376,0,1
30.122,14.9801,0.9,13.4733,0.524076,13.4823,0.916543,0.01163,0.0157944,1.13566e-05,-1.92707e-05,0.00101078,0.000525377,0.000604906,0,1
30.142,14.9901,0.9,13.4809,0.523838,13.4899,0.916293,0.0117565,0.0158121,1.13283e-05,-1.91802e-05,0.000982771,0.000507059,0.000590718,0,1
30.162,15.0001,0.9,13.4908,0.523537,13.4998,0.91641,0.0130342,0.0158408,1.1416e-05,-1.92682e-05,0.000992895,0.000513452,0.000594224,0,1
30.182,15.0101,0.9,13.5007,0.523244,13.5097,0.916539,0.0132559,0.0158694,1.15314e-05,-1.93642e-05,0.00100313,0.000519875,0.000597738,0,1
30.202,15.0201,0.9,13.5105,0.522956,13.5195,0.916668,0.0133974,0.0158974,1.16447e-05,-1.94611e-05,0.00101335,0.000526266,0.00060126,0,1
30.222,15.0301,0.9,13.5197,0.522683,13.5288,0.916415,0.0128023,0.0159228,1.16902e-05,-1.93938e-05,0.000986872,0.000508868,0.00058716,0,1
30.242,15.0401,0.9,13.5298,0.522383,13.5388,0.916543,0.01223,0.015952,1.18039e-05,-1.94884e-05,0.00099712,0.000515279,0.000590658,0,1
30.262,15.0501,0.9,13.5397,0.522083,13.5487,0.916664,0.0122393,0.0159808,1.18992e-05,-1.95795e-05,0.00100742,0.000521687,0.000594164,0,1
30.282,15.0601,0.9,13.5503,0.521753,13.5593,0.916794,0.0104693,0.0160132,1.20202e-05,-1.9676e-05,0.00101853,0.000528527,0.000597678,0,1
30.302,15.0701,0.9,13.5601,0.521444,13.5691,0.916897,0.0114712,0.0160414,1.20672e-05,-1.9757e-05,0.00102897,0.000534953,0.0006012,0,1
30.322,15.0801,0.9,13.5699,0.521138,13.579,0.91701,0.0115544,0.0160697,1.21368e-05,-1.98447e-05,0.00103958,0.000541442,0.000604731,0,1
30.342,15.0901,0.9,13.5795,0.520846,13.5886,0.916768,0.012204,0.0160967,1.21406e-05,-1.97741e-05,0.0010118,0.000523181,0.000590095,0,1
30.362,15.1001,0.9,13.5894,0.520544,13.5985,0.916889,0.0113789,0.0161255,1.22311e-05,-1.98651e-05,0.00102224,0.000529588,0.0005936,0,1
30.382,15.1101,0.9,13.5993,0.520234,13.6084,0.917001,0.0101187,0.0161539,1.22984e-05,-1.99514e-05,0.00103274,0.000536,0.000597113,0,1
30.402,15.1201,0.9,13.6084,0.519945,13.6175,0.917094,0.0111169,0.0161786,1.23161e-05,-2.00265e-05,0.0010426,0.000542031,0.000600634,0,1
30.422,15.1301,0.9,13.6183,0.519635,13.6274,0.917203,0.0104347,0.016207,1.23743e-05,-2.01121e-05,0.00105335,0.000548524,0.000604164,0,1
30.442,15.1401,0.9,13.6281,0.519321,13.6372,0.916894,0.00972753,0.0162352,1.23523e-05,-2.00383e-05,0.00102495,0.000529888,0.000589341,0,1
30.462,15.1501,0.9,13.6383,0.518993,13.6474,0.916993,0.00982024,0.0162653,1.23886e-05,-2.01164e-05,0.0010358,0.000536452,0.000592845,0,1
30.482,15.1601,0.9,13.6477,0.518692,13.6568,0.917086,0.0103385,0.0162916,1.2406e-05,-2.01913e-05,0.00104599,0.000542621,0.000596357,0,1
30.502,15.1701,0.9,13.657,0.518398,13.6661,0.917182,0.00985962,0.0163169,1.24279e-05,-2.02682e-05,0.00105609,0.000548713,0.000599877,0,1
30.522,15.1801,0.9,13.667,0.518076,13.6761,0.916953,0.00955825,0.0163462,1.23981e-05,-2.01929e-05,0.00102775,0.000530178,0.000585182,0,1
30.542,15.1901,0.9,13.6771,0.517752,13.6862,0.917049,0.00948592,0.0163758,1.24258e-05,-2.02691e-05,0.0010385,0.000536639,0.000588676,0,1
30.562,15.2001,0.9,13.6868,0.517436,13.6959,0.917141,0.00865997,0.0164033,1.24408e-05,-2.03432e-05,0.00104897,0.00054292,0.000592178,0,1
30.582,15.2101,0.9,13.6971,0.517094,13.7063,0.917231,0.00870751,0.0164345,1.24505e-05,-2.04162e-05,0.00106029,0.000549634,0.000595689,0,1
30.602,15.2201,0.9,13.7065,0.516784,13.7157,0.917313,0.00887202,0.0164606,1.24398e-05,-2.0485e-05,0.00107069,0.000555822,0.000599209,0,1
30.622,15.2301,0.9,13.7163,0.516463,13.7254,0.917113,0.00846089,0.0164885,1.23805e-05,-2.04023e-05,0.00104115,0.000536608,0.000584326,0,1
30.642,15.2401,0.9,13.7261,0.516142,13.7352,0.917196,0.00907241,0.0165166,1.23735e-05,-2.04707e-05,0.00105174,0.000542911,0.000587819,0,1
30.662,15.2501,0.9,13.7358,0.515824,13.7449,0.917284,0.00817927,0.0165442,1.23767e-05,-2.05424e-05,0.00106233,0.00054919,0.00059132,0,1
30.682,15.2601,0.9,13.746,0.515485,13.7552,0.917367,0.00835919,0.0165745,1.23687e-05,-2.06118e-05,0.00107362,0.000555818,0.00059483,0,1
30.702,15.2701,0.9,13.7559,0.515153,13.765,0.91745,0.00737885,0.016603,1.23567e-05,-2.0681e-05,0.00108465,0.00056228,0.000598347,0,1
30.722,15.2801,0.9,13.7664,0.51479,13.7756,0.917528,0.00691383,0.0166353,1.23324e-05,-2.07478e-05,0.00109661,0.000569209,0.000601873,0,1
30.742,15.2901,0.9,13.7765,0.514435,13.7857,0.917248,0.00515514,0.0166647,1.22343e-05,-2.06523e-05,0.0010657,0.000549157,0.000586511,0,1
30.762,15.3001,0.9,13.7867,0.514064,13.7959,0.9173,0.00459416,0.016695,1.21504e-05,-2.07031e-05,0.00107697,0.000555731,0.00059001,0,1
30.782,15.3101,0.9,13.7972,0.513683,13.8064,0.917348,0.00539455,0.0167269,1.20526e-05,-2.07516e-05,0.00108871,0.000562519,0.000593517,0,1
30.802,15.3201,0.9,13.8075,0.513306,13.8167,0.917404,0.0037976,0.0167578,1.19734e-05,-2.08047e-05,0.00110037,0.000569237,0.000597032,0,1
30.822,15.3301,0.9,13.8172,0.512941,13.8264,0.917112,0.00383291,0.0167857,1.18127e-05,-2.06866e-05,0.00106893,0.000548995,0.000581819,0,1
30.842,15.3401,0.9,13.8276,0.512555,13.8369,0.917152,0.00412365,0.0168172,1.16956e-05,-2.07297e-05,0.00108043,0.000555644,0.000585307,0,1
30.862,15.3501,0.9,13.838,0.512175,13.8472,0.917194,0.00447667,0.0168482,1.15853e-05,-2.07746e-05,0.00109198,0.000562288,0.000588803,0,1
30.882,15.3601,0.9,13.8477,0.51182,13.857,0.917238,0.00465976,0.016876,1.14825e-05,-2.08202e-05,0.001103,0.000568628,0.000592307,0,1
30.902,15.3701,0.9,13.8578,0.511456,13.867,0.917285,0.00514609,0.0169055,1.13835e-05,-2.0868e-05,0.00111452,0.000575203,0.00059582,0,1
30.922,15.3801,0.9,13.8678,0.511098,13.8771,0.917336,0.00585781,0.016935,1.12952e-05,-2.09188e-05,0.00112614,0.000581806,0.000599342,0,1
30.942,15.3901,0.9,13.8782,0.510734,13.8875,0.917117,0.00591636,0.0169662,1.12053e-05,-2.08047e-05,0.00109368,0.000560944,0.000583676,0,1
30.962,15.4001,0.9,13.8877,0.510398,13.897,0.917174,0.00502333,0.0169927,1.11327e-05,-2.08574e-05,0.00110439,0.000567086,0.000587169,0,1
30.982,15.4101,0.9,13.8978,0.510042,13.907,0.917224,0.00612135,0.0170224,1.10421e-05,-2.0907e-05,0.00111589,0.000573617,0.000590671,0,1
31.002,15.4201,0.9,13.9075,0.509705,13.9168,0.917284,0.00680608,0.0170503,1.09742e-05,-2.09623e-05,0.00112716,0.000580008,0.00059418,0,1
31.022,15.4301,0.9,13.9172,0.509373,13.9265,0.916998,0.00606174,0.0170778,1.09086e-05,-2.08472e-05,0.00109388,0.000558835,0.000578729,0,1
31.042,15.4401,0.9,13.9273,0.509027,13.9366,0.91706,0.00676673,0.0171076,1.08437e-05,-2.09025e-05,0.00110525,0.000565291,0.000582211,0,1
31.062,15.4501,0.9,13.9372,0.50869,13.9466,0.917127,0.00669905,0.0171364,1.07925e-05,-2.09614e-05,0.00111654,0.000571679,0.000585701,0,1
31.082,15.4601,0.9,13.9474,0.508336,13.9567,0.917195,0.00488447,0.0171665,1.07415e-05,-2.10212e-05,0.00112823,0.00057825,0.0005892,0,1
31.102,15.4701,0.9,13.9576,0.507977,13.9669,0.917245,0.00595416,0.0171966,1.06457e-05,-2.10704e-05,0.00114005,0.000584863,0.000592706,0,1
31.122,15.4801,0.9,13.967,0.50765,13.9763,0.916995,0.00552208,0.0172226,1.05701e-05,-2.0945e-05,0.0011056,0.000563119,0.000577152,0,1
31.142,15.4901,0.9,13.9771,0.507298,13.9864,0.917051,0.00586937,0.0172524,1.0491e-05,-2.0997e-05,0.00111706,0.000569569,0.000580631,0,1
31.162,15.5001,0.9,13.9869,0.506955,13.9963,0.917109,0.00522218,0.0172807,1.04173e-05,-2.10503e-05,0.00112833,0.000575894,0.000584118,0,1
31.182,15.5101,0.9,13.9968,0.506612,14.0062,0.917161,0.00636897,0.0173094,1.03283e-05,-2.11004e-05,0.0011398,0.000582301,0.000587613,0,1
31.202,15.5201,0.9,14.0069,0.50627,14.0162,0.917225,0.0065892,0.0173388,1.02661e-05,-2.11578e-05,0.00115157,0.000588835,0.000591117,0,1
31.222,15.5301,0.9,14.0175,0.505911,14.0268,0.916951,0.00646523,0.0173714,1.0226e-05,-2.10346e-05,0.00111772,0.000567434,0.000575489,0,1
31.242,15.5401,0.9,14.0272,0.505586,14.0365,0.917013,0.00678434,0.0173988,1.0164e-05,-2.10903e-05,0.00112876,0.000573612,0.000578965,0,1
31.262,15.5501,0.9,14.0373,0.505244,14.0466,0.917082,0.00578866,0.0174286,1.01129e-05,-2.11497e-05,0.00114041,0.00058008,0.000582449,0,1
31.282,15.5601,0.9,14.047,0.504898,14.0564,0.917138,0.00400847,0.0174565,1.00349e-05,-2.12024e-05,0.00115181,0.000586399,0.000585941,0,1
31.302,15.5701,0.9,14.057,0.504536,14.0664,0.917178,0.00390251,0.0174857,9.916e-06,-2.12457e-05,0.00116359,0.000592884,0.000589441,0,1
31.322,15.5801,0.9,14.0673,0.504167,14.0767,0.917218,0.00469238,0.0175163,9.79337e-06,-2.12892e-05,0.00117583,0.000599575,0.00059295,0,1
31.342,15.5901,0.9,14.0769,0.503824,14.0863,0.916891,0.00413034,0.0175434,9.71724e-06,-2.1144e-05,0.00113917,0.000576708,0.000576932,0,1
31.362,15.6001,0.9,14.0869,0.50346,14.0963,0.916932,0.00350786,0.0175728,9.60213e-06,-2.11875e-05,0.00115082,0.000583125,0.000580411,0,1
31.382,15.6101,0.9,14.0965,0.503107,14.1059,0.916966,0.00264155,0.0175996,9.47392e-06,-2.12267e-05,0.00116203,0.000589306,0.000583899,0,1
31.402,15.6201,0.9,14.1068,0.502722,14.1162,0.916993,0.00285314,0.0176307,9.32013e-06,-2.12623e-05,0.00117428,0.00059598,0.000587396,0,1
31.422,15.6301,0.9,14.1163,0.502371,14.1258,0.91675,0.00322766,0.0176574,9.22049e-06,-2.1102e-05,0.00113768,0.000573299,0.00057166,0,1
31.442,15.6401,0.9,14.1268,0.501987,14.1362,0.916784,0.00320381,0.0176891,9.08246e-06,-2.11408e-05,0.00114975,0.000579903,0.000575128,0,1
31.462,15.6501,0.9,14.1371,0.501607,14.1466,0.916817,0.00277156,0.0177201,8.94389e-06,-2.11793e-05,0.0011618,0.000586471,0.000578604,0,1
31.482,15.6601,0.9,14.1471,0.501241,14.1565,0.916845,0.00333323,0.0177489,8.79703e-06,-2.12147e-05,0.00117351,0.000592851,0.000582088,0,1
31.502,15.6701,0.9,14.1564,0.500901,14.1658,0.916876,0.00337198,0.0177745,8.66603e-06,-2.12523e-05,0.00118462,0.000598919,0.000585581,0,1
31.522,15.6801,0.9,14.1662,0.500546,14.1757,0.91665,0.00393774,0.0178029,8.59566e-06,-2.10865e-05,0.00114768,0.000576128,0.000569809,0,1
31.542,15.6901,0.9,14.1765,0.500179,14.186,0.916691,0.00394165,0.0178335,8.47622e-06,-2.11288e-05,0.00115957,0.000582598,0.000573273,0,1
31.562,15.7001,0.9,14.1859,0.49984,14.1954,0.916728,0.00373421,0.0178598,8.35812e-06,-2.11695e-05,0.00117065,0.000588654,0.000576746,0,1
31.582,15.7101,0.9,14.1965,0.499465,14.206,0.916768,0.0046299,0.017892,8.23162e-06,-2.12115e-05,0.00118314,0.000595374,0.000580226,0,1
31.602,15.7201,0.9,14.2065,0.499104,14.216,0.916814,0.00255325,0.0179212,8.12667e-06,-2.12577e-05,0.00119509,0.000601815,0.000583716,0,1
31.622,15.7301,0.9,14.2163,0.498737,14.2258,0.916516,0.00196991,0.0179494,8.05395e-06,-2.10798e-05,0.00115743,0.000578728,0.000567909,0,1
31.642,15.7401,0.9,14.226,0.498369,14.2355,0.916535,0.00144704,0.0179773,7.892e-06,-2.11098e-05,0.00116877,0.00058489,0.00057137,0,1
31.662,15.7501,0.9,14.2358,0.498003,14.2453,0.91655,0.00223395,0.0180049,7.71851e-06,-2.11369e-05,0.0011802,0.000591077,0.000574838,0,1
31.682,15.7601,0.9,14.2462,0.497616,14.2557,0.916573,0.00241835,0.0180364,7.55473e-06,-2.11694e-05,0.00119257,0.000597703,0.000578316,0,1
31.702,15.7701,0.9,14.2559,0.49725,14.2654,0.916596,0.00155225,0.0180642,7.4014e-06,-2.12022e-05,0.00120428,0.000603987,0.000581801,0,1
31.722,15.7801,0.9,14.2658,0.496872,14.2754,0.916367,0.00121079,0.0180931,7.3283e-06,-2.10095e-05,0.00116613,0.00058073,0.000565984,0,1
31.742,15.7901,0.9,14.276,0.496477,14.2856,0.91638,0.000183206,0.0181233,7.14336e-06,-2.10353e-05,0.00117804,0.000587132,0.000569441,0,1
31.762,15.8001,0.9,14.2856,0.496105,14.2951,0.916382,0.000386433,0.0181501,6.94645e-06,-2.10551e-05,0.0011893,0.000593201,0.000572906,0,1
31.782,15.8101,0.9,14.296,0.4957,14.3056,0.916386,0.00108302,0.0181819,6.73582e-06,-2.10763e-05,0.00120178,0.000599843,0.00057638,0,1
31.802,15.8201,0.9,14.3051,0.495353,14.3146,0.916395,0.000755516,0.018206,6.56572e-06,-2.11008e-05,0.00121266,0.000605697,0.000579861,0,1
31.822,15.8301,0.9,14.3146,0.494984,14.3242,0.916218,0.000373168,0.0182327,6.50923e-06,-2.08928e-05,0.00117346,0.000582004,0.00056405,0,1
31.842,15.8401,0.9,14.3252,0.49457,14.3348,0.916221,7.91072e-06,0.0182652,6.29773e-06,-2.09135e-05,0.00118585,0.000588608,0.000567503,0,1
31.862,15.8501,0.9,14.3356,0.494156,14.3452,0.916222,-0.000764859,0.0182968,6.07942e-06,-2.09321e-05,0.00119821,0.000595174,0.000570964,0,1
31.882,15.8601,0.9,14.3458,0.493743,14.3554,0.916214,-0.00164246,0.0183271,5.84698e-06,-2.09462e-05,0.00121044,0.000601654,0.000574434,0,1
31.902,15.8701,0.9,14.3564,0.493315,14.366,0.916196,-0.000475978,0.0183596,5.58229e-06,-2.09547e-05,0.00122325,0.000608393,0.000577911,0,1
31.922,15.8801,0.9,14.366,0.492932,14.3757,0.916192,-0.00065225,0.0183868,5.37062e-06,-2.09706e-05,0.00123501,0.000614612,0.000581398,0,1
31.942,15.8901,0.9,14.3758,0.492537,14.3855,0.915927,-0.00145989,0.018415,5.31723e-06,-2.07373e-05,0.00119454,0.000590286,0.000565256,0,1
31.962,15.9001,0.9,14.385,0.492162,14.3947,0.915913,-0.00184235,0.0184399,5.09845e-06,-2.07479e-05,0.00120543,0.000596115,0.000568713,0,1
31.982,15.9101,0.9,14.3953,0.491742,14.4049,0.915894,-0.00196759,0.0184704,4.84095e-06,-2.07553e-05,0.00121771,0.00060259,0.000572178,0,1
32.002,15.9201,0.9,14.4044,0.491362,14.4141,0.915876,-0.00242101,0.0184953,4.61219e-06,-2.07631e-05,0.00122883,0.000608499,0.000575652,0,1
32.022,15.9301,0.9,14.4145,0.490942,14.4242,0.915852,-0.00258815,0.018525,4.34593e-06,-2.07672e-05,0.00124116,0.000614968,0.000579133,0,1
32.042,15.9401,0.9,14.4243,0.490535,14.434,0.915611,-0.00259008,0.0185529,4.28462e-06,-2.05106e-05,0.00120021,0.00059051,0.00056305,0,1
32.062,15.9501,0.9,14.4337,0.490143,14.4434,0.915587,-0.00258325,0.018579,4.03824e-06,-2.05146e-05,0.00121139,0.000596454,0.000566502,0,1
32.082,15.9601,0.9,14.4436,0.489736,14.4533,0.915561,-0.00168872,0.0186076,3.7765e-06,-2.05178e-05,0.00122326,0.000602711,0.000569963,0,1
32.102,15.9701,0.9,14.4531,0.489342,14.4628,0.915545,-0.00243455,0.0186345,3.54461e-06,-2.05263e-05,0.00123485,0.000608818,0.000573432,0,1
32.122,15.9801,0.9,14.4631,0.488932,14.4728,0.915521,-0.00221398,0.0186633,3.28569e-06,-2.05302e-05,0.00124699,0.000615171,0.000576909,0,1
32.142,15.9901,0.9,14.4733,0.488517,14.483,0.915304,-0.00079452,0.0186937,3.25209e-06,-2.0262e-05,0.0012062,0.000590888,0.000560886,0,1
32.162,16.0001,0.9,14.4832,0.488121,14.493,0.915297,-0.00108394,0.0187225,3.03259e-06,-2.02749e-05,0.00121799,0.000597101,0.000564335,0,1
32.182,16.0101,0.9,14.4929,0.487731,14.5026,0.915286,-0.00188737,0.0187498,2.81389e-06,-2.02863e-05,0.00122956,0.000603189,0.000567791,0,1
32.202,16.0197,0.9,14.5022,0.487353,14.5119,0.915269,-0.00145887,0.0187753,2.58757e-06,-2.02936e-05,0.00124084,0.000609128,0.000571256,0,1
32.222,16.0262,0.9,14.5078,0.487128,14.5175,0.91526,-0.000820064,0.0187857,2.46332e-06,-2.03062e-05,0.00124771,0.000613001,0.000574729,0,1
32.242,16.0292,0.899999,14.5099,0.487038,14.5196,0.915057,-0.00739143,0.0187877,2.67477e-06,-2.00408e-05,0.00119733,0.000584287,0.000558842,0,1
32.262,16.0304,0.900001,14.5102,0.48702,14.5199,0.915054,-0.0285186,0.018788,2.66752e-06,-2.00564e-05,0.0011977,0.000585088,0.000562287,0,1
32.282,16.0305,0.899998,14.5102,0.487015,14.52,0.915052,-0.0462498,0.0187882,2.6619e-06,-2.00722e-05,0.00119778,0.000585752,0.000565739,0,1
32.302,16.0305,0.899998,14.5102,0.487022,14.5199,0.915056,-0.0640057,0.0187884,2.65251e-06,-2.00911e-05,0.00119769,0.000586335,0.0005692,0,1
32.322,16.0305,0.899998,14.5103,0.48701,14.52,0.915049,-0.0802966,0.0187886,2.64118e-06,-2.01038e-05,0.00119783,0.000587024,0.000572669,0,1
32.342,16.0305,0.899998,14.5108,0.486945,14.5205,0.915079,-0.098657,0.018789,2.85404e-06,-1.98219e-05,0.00114969,0.000559482,0.000557666,0,1
32.362,16.0305,0.899998,14.5107,0.486956,14.5204,0.915087,-0.116394,0.0187892,2.83253e-06,-1.98426e-05,0.00114961,0.000560033,0.000561108,0,1
32.382,16.0305,0.899998,14.5109,0.486931,14.5206,0.915068,-0.133445,0.0187894,2.81323e-06,-1.98487e-05,0.00114979,0.000560715,0.000564558,0,1
32.402,16.0305,0.899998,14.5117,0.486778,14.5214,0.914956,-0.150748,0.0187901,2.77036e-06,-1.98015e-05,0.00115074,0.000561783,0.000568017,0,1
32.422,16.0305,0.899998,14.5117,0.486777,14.5214,0.91462,-0.169123,0.0187902,2.96195e-06,-1.9548e-05,0.0011058,0.000535913,0.000553917,0,1
32.442,16.0305,0.899998,14.5113,0.486865,14.521,0.914689,-0.187633,0.0187906,2.87221e-06,-1.96023e-05,0.00110538,0.000536253,0.000557351,0,1
32.462,16.0305,0.899998,14.511,0.486939,14.5207,0.914747,-0.205411,0.0187909,2.78989e-06,-1.96512e-05,0.00110506,0.000536645,0.000560793,0,1
32.482,16.0305,0.899998,14.511,0.486941,14.5207,0.914749,-0.222415,0.0187911,2.7563e-06,-1.96684e-05,0.00110506,0.000537203,0.000564244,0,1
32.502,16.0305,0.899998,14.5112,0.486886,14.5209,0.914703,-0.239659,0.0187913,2.72231e-06,-1.96587e-05,0.00110529,0.000537881,0.000567703,0,1
32.522,16.0305,0.899998,14.5112,0.486879,14.5209,0.914203,-0.258002,0.0187915,2.89114e-06,-1.94018e-05,0.00106384,0.000513757,0.000554308,0,1
32.542,16.0305,0.899998,14.5107,0.487046,14.5204,0.914344,-0.276782,0.0187919,2.71593e-06,-1.9496e-05,0.00106332,0.000513996,0.000557744,0,1
32.562,16.0305,0.899998,14.5105,0.487095,14.5203,0.914386,-0.294537,0.0187921,2.63719e-06,-1.95355e-05,0.00106318,0.000514449,0.000561189,0,1
32.582,16.0305,0.899998,14.5108,0.486988,14.5206,0.914294,-0.312809,0.0187924,2.59193e-06,-1.94994e-05,0.00106352,0.000515155,0.000564641,0,1
32.602,16.0305,0.899998,14.5112,0.486835,14.521,0.914161,-0.330918,0.0187927,2.54129e-06,-1.94399e-05,0.00106398,0.000515924,0.000568102,0,1
32.622,16.0305,0.899998,14.5107,0.487044,14.5204,0.914344,-0.348139,0.0187931,2.31416e-06,-1.95599e-05,0.00106348,0.000516156,0.000571571,0,1
32.642,16.0305,0.899998,14.5106,0.487069,14.5204,0.913971,-0.36543,0.0187933,2.45221e-06,-1.931e-05,0.00102503,0.000493464,0.000558673,0,1
32.662,16.0305,0.899998,14.5107,0.48705,14.5204,0.913954,-0.383515,0.0187935,2.39979e-06,-1.93161e-05,0.00102509,0.000493998,0.00056212,0,1
32.682,16.0305,0.899998,14.5104,0.487189,14.5201,0.914079,-0.401275,0.0187937,2.23323e-06,-1.94015e-05,0.00102483,0.000494335,0.000565575,0,1
32.702,16.0305,0.899998,14.5101,0.487324,14.5198,0.9142,-0.420133,0.018794,2.06736e-06,-1.94861e-05,0.0010246,0.000494681,0.000569039,0,1
32.722,16.0305,0.899998,14.5104,0.487162,14.5201,0.913357,-0.438509,0.0187943,2.2102e-06,-1.914e-05,0.000989327,0.00047368,0.000556792,0,1
32.742,16.0305,0.899998,14.5106,0.487098,14.5203,0.913299,-0.456774,0.0187944,2.15101e-06,-1.91226e-05,0.000989485,0.000474234,0.000560236,0,1
32.762,16.0305,0.899998,14.5108,0.486954,14.5205,0.913167,-0.474575,0.0187947,2.08893e-06,-1.90639e-05,0.000989798,0.000474869,0.000563687,0,1
32.782,16.0305,0.899998,14.5108,0.486945,14.5205,0.91316,-0.493331,0.0187948,2.0245e-06,-1.90746e-05,0.000989847,0.000475363,0.000567147,0,1
32.802,16.0305,0.899998,14.5108,0.48695,14.5205,0.913164,-0.512068,0.0187949,1.95441e-06,-1.90921e-05,0.000989876,0.000475844,0.000570616,0,1
32.822,16.0305,0.899998,14.5109,0.486879,14.5206,0.91236,-0.531218,0.0187951,2.08396e-06,-1.87928e-05,0.000956788,0.000455941,0.00055881,0,1
32.842,16.0305,0.899998,14.5116,0.486429,14.5213,0.911944,-0.550498,0.0187956,1.97355e-06,-1.85747e-05,0.000957602,0.000456799,0.000562259,0,1
32.862,16.0305,0.899998,14.5118,0.486288,14.5216,0.911813,-0.568898,0.0187958,1.90647e-06,-1.85154e-05,0.000957872,0.000457383,0.000565716,0,1
32.882,16.0305,0.899998,14.5117,0.48635,14.5215,0.911871,-0.586579,0.0187959,1.78842e-06,-1.85623e-05,0.000957849,0.000457795,0.000569182,0,1
32.902,16.0305,0.899998,14.5115,0.486495,14.5213,0.912006,-0.604405,0.0187961,1.60446e-06,-1.86538e-05,0.000957746,0.000458142,0.000572656,0,1
32.922,16.0305,0.899998,14.5115,0.486493,14.5213,0.911159,-0.623134,0.0187962,1.72117e-06,-1.83897e-05,0.000926699,0.000439275,0.000561232,0,1
32.942,16.0305,0.899998,14.5115,0.48651,14.5212,0.911175,-0.640759,0.0187963,1.63344e-06,-1.84127e-05,0.000926738,0.000439704,0.000564687,0,1
32.962,16.0305,0.899998,14.5123,0.485836,14.5221,0.91054,-0.658389,0.0187969,1.4817e-06,-1.80676e-05,0.000927798,0.000440627,0.000568151,0,1
32.982,16.0305,0.899998,14.5119,0.486178,14.5217,0.910863,-0.676465,0.0187971,1.13357e-06,-1.82649e-05,0.000927595,0.000440832,0.000571622,0,1
33.002,16.0305,0.899998,14.5123,0.485856,14.522,0.910559,-0.693962,0.0187974,1.05899e-06,-1.81045e-05,0.000928091,0.000441491,0.000575103,0,1
33.022,16.0305,0.899998,14.5121,0.486071,14.5218,0.910762,-0.713004,0.0187976,8.20232e-07,-1.8235e-05,0.000928004,0.000441792,0.000578591,0,1
33.042,16.0305,0.899998,14.5121,0.48603,14.5218,0.910107,-0.730381,0.0187977,9.44072e-07,-1.79426e-05,0.000898944,0.000423893,0.000567386,0,1
33.062,16.0305,0.899998,14.5124,0.485708,14.5222,0.9098,-0.747308,0.0187979,8.70836e-07,-1.77817e-05,0.000899411,0.000424509,0.000570856,0,1
33.082,16.0305,0.899998,14.5127,0.485495,14.5224,0.909597,-0.763997,0.018798,8.02693e-07,-1.76789e-05,0.000899736,0.000425056,0.000574335,0,1
33.102,16.0305,0.899998,14.5129,0.485229,14.5227,0.909344,-0.781305,0.0187982,7.35895e-07,-1.75462e-05,0.000900123,0.00042563,0.000577822,0,1
33.122,16.0305,0.899998,14.5131,0.48507,14.5228,0.908283,-0.798937,0.0187983,8.5269e-07,-1.71986e-05,0.000872968,0.000408767,0.000567014,0,1
33.142,16.0305,0.900019,14.5126,0.485528,14.5224,0.908721,-0.818297,0.0187986,4.32229e-07,-1.74596e-05,0.000872875,0.000408928,0.000570484,0,1
33.162,16.0304,0.900131,14.5127,0.485421,14.5225,0.908618,-0.837281,0.0187987,3.62184e-07,-1.74135e-05,0.000873072,0.000409385,0.000573962,0,1
33.182,16.0303,0.900272,14.5124,0.48588,14.5221,0.90906,-0.855934,0.0187989,-5.31894e-08,-1.76798e-05,0.000873014,0.000409559,0.000577448,0,1
33.202,16.0301,0.900468,14.5122,0.486037,14.5219,0.90921,-0.875063,0.018799,-2.35824e-07,-1.77794e-05,0.00087305,0.000409887,0.000580943,0,1
33.222,16.0298,0.900756,14.5123,0.485952,14.522,0.909129,-0.894942,0.0187991,-3.04686e-07,-1.77454e-05,0.000873226,0.000410328,0.000584446,0,1
33.242,16.0296,0.901066,14.5124,0.485863,14.5221,0.908402,-0.91508,0.0187992,-1.66027e-07,-1.7416e-05,0.000847646,0.000394241,0.000573784,0,1
33.262,16.0293,0.901381,14.5119,0.486548,14.5216,0.909063,-0.935478,0.0187994,-7.40242e-07,-1.78083e-05,0.000847664,0.000394333,0.00057727,0,1
33.282,16.0291,0.901701,14.5114,0.487341,14.521,0.90983,-0.954293,0.0187997,-1.3992e-06,-1.82646e-05,0.000847716,0.00039439,0.000580764,0,1
33.302,16.0289,0.902025,14.5115,0.487201,14.5211,0.909695,-0.974847,0.0187998,-1.45764e-06,-1.81996e-05,0.000847947,0.000394829,0.000584267,0,1
33.322,16.0286,0.902354,14.5115,0.487125,14.5211,0.908722,-0.995535,0.0187999,-1.2908e-06,-1.78579e-05,0.000823887,0.000379602,0.000573945,0,1
33.342,16.0284,0.902688,14.5114,0.487258,14.521,0.908852,-1.01553,0.0187999,-1.44237e-06,-1.79453e-05,0.000823983,0.00037992,0.000577431,0,1
33.362,16.0282,0.903026,14.5114,0.487366,14.521,0.908957,-1.03462,0.0188,-1.57657e-06,-1.8019e-05,0.000824088,0.000380249,0.000580926,0,1
33.382,16.028,0.903368,14.5111,0.487908,14.5207,0.909485,-1.05501,0.0188001,-1.99094e-06,-1.83391e-05,0.000824219,0.000380432,0.000584429,0,1
33.402,16.0278,0.903714,14.5107,0.488696,14.5202,0.910253,-1.07408,0.0188003,-2.57901e-06,-1.88023e-05,0.000824423,0.000380544,0.000587941,0,1
33.422,16.0276,0.904065,14.5107,0.488687,14.5202,0.909374,-1.09543,0.0188004,-2.38903e-06,-1.84754e-05,0.000801697,0.000366038,0.000577805,0,1
33.442,16.0274,0.904419,14.5104,0.489239,14.5199,0.909914,-1.11544,0.0188005,-2.78233e-06,-1.8801e-05,0.000801885,0.000366227,0.000581301,0,1
33.462,16.0272,0.904776,14.5101,0.490014,14.5196,0.910672,-1.13571,0.0188007,-3.32005e-06,-1.92566e-05,0.000802158,0.00036636,0.000584805,0,1
33.482,16.0271,0.905136,14.5099,0.490579,14.5193,0.911225,-1.15551,0.0188008,-3.70762e-06,-1.95952e-05,0.000802378,0.000366558,0.000588318,0,1
33.502,16.0269,0.905406,14.51,0.490329,14.5194,0.91098,-1.17754,0.0188008,-3.72506e-06,-1.94656e-05,0.000802697,0.000366971,0.000591839,0,1
33.522,16.0269,0.905622,14.5097,0.491027,14.5191,0.910783,-1.1995,0.0188009,-3.8924e-06,-1.95179e-05,0.000781391,0.000352984,0.000581857,0,1
33.542,16.0268,0.905784,14.5097,0.490917,14.5192,0.910675,-1.22081,0.0188009,-3.92595e-06,-1.94698e-05,0.000781603,0.000353342,0.000585362,0,1
33.562,16.0268,0.905833,14.5098,0.490746,14.5192,0.910507,-1.2432,0.018801,-3.94492e-06,-1.93862e-05,0.000781857,0.000353711,0.000588876,0,1
33.582,16.0268,0.905833,14.5098,0.49084,14.5192,0.910599,-1.26608,0.018801,-4.03831e-06,-1.94554e-05,0.000782016,0.000354025,0.000592398,0,1
33.602,16.0268,0.905833,14.5097,0.491124,14.5191,0.91088,-1.2886,0.018801,-4.22165e-06,-1.96367e-05,0.000782226,0.000354306,0.000595928,0,1
33.622,16.0268,0.905833,14.5095,0.491803,14.5189,0.91155,-1.3121,0.0188011,-4.60495e-06,-2.00514e-05,0.000782605,0.000354524,0.000599467,0,1
33.642,16.0268,0.905833,14.5094,0.492255,14.5188,0.911285,-1.33509,0.0188011,-4.55802e-06,-1.99482e-05,0.000762402,0.000341213,0.000589492,0,1
33.662,16.0268,0.905833,14.5094,0.492701,14.5187,0.911726,-1.35711,0.0188012,-4.7956e-06,-2.0224e-05,0.000762701,0.000341468,0.000593016,0,1
33.682,16.0268,0.905833,14.5093,0.49283,14.5187,0.911853,-1.38038,0.0188012,-4.88346e-06,-2.03155e-05,0.000762889,0.00034177,0.000596547,0,1
33.702,16.0268,0.905833,14.5093,0.492893,14.5186,0.911916,-1.40403,0.0188012,-4.93932e-06,-2.03688e-05,0.000763061,0.000342081,0.000600087,0,1
33.722,16.0268,0.905833,14.5093,0.492727,14.5187,0.911751,-1.42665,0.0188012,-4.92174e-06,-2.02856e-05,0.000763307,0.000342416,0.000603636,0,1
33.742,16.0268,0.905833,14.5093,0.493153,14.5186,0.911429,-1.45005,0.0188012,-4.81815e-06,-2.01628e-05,0.00074419,0.000329724,0.000593758,0,1
33.762,16.0268,0.905833,14.5093,0.492929,14.5186,0.911206,-1.47241,0.0188012,-4.77654e-06,-2.00458e-05,0.000744466,0.000330044,0.000597291,0,1
33.782,16.0268,0.905833,14.5093,0.493445,14.5186,0.911721,-1.49562,0.0188012,-4.98779e-06,-2.03691e-05,0.000744863,0.000330317,0.000600833,0,1
33.802,16.0268,0.905833,14.5093,0.493247,14.5186,0.911523,-1.51815,0.0188012,-4.94126e-06,-2.02656e-05,0.00074512,0.00033063,0.000604383,0,1
33.822,16.0268,0.905833,14.5093,0.493216,14.5186,0.910586,-1.5413,0.0188012,-4.65382e-06,-1.98757e-05,0.000726817,0.000318561,0.000594694,0,1
33.842,16.0268,0.905833,14.5093,0.49298,14.5186,0.91035,-1.56409,0.0188012,-4.5865e-06,-1.975e-05,0.00072709,0.000318856,0.000598229,0,1
33.862,16.0268,0.905833,14.5093,0.493419,14.5186,0.91079,-1.58658,0.0188012,-4.72931e-06,-2.00286e-05,0.000727473,0.000319145,0.000601773,0,1
33.882,16.0268,0.905833,14.5093,0.49378,14.5186,0.911151,-1.61024,0.0188012,-4.83946e-06,-2.02617e-05,0.000727813,0.000319439,0.000605324,0,1
33.902,16.0268,0.905833,14.5094,0.49432,14.5186,0.911693,-1.63331,0.0188012,-4.9953e-06,-2.06059e-05,0.000728277,0.000319743,0.000608885,0,1
33.922,16.0268,0.905833,14.5094,0.494222,14.5186,0.910724,-1.65584,0.0188012,-4.66937e-06,-2.01677e-05,0.000710874,0.000308168,0.000599245,0,1
33.942,16.0268,0.905833,14.5094,0.49413,14.5186,0.910631,-1.67882,0.0188012,-4.62386e-06,-2.01277e-05,0.000711067,0.000308441,0.000602791,0,1
33.962,16.0268,0.905833,14.5093,0.493972,14.5186,0.910473,-1.70244,0.0188012,-4.54992e-06,-2.00474e-05,0.000711284,0.000308708,0.000606344,0,1
33.982,16.0268,0.905833,14.5094,0.494419,14.5186,0.910924,-1.72551,0.0188012,-4.63908e-06,-2.03363e-05,0.000711708,0.000309022,0.000609907,0,1
34.002,16.0268,0.905833,14.5095,0.494626,14.5187,0.911132,-1.74876,0.0188013,-4.66522e-06,-2.04792e-05,0.000711977,0.00030932,0.000613477,0,1
34.022,16.0268,0.905833,14.5095,0.494915,14.5187,0.911424,-1.77143,0.0188013,-4.70416e-06,-2.06741e-05,0.0007123,0.00030963,0.000617056,0,1
34.042,16.0268,0.905833,14.5095,0.494932,14.5187,0.910776,-1.79495,0.0188013,-4.40731e-06,-2.03038e-05,0.000695671,0.000298487,0.000607329,0,1
34.062,16.0268,0.905833,14.5097,0.495386,14.5188,0.911236,-1.81755,0.0188013,-4.45913e-06,-2.05991e-05,0.000696118,0.000298817,0.000610892,0,1
34.082,16.0268,0.905833,14.5093,0.494333,14.5185,0.910168,-1.84,0.0188013,-3.92052e-06,-1.99617e-05,0.000696807,0.000298918,0.000614465,0,1
34.102,16.0268,0.905833,14.5094,0.494452,14.5186,0.910289,-1.86299,0.0188013,-3.90249e-06,-2.00513e-05,0.000697026,0.000299204,0.000618045,0,1
34.122,16.0268,0.905833,14.5094,0.494593,14.5186,0.910432,-1.88549,0.0188014,-3.88403e-06,-2.01551e-05,0.000697258,0.000299496,0.000621635,0,1
34.142,16.0268,0.905833,14.5093,0.494308,14.5185,0.909553,-1.90725,0.0188014,-3.46702e-06,-1.96109e-05,0.00068144,0.000288739,0.000611926,0,1
34.162,16.0268,0.905833,14.5094,0.494463,14.5186,0.909711,-1.93015,0.0188014,-3.4408e-06,-1.97222e-05,0.00068168,0.000289026,0.0006155,0,1
34.182,16.0268,0.905833,14.5094,0.494561,14.5186,0.90981,-1.95353,0.0188014,-3.40274e-06,-1.97984e-05,0.000681882,0.000289303,0.000619082,0,1
34.202,16.0268,0.905833,14.5093,0.494355,14.5185,0.9096,-1.97553,0.0188015,-3.249e-06,-1.96829e-05,0.00068206,0.000289504,0.000622673,0,1
34.222,16.0268,0.905833,14.5092,0.49413,14.5184,0.908642,-1.99792,0.0188015,-2.86386e-06,-1.91874e-05,0.000666937,0.000279207,0.000613089,0,1
34.242,16.0268,0.905833,14.509,0.4938,14.5182,0.908305,-2.0216,0.0188015,-2.63751e-06,-1.89942e-05,0.000667135,0.000279356,0.000616665,0,1
34.262,16.0268,0.905833,14.5095,0.494654,14.5187,0.909181,-2.04406,0.0188017,-2.5822e-06,-1.9549e-05,0.000668009,0.00027986,0.000620249,0,1
34.282,16.0268,0.905806,14.5099,0.495248,14.519,0.909791,-2.06577,0.0188019,-2.53539e-06,-1.99421e-05,0.000668621,0.000280297,0.000623842,0,1
34.302,16.0267,0.905706,14.5097,0.495066,14.5189,0.909604,-2.08731,0.0188019,-2.37368e-06,-1.98399e-05,0.000668763,0.000280476,0.000627443,0,1
34.322,16.0266,0.905586,14.5092,0.494188,14.5184,0.908056,-2.10978,0.0188021,-1.55787e-06,-1.8931e-05,0.00065446,0.000270303,0.000617842,0,1
34.342,16.0265,0.905429,14.5091,0.494056,14.5183,0.90792,-2.13113,0.0188021,-1.41845e-06,-1.88605e-05,0.000654586,0.000270485,0.000621429,0,1
34.362,16.0264,0.905192,14.5092,0.4942,14.5184,0.908069,-2.1507,0.0188022,-1.35332e-06,-1.89664e-05,0.000654807,0.000270775,0.000625023,0,1
34.382,16.0262,0.904857,14.5089,0.493784,14.5181,0.907638,-2.16996,0.0188023,-1.03339e-06,-1.87105e-05,0.000654956,0.00027083,0.000628627,0,1
34.402,16.026,0.904525,14.5085,0.493197,14.5177,0.907031,-2.18972,0.0188025,-5.86909e-07,-1.83415e-05,0.000655134,0.0002708,0.000632238,0,1
34.422,16.0257,0.904197,14.5078,0.492319,14.517,0.905507,-2.21125,0.0188027,2.45221e-07,-1.746e-05,0.000641385,0.000260941,0.000622624,0,1
34.442,16.0255,0.903874,14.5073,0.491741,14.5166,0.904906,-2.23175,0.0188029,6.97244e-07,-1.7097e-05,0.000641537,0.000260883,0.00062622,0,1
34.462,16.0253,0.903556,14.5072,0.491598,14.5164,0.904757,-2.25168,0.018803,8.56874e-07,-1.70143e-05,0.000641629,0.00026103,0.000629825,0,1
34.482,16.025,0.903242,14.5069,0.491261,14.5162,0.904406,-2.27129,0.0188032,1.14445e-06,-1.68043e-05,0.000641717,0.000261071,0.000633439,0,1
34.502,16.0248,0.902934,14.5067,0.491106,14.516,0.904245,-2.29057,0.0188033,1.31516e-06,-1.67123e-05,0.000641796,0.000261204,0.000637061,0,1
34.522,16.0245,0.902631,14.506,0.490401,14.5154,0.903506,-2.31187,0.0188036,1.91251e-06,-1.62515e-05,0.000641907,0.00026101,0.000640692,0,1
34.542,16.0242,0.902333,14.5053,0.489678,14.5147,0.90238,-2.33107,0.0188039,2.6117e-06,-1.55078e-05,0.000628609,0.00025149,0.000630937,0,1
34.562,16.0239,0.902041,14.5051,0.489465,14.5145,0.902156,-2.35124,0.0188041,2.82507e-06,-1.53751e-05,0.000628663,0.000251564,0.000634552,0,1
34.582,16.0237,0.901755,14.5046,0.489062,14.514,0.901731,-2.37134,0.0188043,3.18241e-06,-1.51142e-05,0.000628698,0.000251505,0.000638176,0,1
34.602,16.0234,0.901482,14.5045,0.48891,14.5139,0.901571,-2.39103,0.0188044,3.35794e-06,-1.50201e-05,0.000628744,0.000251607,0.000641808,0,1
34.622,16.0231,0.90122,14.5047,0.489095,14.5141,0.901766,-2.40938,0.0188046,3.45279e-06,-1.5154e-05,0.000628986,0.00025195,0.000645449,0,1
34.642,16.0229,0.901003,14.5047,0.489112,14.5141,0.901465,-2.42612,0.0188047,3.57756e-06,-1.49239e-05,0.00061625,0.000243244,0.00063566,0,1
34.662,16.0227,0.900843,14.5046,0.489011,14.514,0.901358,-2.44356,0.0188048,3.71992e-06,-1.48643e-05,0.00061629,0.000243365,0.000639285,0,1
34.682,16.0225,0.90071,14.5043,0.488836,14.5137,0.901173,-2.45997,0.018805,3.91438e-06,-1.47535e-05,0.000616305,0.000243422,0.000642918,0,1
34.702,16.0224,0.900614,14.5042,0.488728,14.5136,0.901057,-2.47547,0.0188051,4.06285e-06,-1.46871e-05,0.000616331,0.000243529,0.00064656,0,1
34.722,16.0224,0.900585,14.5044,0.488884,14.5138,0.900818,-2.49011,0.0188053,4.18794e-06,-1.45614e-05,0.000604267,0.000235309,0.000636846,0,1
34.742,16.0224,0.900585,14.5048,0.489136,14.5141,0.901087,-2.50399,0.0188056,4.30589e-06,-1.47407e-05,0.000604576,0.000235723,0.000640472,0,1
34.762,16.0224,0.900585,14.5043,0.48881,14.5137,0.900739,-2.51884,0.0188059,4.62433e-06,-1.45251e-05,0.000604524,0.000235612,0.000644107,0,1
34.782,16.0224,0.900585,14.5041,0.488652,14.5134,0.900569,-2.53215,0.018806,4.8088e-06,-1.44232e-05,0.000604514,0.000235649,0.000647751,0,1
34.802,16.0224,0.900585,14.5044,0.488871,14.5138,0.900805,-2.54493,0.0188063,4.92065e-06,-1.45836e-05,0.000604793,0.000236057,0.000651403,0,1
34.822,16.0224,0.900585,14.5046,0.48899,14.514,0.90061,-2.55781,0.0188065,5.02296e-06,-1.44385e-05,0.000593179,0.000228118,0.00064162,0,1
34.842,16.0224,0.900585,14.5051,0.489264,14.5144,0.900906,-2.57112,0.0188068,5.15447e-06,-1.46363e-05,0.000593519,0.000228588,0.000645257,0,1
34.862,16.0224,0.900585,14.5055,0.489498,14.5148,0.901158,-2.58337,0.0188071,5.27346e-06,-1.4807e-05,0.000593816,0.000229023,0.000648902,0,1
34.882,16.0224,0.900585,14.5054,0.48944,14.5147,0.901095,-2.59546,0.0188072,5.38429e-06,-1.47739e-05,0.000593829,0.00022914,0.000652555,0,1
34.902,16.0224,0.900585,14.5046,0.489048,14.514,0.900671,-2.60871,0.0188077,5.78205e-06,-1.45043e-05,0.000593686,0.000228865,0.000656217,0,1
34.922,16.0224,0.900585,14.5046,0.489012,14.5139,0.900631,-2.62071,0.0188078,5.87633e-06,-1.44859e-05,0.000593705,0.000229002,0.000659888,0,1
34.942,16.0224,0.900585,14.5047,0.489076,14.514,0.900484,-2.631,0.018808,5.94828e-06,-1.43079e-05,0.000582488,0.000221276,0.000649903,0,1
34.962,16.0224,0.900585,14.5045,0.488994,14.5139,0.900395,-2.64213,0.0188082,6.07344e-06,-1.42568e-05,0.000582475,0.000221345,0.000653558,0,1
34.982,16.0224,0.900585,14.5038,0.488643,14.5132,0.90001,-2.65339,0.0188087,6.43875e-06,-1.40121e-05,0.000582311,0.000221056,0.00065722,0,1
35.002,16.0224,0.900585,14.5041,0.488772,14.5134,0.900151,-2.66419,0.0188089,6.52937e-06,-1.4112e-05,0.000582495,0.000221404,0.000660892,0,1
35.022,16.0224,0.900585,14.5046,0.489017,14.5139,0.900196,-2.67461,0.0188093,6.64036e-06,-1.40726e-05,0.000571955,0.000214254,0.000650964,0,1
35.042,16.0224,0.900585,14.5047,0.489069,14.5141,0.900254,-2.6858,0.0188095,6.71298e-06,-1.41172e-05,0.000572047,0.000214494,0.000654619,0,1
35.062,16.0224,0.900585,14.5047,0.489069,14.5141,0.900253,-2.69727,0.0188096,6.77657e-06,-1.41237e-05,0.000572078,0.000214658,0.000658283,0,1
35.082,16.0224,0.900585,14.5047,0.48907,14.5141,0.900254,-2.70756,0.0188097,6.83881e-06,-1.41315e-05,0.000572109,0.000214825,0.000661956,0,1
35.102,16.0224,0.900585,14.5038,0.488696,14.5132,0.899838,-2.71748,0.0188104,7.24639e-06,-1.38624e-05,0.000571865,0.000214395,0.000665637,0,1
35.122,16.0224,0.900585,14.5037,0.488653,14.5131,0.89979,-2.7265,0.0188105,7.33671e-06,-1.38372e-05,0.000571855,0.000214489,0.000669327,0,1
35.142,16.0224,0.900585,14.503,0.48836,14.5123,0.899356,-2.73582,0.0188111,7.61841e-06,-1.34127e-05,0.000561212,0.000206757,0.000659186,0,1
35.162,16.0224,0.900585,14.503,0.488397,14.5124,0.899397,-2.74428,0.0188112,7.68275e-06,-1.34459e-05,0.000561284,0.000206977,0.000662859,0,1
35.182,16.0224,0.900585,14.5022,0.488097,14.5116,0.89906,-2.75368,0.0188118,8.0128e-06,-1.32278e-05,0.000561056,0.000206599,0.000666541,0,1
35.202,16.0224,0.900585,14.5023,0.488138,14.5117,0.899106,-2.7622,0.018812,8.07619e-06,-1.32643e-05,0.000561133,0.00020683,0.000670231,0,1
35.222,16.0224,0.900585,14.502,0.488018,14.5114,0.89885,-2.77119,0.0188123,8.17321e-06,-1.2978e-05,0.000551028,0.000199673,0.000660145,0,1
35.242,16.0224,0.900585,14.5022,0.488076,14.5115,0.898915,-2.77877,0.0188125,8.23903e-06,-1.30264e-05,0.000551126,0.000199931,0.000663818,0,1
35.262,16.0224,0.900585,14.5022,0.488072,14.5115,0.89891,-2.7875,0.0188127,8.29484e-06,-1.30288e-05,0.000551142,0.000200072,0.000667501,0,1
35.282,16.0224,0.900585,14.5029,0.48831,14.5123,0.899183,-2.79617,0.0188132,8.43528e-06,-1.32166e-05,0.000551514,0.000200713,0.000671192,0,1
35.302,16.0224,0.900585,14.5029,0.488306,14.5122,0.899179,-2.80363,0.0188134,8.48891e-06,-1.32194e-05,0.000551528,0.000200854,0.000674891,0,1
35.322,16.0224,0.900585,14.5033,0.48842,14.5126,0.89931,-2.81247,0.0188137,8.56938e-06,-1.33137e-05,0.000551717,0.000201254,0.000678599,0,1
35.342,16.0224,0.900585,14.5035,0.4885,14.5129,0.899348,-2.81866,0.0188139,8.57932e-06,-1.31755e-05,0.000542191,0.000194691,0.000668279,0,1
35.362,16.0224,0.900585,14.5035,0.488492,14.5128,0.899338,-2.82644,0.0188141,8.63365e-06,-1.31744e-05,0.000542197,0.000194813,0.00067197,0,1
35.382,16.0224,0.900585,14.5033,0.488434,14.5126,0.899271,-2.83365,0.0188143,8.72545e-06,-1.31349e-05,0.000542142,0.000194817,0.000675669,0,1
35.402,16.0224,0.900585,14.5035,0.488492,14.5128,0.899339,-2.84031,0.0188146,8.785e-06,-1.3186e-05,0.000542248,0.000195103,0.000679377,0,1
35.422,16.0224,0.900585,14.504,0.488627,14.5134,0.899498,-2.84785,0.018815,8.87358e-06,-1.32996e-05,0.000542487,0.000195593,0.000683094,0,1
35.442,16.0224,0.900585,14.5042,0.488676,14.5135,0.899531,-2.8526,0.0188152,8.86611e-06,-1.31376e-05,0.000533261,0.00018919,0.000672673,0,1
35.462,16.0224,0.900585,14.5056,0.489016,14.5149,0.899933,-2.85931,0.0188163,9.10591e-06,-1.3414e-05,0.000533874,0.000190237,0.000676372,0,1
35.482,16.0224,0.900585,14.5057,0.489033,14.515,0.899954,-2.86493,0.0188165,9.15218e-06,-1.34339e-05,0.000533916,0.000190423,0.00068008,0,1
35.502,16.0224,0.900585,14.5061,0.489142,14.5154,0.900084,-2.87059,0.0188169,9.22796e-06,-1.35279e-05,0.00053412,0.000190871,0.000683797,0,1
35.522,16.0224,0.900585,14.5064,0.489209,14.5157,0.900164,-2.87651,0.0188172,9.28669e-06,-1.35887e-05,0.000534252,0.000191206,0.000687522,0,1
35.542,16.0224,0.900585,14.5062,0.489151,14.5154,0.900068,-2.882,0.0188174,9.30697e-06,-1.33352e-05,0.000525151,0.000184667,0.000676987,0,1
35.562,16.0224,0.900585,14.5064,0.489201,14.5157,0.900128,-2.88718,0.0188177,9.35913e-06,-1.33814e-05,0.000525252,0.000184951,0.000680694,0,1
35.582,16.0224,0.900585,14.5062,0.489155,14.5155,0.900072,-2.89307,0.0188179,9.43603e-06,-1.3349e-05,0.000525189,0.000184936,0.000684411,0,1
35.602,16.0224,0.900585,14.5062,0.489152,14.5154,0.900069,-2.89867,0.0188181,9.47603e-06,-1.33526e-05,0.000525194,0.000185058,0.000688136,0,1
35.622,16.0224,0.900585,14.5068,0.489275,14.516,0.90017,-2.90385,0.0188186,9.48806e-06,-1.32507e-05,0.000516745,0.000179346,0.000677639,0,1
35.642,16.0224,0.900585,14.5067,0.48926,14.516,0.900152,-2.9094,0.0188187,9.53604e-06,-1.32441e-05,0.000516729,0.000179421,0.000681346,0,1
35.662,16.0224,0.900585,14.5065,0.489222,14.5158,0.900105,-2.91641,0.018819,9.60404e-06,-1.3217e-05,0.000516671,0.000179409,0.000685062,0,1
35.682,16.0224,0.900585,14.5059,0.489114,14.5152,0.89997,-2.92095,0.0188194,9.74305e-06,-1.31301e-05,0.000516484,0.00017913,0.000688787,0,1
35.702,16.0224,0.900585,14.506,0.489137,14.5153,0.899999,-2.92604,0.0188196,9.78249e-06,-1.31551e-05,0.00051654,0.000179342,0.00069252,0,1
35.722,16.0224,0.900585,14.5055,0.489043,14.5148,0.899879,-2.93077,0.0188201,9.90748e-06,-1.30775e-05,0.000516366,0.000179088,0.000696262,0,1
35.742,16.0224,0.900585,14.5057,0.48908,14.515,0.899948,-2.93506,0.0188203,9.87115e-06,-1.29088e-05,0.000508074,0.000173315,0.000685528,0,1
35.762,16.0224,0.900585,14.5058,0.48909,14.515,0.899961,-2.94035,0.0188205,9.90554e-06,-1.29229e-05,0.000508103,0.000173476,0.000689252,0,1
35.782,16.0224,0.900585,14.5059,0.489111,14.5152,0.899987,-2.94443,0.0188207,9.94184e-06,-1.29461e-05,0.000508157,0.000173684,0.000692985,0,1
35.802,16.0224,0.900585,14.5059,0.48911,14.5152,0.899987,-2.94982,0.0188209,9.97303e-06,-1.29506e-05,0.000508162,0.000173799,0.000696726,0,1
35.822,16.0224,0.900585,14.5057,0.489077,14.5149,0.89996,-2.95425,0.0188211,9.95249e-06,-1.27209e-05,0.000500002,0.000167931,0.000686024,0,1
35.842,16.0224,0.900585,14.5052,0.489011,14.5145,0.899872,-2.95942,0.0188215,1.0047e-05,-1.26653e-05,0.00049986,0.000167725,0.000689747,0,1
35.862,16.0224,0.900585,14.5047,0.488933,14.5139,0.899769,-2.9627,0.018822,1.01546e-05,-1.25988e-05,0.000499689,0.000167451,0.000693479,0,1
35.882,16.0224,0.900585,14.5045,0.488913,14.5138,0.899742,-2.96779,0.0188222,1.02011e-05,-1.25842e-05,0.000499645,0.000167457,0.000697219,0,1
35.902,16.0224,0.900585,14.5048,0.488947,14.514,0.899788,-2.97125,0.0188224,1.02384e-05,-1.26207e-05,0.000499741,0.00016775,0.000700968,0,1
35.922,16.0224,0.900585,14.5046,0.488933,14.5139,0.899769,-2.97464,0.0188226,1.02778e-05,-1.26118e-05,0.00049971,0.000167784,0.000704726,0,1
35.942,16.0224,0.900585,14.5041,0.488861,14.5133,0.899735,-2.97876,0.0188231,1.0295e-05,-1.23465e-05,0.000491732,0.00016186,0.000693785,0,1
35.962,16.0224,0.900585,14.5047,0.488932,14.5139,0.899834,-2.98214,0.0188236,1.03511e-05,-1.24194e-05,0.000491941,0.000162384,0.000697524,0,1
35.982,16.0224,0.900585,14.5045,0.488916,14.5138,0.899811,-2.98724,0.0188238,1.03919e-05,-1.24073e-05,0.000491899,0.000162388,0.000701271,0,1
36.002,16.0224,0.900585,14.5037,0.488831,14.513,0.899689,-2.99204,0.0188244,1.05169e-05,-1.23265e-05,0.000491661,0.000161947,0.000705028,0,1
36.022,16.0224,0.900585,14.5033,0.488781,14.5125,0.899683,-2.99558,0.0188248,1.05047e-05,-1.20841e-05,0.000483995,0.00015632,0.000694125,0,1
36.042,16.0224,0.900585,14.5028,0.488737,14.5121,0.89962,-2.99796,0.0188252,1.05749e-05,-1.20437e-05,0.000483868,0.000156119,0.000697863,0,1
36.062,16.0224,0.900585,14.5028,0.488732,14.512,0.899612,-3.00106,0.0188254,1.06024e-05,-1.20421e-05,0.000483856,0.000156181,0.00070161,0,1
36.082,16.0224,0.900585,14.5028,0.48874,14.5121,0.899624,-3.00459,0.0188256,1.06266e-05,-1.20538e-05,0.000483885,0.000156336,0.000705365,0,1
36.102,16.0224,0.900585,14.5033,0.488781,14.5126,0.899686,-3.00893,0.018826,1.0665e-05,-1.2102e-05,0.000484035,0.000156757,0.000709129,0,1
36.122,16.0224,0.900585,14.5032,0.488776,14.5125,0.899766,-3.0118,0.0188261,1.05986e-05,-1.19057e-05,0.000476747,0.000151602,0.000698118,0,1
36.142,16.0224,0.900585,14.5026,0.48872,14.5118,0.899679,-3.0145,0.0188267,1.06896e-05,-1.18482e-05,0.000476554,0.000151228,0.000701863,0,1
36.162,16.0224,0.900585,14.5022,0.488687,14.5114,0.899627,-3.01853,0.018827,1.07477e-05,-1.18155e-05,0.000476438,0.000151039,0.000705617,0,1
36.182,16.0224,0.900585,14.5017,0.488651,14.511,0.89957,-3.02042,0.0188274,1.08103e-05,-1.17787e-05,0.000476305,0.000150807,0.000709379,0,1
36.202,16.0224,0.900585,14.5018,0.488657,14.5111,0.89958,-3.02268,0.0188276,1.08311e-05,-1.17886e-05,0.000476331,0.000150953,0.00071315,0,1
36.222,16.0224,0.900585,14.5019,0.488665,14.5112,0.899698,-3.024,0.0188278,1.07561e-05,-1.16104e-05,0.000469348,0.000146116,0.000702036,0,1
36.242,16.0224,0.900585,14.5017,0.488653,14.511,0.899678,-3.02704,0.018828,1.07883e-05,-1.15995e-05,0.000469302,0.000146086,0.000705788,0,1
36.262,16.0224,0.900585,14.5022,0.488687,14.5115,0.899735,-3.02995,0.0188284,1.08222e-05,-1.16431e-05,0.000469453,0.000146525,0.000709548,0,1
36.282,16.0224,0.900585,14.5023,0.488694,14.5116,0.899748,-3.03197,0.0188287,1.08421e-05,-1.1655e-05,0.000469488,0.000146692,0.000713318,0,1
36.302,16.0224,0.900585,14.502,0.488677,14.5113,0.899717,-3.03526,0.0188289,1.08815e-05,-1.16362e-05,0.00046941,0.000146581,0.000717096,0,1
36.322,16.0224,0.900585,14.5025,0.488704,14.5118,0.899767,-3.03886,0.0188293,1.09111e-05,-1.16748e-05,0.00046955,0.000147001,0.000720882,0,1
36.342,16.0224,0.900585,14.5027,0.488713,14.5119,0.899898,-3.04208,0.0188296,1.08338e-05,-1.14986e-05,0.000462795,0.00014233,0.000709508,0,1
36.362,16.0224,0.900585,14.5029,0.488725,14.5122,0.89992,-3.0458,0.0188298,1.08541e-05,-1.15177e-05,0.000462862,0.000142576,0.000713275,0,1
36.382,16.0224,0.900585,14.5039,0.488773,14.5131,0.900013,-3.04729,0.0188306,1.09044e-05,-1.15869e-05,0.000463146,0.00014335,0.000717051,0,1
36.402,16.0224,0.900585,14.5044,0.488796,14.5136,0.900058,-3.04864,0.018831,1.09306e-05,-1.16221e-05,0.000463285,0.000143775,0.000720835,0,1
36.422,16.0224,0.900585,14.504,0.488779,14.5132,0.900023,-3.05179,0.0188314,1.0972e-05,-1.15999e-05,0.000463181,0.000143589,0.000724628,0,1
36.442,16.0224,0.900585,14.5041,0.488785,14.5134,0.900154,-3.05251,0.0188316,1.08915e-05,-1.14208e-05,0.000456613,0.00013903,0.000713137,0,1
36.462,16.0224,0.900585,14.5038,0.48877,14.513,0.900123,-3.05458,0.0188319,1.09297e-05,-1.14008e-05,0.000456517,0.000138856,0.00071691,0,1
36.482,16.0224,0.900585,14.5045,0.488801,14.5138,0.900188,-3.05558,0.0188325,1.09641e-05,-1.14504e-05,0.000456729,0.000139472,0.000720692,0,1
36.502,16.0224,0.900585,14.5051,0.488821,14.5143,0.900234,-3.05827,0.0188329,1.09899e-05,-1.14866e-05,0.000456883,0.000139941,0.000724483,0,1
36.522,16.0224,0.900585,14.5055,0.488836,14.5147,0.900379,-3.06033,0.0188333,1.09139e-05,-1.13229e-05,0.000450574,0.000135702,0.000713022,0,1
36.542,16.0224,0.900585,14.5057,0.488844,14.5149,0.900397,-3.06094,0.0188336,1.09301e-05,-1.13382e-05,0.000450635,0.000135936,0.000716793,0,1
36.562,16.0224,0.900585,14.5062,0.48886,14.5154,0.900436,-3.06289,0.018834,1.09527e-05,-1.13695e-05,0.000450772,0.000136367,0.000720573,0,1
36.582,16.0224,0.900585,14.5057,0.488844,14.5149,0.900396,-3.06378,0.0188344,1.09983e-05,-1.13426e-05,0.000450633,0.00013607,0.000724361,0,1
36.602,16.0224,0.900585,14.5062,0.488862,14.5155,0.90044,-3.06405,0.0188349,1.10222e-05,-1.13774e-05,0.000450791,0.00013656,0.000728158,0,1
36.622,16.0224,0.900585,14.507,0.488886,14.5163,0.900609,-3.06546,0.0188355,1.09574e-05,-1.12338e-05,0.000444765,0.000132719,0.000716581,0,1
36.642,16.0224,0.900585,14.5075,0.488901,14.5168,0.900648,-3.06658,0.0188359,1.09791e-05,-1.12642e-05,0.000444903,0.000133158,0.000720358,0,1
36.662,16.0224,0.900585,14.5073,0.488895,14.5166,0.900632,-3.06831,0.0188362,1.10029e-05,-1.1255e-05,0.000444847,0.000133078,0.000724144,0,1
36.682,16.0224,0.900585,14.507,0.488885,14.5162,0.900606,-3.0695,0.0188365,1.10349e-05,-1.12384e-05,0.000444754,0.000132894,0.000727938,0,1
36.702,16.0224,0.900585,14.5072,0.48889,14.5164,0.90062,-3.07057,0.0188368,1.10486e-05,-1.1251e-05,0.000444807,0.000133108,0.000731741,0,1
36.722,16.0224,0.900585,14.5076,0.4889,14.5168,0.900737,-3.07137,0.0188371,1.09689e-05,-1.10838e-05,0.000438845,0.000129101,0.00072005,0,1
36.742,16.0224,0.900585,14.507,0.488887,14.5163,0.900699,-3.07211,0.0188376,1.10112e-05,-1.10587e-05,0.000438708,0.000128783,0.000723833,0,1
36.762,16.0224,0.900585,14.5066,0.488878,14.5158,0.900668,-3.07532,0.018838,1.10471e-05,-1.10382e-05,0.000438595,0.000128528,0.000727624,0,1
36.782,16.0224,0.900585,14.5067,0.488881,14.516,0.900678,-3.0755,0.0188382,1.10591e-05,-1.10475e-05,0.000438634,0.000128704,0.000731424,0,1
36.802,16.0224,0.900585,14.5073,0.488891,14.5165,0.900713,-3.07597,0.0188386,1.10781e-05,-1.10757e-05,0.000438775,0.000129168,0.000735233,0,1
36.822,16.0224,0.900585,14.5068,0.488884,14.5161,0.900776,-3.07842,0.018839,1.10127e-05,-1.08698e-05,0.000432785,0.000124713,0.000723434,0,1
36.842,16.0224,0.900585,14.5069,0.488884,14.5161,0.900778,-3.07988,0.0188392,1.1023e-05,-1.08732e-05,0.000432794,0.000124802,0.000727222,0,1
36.862,16.0224,0.900585,14.507,0.488886,14.5162,0.900786,-3.08047,0.0188394,1.10338e-05,-1.08804e-05,0.000432824,0.000124954,0.000731019,0,1
36.882,16.0224,0.900585,14.507,0.488886,14.5163,0.900787,-3.0815,0.0188395,1.10437e-05,-1.08836e-05,0.000432832,0.00012504,0.000734825,0,1
36.902,16.0224,0.900585,14.5069,0.488885,14.5162,0.900782,-3.08157,0.0188397,1.10569e-05,-1.08818e-05,0.000432812,0.000125044,0.000738639,0,1
36.922,16.0224,0.900585,14.5078,0.488896,14.517,0.900936,-3.08242,0.0188404,1.09855e-05,-1.07343e-05,0.000427309,0.00012165,0.000726735,0,1
36.942,16.0224,0.900585,14.5087,0.488907,14.5179,0.900989,-3.08269,0.0188411,1.10119e-05,-1.07746e-05,0.00042753,0.000122363,0.000730528,0,1
36.962,16.0224,0.900585,14.5089,0.488909,14.5181,0.901,-3.08332,0.0188414,1.10228e-05,-1.07841e-05,0.000427575,0.000122557,0.000734331,0,1
36.982,16.0224,0.900585,14.5095,0.488916,14.5188,0.901037,-3.08381,0.0188419,1.10414e-05,-1.08133e-05,0.000427734,0.000123091,0.000738142,0,1
37.002,16.0224,0.900585,14.5095,0.488915,14.5187,0.901035,-3.08484,0.0188421,1.10523e-05,-1.08133e-05,0.000427724,0.000123125,0.000741961,0,1
37.022,16.0224,0.900585,14.5097,0.488918,14.519,0.901135,-3.08403,0.0188423,1.09671e-05,-1.06386e-05,0.000422208,0.000119359,0.000729939,0,1
37.042,16.0224,0.900585,14.5099,0.48892,14.5191,0.901143,-3.08399,0.0188426,1.09775e-05,-1.06463e-05,0.000422244,0.000119527,0.000733738,0,1
37.062,16.0224,0.900585,14.5098,0.488919,14.5191,0.901142,-3.08515,0.0188427,1.09878e-05,-1.06467e-05,0.000422237,0.000119567,0.000737545,0,1
37.082,16.0224,0.900585,14.509,0.488912,14.5182,0.901093,-3.08586,0.0188434,1.10411e-05,-1.06127e-05,0.000422037,0.000118998,0.000741361,0,1
37.102,16.0224,0.900585,14.5093,0.488914,14.5185,0.90111,-3.08758,0.0188437,1.10526e-05,-1.06261e-05,0.000422106,0.000119272,0.000745186,0,1
37.122,16.0224,0.900585,14.5087,0.48891,14.518,0.901159,-3.08752,0.0188442,1.0991e-05,-1.04198e-05,0.000416557,0.000115032,0.000733061,0,1
37.142,16.0219,0.900563,14.5075,0.488901,14.5168,0.901094,-3.0872,0.0188452,1.10655e-05,-1.03731e-05,0.000416283,0.000114202,0.000736864,0,1
37.162,16.0207,0.900504,14.5065,0.488894,14.5158,0.90104,-3.08772,0.018846,1.11259e-05,-1.03342e-05,0.000416059,0.000113521,0.000740677,0,1
37.182,16.0186,0.90041,14.5029,0.488871,14.5121,0.900844,-3.08874,0.0188509,1.14494e-05,-1.01902e-05,0.000415259,0.000110883,0.000744498,0,1
37.202,16.0158,0.900281,14.5002,0.488858,14.5095,0.900702,-3.09052,0.0188539,1.16522e-05,-1.00855e-05,0.000414678,0.000108936,0.000748327,0,1
37.222,16.0121,0.90012,14.4966,0.488846,14.5059,0.900604,-3.09181,0.0188586,1.18425e-05,-9.77694e-06,0.000408769,0.000102841,0.000736141,0,1
37.242,16.0077,0.899929,14.4918,0.488833,14.5011,0.900363,-3.09202,0.0188665,1.23076e-05,-9.60015e-06,0.000407814,9.93253e-05,0.000739949,0,1
37.262,16.0024,0.899708,14.4857,0.488819,14.495,0.900063,-3.09219,0.0188783,1.29774e-05,-9.37769e-06,0.000406666,9.48743e-05,0.000743766,0,1
37.282,15.9963,0.899458,14.4793,0.488804,14.4886,0.899744,-3.09241,0.0188914,1.37159e-05,-9.14015e-06,0.000405506,9.01034e-05,0.000747592,0,1
37.302,15.9895,0.899182,14.4724,0.488793,14.4817,0.899407,-3.09348,0.018906,1.45258e-05,-8.88764e-06,0.000404343,8.50068e-05,0.000751427,0,1
37.322,15.9818,0.898881,14.4647,0.48879,14.474,0.899035,-3.09476,0.0189242,1.55013e-05,-8.60667e-06,0.000403115,7.92045e-05,0.00075527,0,1
37.342,15.9734,0.898555,14.4562,0.488795,14.4656,0.898722,-3.09541,0.0189454,1.64342e-05,-8.16669e-06,0.000397162,7.04315e-05,0.000742959,0,1
37.362,15.9641,0.898207,14.4464,0.48881,14.4557,0.898265,-3.09702,0.018974,1.78621e-05,-7.82533e-06,0.000395903,6.30818e-05,0.000746781,0,1
37.382,15.9542,0.897841,14.4359,0.488844,14.4453,0.8978,-3.09872,0.0190054,1.93742e-05,-7.47564e-06,0.000394732,5.52807e-05,0.000750611,0,1
37.402,15.9442,0.897482,14.4262,0.488883,14.4356,0.897384,-3.09845,0.019033,2.06476e-05,-7.16065e-06,0.000393781,4.7979e-05,0.00075445,0,1
37.422,15.9342,0.89713,14.4167,0.488922,14.4261,0.897077,-3.09909,0.0190593,2.16424e-05,-6.73303e-06,0.000388573,3.94221e-05,0.000742277,0,1
37.442,15.9242,0.896788,14.4065,0.488969,14.4159,0.896644,-3.09949,0.0190895,2.30109e-05,-6.40731e-06,0.000387901,3.18077e-05,0.000746094,0,1
37.462,15.9142,0.896454,14.3978,0.489016,14.4072,0.896276,-3.10084,0.0191122,2.40328e-05,-6.12873e-06,0.000387442,2.52417e-05,0.00074992,0,1
37.482,15.9042,0.896129,14.388,0.489079,14.3974,0.895878,-3.1013,0.01914,2.5234e-05,-5.82615e-06,0.000387068,1.78695e-05,0.000753755,0,1
37.502,15.8941,0.895812,14.378,0.489147,14.3874,0.895475,-3.10176,0.0191691,2.64703e-05,-5.51766e-06,0.000386833,1.02671e-05,0.000757599,0,1
37.522,15.8841,0.895503,14.3682,0.48922,14.3776,0.895195,-3.10258,0.0191973,2.73561e-05,-5.11379e-06,0.000382522,2.57754e-06,0.000745358,0,1
37.542,15.8741,0.895203,14.3582,0.489302,14.3677,0.894806,-3.10343,0.0192263,2.85356e-05,-4.81818e-06,0.000382589,-4.93642e-06,0.00074918,0,1
37.562,15.8641,0.89491,14.3489,0.489384,14.3584,0.894451,-3.10377,0.0192517,2.95475e-05,-4.5464e-06,0.000382782,-1.19906e-05,0.00075301,0,1
37.582,15.8541,0.894626,14.3393,0.489472,14.3488,0.894087,-3.10406,0.0192789,3.06123e-05,-4.26571e-06,0.000383122,-1.93426e-05,0.000756849,0,1
37.602,15.8441,0.89435,14.3297,0.489564,14.3392,0.893728,-3.10474,0.0193057,3.1651e-05,-3.98728e-06,0.000383599,-2.66916e-05,0.000760697,0,1
37.622,15.8341,0.894083,14.3191,0.489674,14.3285,0.893449,-3.10556,0.0193385,3.25368e-05,-3.58092e-06,0.0003801,-3.39015e-05,0.000748314,0,1
37.642,15.8241,0.893823,14.3086,0.489792,14.3181,0.893071,-3.10679,0.0193704,3.37065e-05,-3.29041e-06,0.000380935,-4.18794e-05,0.000752139,0,1
37.662,15.8141,0.893572,14.2987,0.48991,14.3082,0.892728,-3.10714,0.0193987,3.47082e-05,-3.02463e-06,0.000381867,-4.94234e-05,0.000755974,0,1
37.682,15.8041,0.893328,14.2886,0.49004,14.2981,0.892381,-3.10855,0.0194283,3.57378e-05,-2.75386e-06,0.000382975,-5.71891e-05,0.000759817,0,1
37.702,15.7941,0.893092,14.2782,0.490185,14.2877,0.892034,-3.10902,0.01946,3.67933e-05,-2.48234e-06,0.00038429,-6.53023e-05,0.000763669,0,1
37.722,15.7841,0.892863,14.2678,0.490342,14.2772,0.891695,-3.1108,0.0194914,3.78183e-05,-2.21436e-06,0.000385766,-7.34221e-05,0.00076753,0,1
37.742,15.7741,0.892642,14.258,0.490503,14.2675,0.891505,-3.11226,0.0195192,3.82476e-05,-1.85715e-06,0.000382895,-7.85538e-05,0.000754742,0,1
37.762,15.7641,0.892427,14.2485,0.490669,14.258,0.891227,-3.11321,0.0195456,3.90152e-05,-1.63775e-06,0.000384474,-8.58845e-05,0.000758579,0,1
37.782,15.7542,0.892219,14.2379,0.490866,14.2474,0.890925,-3.11391,0.0195783,3.99331e-05,-1.39862e-06,0.000386414,-9.41476e-05,0.000762425,0,1
37.802,15.7442,0.892016,14.228,0.491053,14.2375,0.890652,-3.11421,0.0196067,4.07059e-05,-1.18024e-06,0.000388366,-0.000101867,0.00076628,0,1
37.822,15.7342,0.89182,14.2176,0.491256,14.2271,0.890366,-3.11489,0.0196383,4.15522e-05,-9.50624e-07,0.000390601,-0.00011008,0.000770144,0,1
37.842,15.7242,0.891629,14.2073,0.491463,14.2168,0.890216,-3.1156,0.0196692,4.18885e-05,-5.86604e-07,0.000388262,-0.000114519,0.000757065,0,1
37.862,15.7142,0.891443,14.1968,0.491671,14.2063,0.889943,-3.11459,0.0197011,4.26912e-05,-3.68682e-07,0.000390772,-0.000122693,0.000760904,0,1
37.882,15.7042,0.891263,14.1867,0.49187,14.1962,0.889671,-3.1153,0.0197307,4.34573e-05,-1.50222e-07,0.000393342,-0.000130589,0.000764753,0,1
37.902,15.6942,0.891088,14.177,0.492068,14.1865,0.889417,-3.11626,0.019758,4.41431e-05,5.57949e-08,0.000395955,-0.00013822,0.000768609,0,1
37.922,15.6842,0.890918,14.1662,0.492295,14.1758,0.889292,-3.11661,0.0197915,4.44501e-05,4.38763e-07,0.000393995,-0.000142086,0.0007554,0,1
37.942,15.6742,0.890753,14.156,0.492514,14.1655,0.889035,-3.117,0.0198222,4.51735e-05,6.45226e-07,0.000397014,-0.000150105,0.000759233,0,1
37.962,15.6643,0.890593,14.1467,0.492718,14.1563,0.888808,-3.11786,0.0198474,4.57523e-05,8.30597e-07,0.00039987,-0.000157389,0.000763074,0,1
37.982,15.6543,0.890437,14.1368,0.492944,14.1463,0.888572,-3.11854,0.0198762,4.63887e-05,1.02343e-06,0.000403088,-0.000165242,0.000766923,0,1
38.002,15.6443,0.890285,14.1265,0.493178,14.1361,0.888335,-3.11801,0.0199067,4.7041e-05,1.2178e-06,0.000406572,-0.000173385,0.000770782,0,1
38.022,15.6343,0.890137,14.1162,0.493417,14.1258,0.88826,-3.11949,0.0199376,4.71714e-05,1.6119e-06,0.000404641,-0.000175765,0.000757185,0,1
38.042,15.6243,0.889993,14.1056,0.493669,14.1152,0.888026,-3.11941,0.0199698,4.78251e-05,1.80262e-06,0.000408455,-0.000184058,0.000761018,0,1
38.062,15.6143,0.889854,14.0957,0.493912,14.1052,0.887805,-3.12079,0.0199989,4.84085e-05,1.98516e-06,0.000412216,-0.000191952,0.00076486,0,1
38.082,15.6043,0.889718,14.086,0.494157,14.0956,0.887604,-3.12114,0.0200262,4.89187e-05,2.15325e-06,0.000416009,-0.000199654,0.00076871,0,1
38.102,15.5943,0.889586,14.0764,0.4944,14.086,0.887407,-3.12067,0.0200533,4.94117e-05,2.31888e-06,0.00041993,-0.000207366,0.000772569,0,1
38.122,15.5843,0.889458,14.0662,0.494662,14.0758,0.887381,-3.12211,0.0200836,4.93969e-05,2.72617e-06,0.000417963,-0.000208516,0.000758546,0,1
38.142,15.5743,0.889334,14.0566,0.494914,14.0662,0.887194,-3.12229,0.0201105,4.98559e-05,2.88306e-06,0.000422041,-0.000216118,0.000762379,0,1
38.162,15.5643,0.889213,14.0473,0.495164,14.0568,0.887014,-3.12308,0.0201362,5.02842e-05,3.0358e-06,0.000426151,-0.000223572,0.00076622,0,1
38.182,15.5542,0.889097,14.0369,0.495448,14.0464,0.886821,-3.12315,0.0201677,5.07911e-05,3.19926e-06,0.000430907,-0.000231909,0.000770071,0,1
38.202,15.5442,0.888984,14.0267,0.495728,14.0363,0.886633,-3.12353,0.0201977,5.12676e-05,3.35935e-06,0.000435709,-0.000240091,0.000773929,0,1
38.222,15.5342,0.888875,14.0168,0.496005,14.0263,0.886646,-3.12406,0.0202265,5.10971e-05,3.77678e-06,0.000433478,-0.00023989,0.000759452,0,1
38.242,15.5242,0.88877,14.0072,0.496274,14.0167,0.886478,-3.12429,0.0202536,5.14932e-05,3.92108e-06,0.000438162,-0.000247544,0.000763283,0,1
38.262,15.5142,0.888669,13.9974,0.496551,14.0069,0.886309,-3.12445,0.0202815,5.18956e-05,4.06685e-06,0.000443083,-0.00025538,0.000767123,0,1
38.282,15.5042,0.888571,13.9879,0.496818,13.9975,0.886147,-3.12417,0.0203077,5.22641e-05,4.2078e-06,0.00044798,-0.000263004,0.000770972,0,1
38.302,15.4942,0.888477,13.9778,0.497099,13.9874,0.88597,-3.12327,0.0203377,5.26955e-05,4.36104e-06,0.000453406,-0.000271219,0.000774829,0,1
38.322,15.4842,0.888386,13.9677,0.497376,13.9773,0.886013,-3.12425,0.0203671,5.24924e-05,4.81573e-06,0.000450963,-0.000269966,0.000759881,0,1
38.342,15.4742,0.888299,13.9581,0.497654,13.9677,0.885846,-3.12588,0.0203944,5.28731e-05,4.96063e-06,0.000456253,-0.000277698,0.00076371,0,1
38.362,15.4642,0.888216,13.9482,0.497952,13.9577,0.88569,-3.12694,0.0204231,5.32304e-05,5.0975e-06,0.000461841,-0.000285676,0.000767547,0,1
38.382,15.4542,0.888136,13.9382,0.49826,13.9477,0.885544,-3.12734,0.0204523,5.35638e-05,5.22799e-06,0.000467639,-0.000293769,0.000771393,0,1
38.402,15.4442,0.88806,13.9283,0.498561,13.9379,0.885403,-3.1265,0.0204806,5.3874e-05,5.35441e-06,0.000473504,-0.00030179,0.000775248,0,1
38.422,15.4342,0.887987,13.9188,0.498851,13.9284,0.88526,-3.12706,0.0205072,5.41792e-05,5.48388e-06,0.000479314,-0.000309589,0.000779111,0,1
38.442,15.4242,0.887918,13.9077,0.499198,13.9172,0.885328,-3.12787,0.020543,5.38945e-05,5.96706e-06,0.000477016,-0.000307703,0.000763384,0,1
38.462,15.4142,0.887851,13.8971,0.499534,13.9067,0.885183,-3.12923,0.0205751,5.42266e-05,6.09646e-06,0.000483589,-0.000316184,0.000767217,0,1
38.482,15.4042,0.887789,13.8872,0.499856,13.8968,0.885061,-3.12895,0.0206037,5.44801e-05,6.20946e-06,0.000489925,-0.000324225,0.000771059,0,1
38.502,15.3942,0.887729,13.8773,0.500177,13.8869,0.884936,-3.12889,0.0206325,5.47407e-05,6.32557e-06,0.000496443,-0.000332338,0.000774909,0,1
38.522,15.3842,0.887672,13.8672,0.500502,13.8768,0.884807,-3.12847,0.0206622,5.50108e-05,6.44447e-06,0.000503243,-0.000340636,0.000778768,0,1
38.542,15.3742,0.887618,13.8575,0.500811,13.8671,0.884955,-3.12847,0.0206897,5.45422e-05,6.93552e-06,0.000499419,-0.000336362,0.000762508,0,1
38.562,15.3642,0.887566,13.8481,0.501109,13.8577,0.884832,-3.12886,0.0207156,5.47747e-05,7.04951e-06,0.000505799,-0.000343983,0.000766335,0,1
38.582,15.3542,0.887517,13.8385,0.501417,13.8481,0.88471,-3.12892,0.0207427,5.50089e-05,7.16357e-06,0.000512485,-0.000351826,0.00077017,0,1
38.602,15.3442,0.88747,13.8288,0.501734,13.8383,0.884586,-3.12967,0.0207707,5.5249e-05,7.27942e-06,0.000519446,-0.000359847,0.000774015,0,1
38.622,15.3342,0.887426,13.8194,0.502049,13.829,0.884748,-3.13143,0.0207965,5.47077e-05,7.77312e-06,0.000514904,-0.000354489,0.000757582,0,1
38.642,15.3242,0.887383,13.8096,0.502388,13.8192,0.884649,-3.13231,0.0208244,5.48792e-05,7.86941e-06,0.000521899,-0.000362372,0.000761394,0,1
38.662,15.3142,0.887344,13.7997,0.50274,13.8093,0.884557,-3.13314,0.0208531,5.50336e-05,7.96072e-06,0.00052916,-0.000370417,0.000765215,0,1
38.682,15.3042,0.887306,13.7898,0.5031,13.7994,0.884473,-3.13385,0.0208817,5.51652e-05,8.04606e-06,0.000536575,-0.000378504,0.000769045,0,1
38.702,15.2942,0.88727,13.7798,0.503461,13.7894,0.884396,-3.13256,0.0209108,5.52804e-05,8.12696e-06,0.000544219,-0.000386705,0.000772883,0,1
38.722,15.2842,0.887237,13.77,0.503813,13.7796,0.884554,-3.13356,0.020939,5.46573e-05,8.62747e-06,0.000539236,-0.000380505,0.000755953,0,1
38.742,15.2742,0.887205,13.7602,0.504172,13.7697,0.884475,-3.13422,0.0209673,5.47691e-05,8.70931e-06,0.000546801,-0.000388461,0.000759758,0,1
38.762,15.2642,0.887175,13.7506,0.504525,13.7602,0.884405,-3.1344,0.0209941,5.48553e-05,8.78493e-06,0.000554286,-0.000396236,0.000763572,0,1
38.782,15.2542,0.887147,13.7409,0.504885,13.7504,0.884334,-3.13413,0.021022,5.49422e-05,8.86088e-06,0.000562106,-0.000404233,0.000767394,0,1
38.802,15.2442,0.88712,13.73,0.505282,13.7396,0.884253,-3.13389,0.0210559,5.50654e-05,8.94523e-06,0.000570955,-0.000413089,0.000771225,0,1
38.822,15.2342,0.887096,13.7198,0.505654,13.7293,0.884447,-3.13381,0.0210862,5.43893e-05,9.45916e-06,0.000565397,-0.000405961,0.000753792,0,1
38.842,15.2242,0.887073,13.7098,0.506017,13.7193,0.884369,-3.13362,0.0211157,5.4491e-05,9.54119e-06,0.000573635,-0.00041408,0.000757589,0,1
38.862,15.2142,0.887051,13.7003,0.506351,13.7099,0.884294,-3.13242,0.0211419,5.45783e-05,9.62132e-06,0.000581521,-0.000421781,0.000761394,0,1
38.882,15.2042,0.887031,13.6903,0.5067,13.6998,0.884202,-3.13205,0.0211714,5.47127e-05,9.71486e-06,0.000590093,-0.000430007,0.000765208,0,1
38.902,15.1942,0.887013,13.6804,0.50704,13.6899,0.884108,-3.13232,0.0211997,5.48462e-05,9.81001e-06,0.000598637,-0.00043811,0.00076903,0,1
38.922,15.1842,0.886997,13.6705,0.507388,13.68,0.884015,-3.1326,0.0212288,5.49766e-05,9.90457e-06,0.000607466,-0.000446368,0.000772861,0,1
38.942,15.1742,0.886982,13.6608,0.507724,13.6704,0.884265,-3.1327,0.0212559,5.42666e-05,1.04528e-05,0.000600053,-0.000437129,0.000754593,0,1
38.962,15.1642,0.886969,13.6516,0.508044,13.6611,0.884182,-3.13229,0.0212812,5.43586e-05,1.05391e-05,0.000608225,-0.000444699,0.000758387,0,1
38.982,15.1542,0.886957,13.6408,0.508411,13.6503,0.884082,-3.1319,0.0213146,5.45099e-05,1.06391e-05,0.000617871,-0.00045343,0.000762191,0,1
39.002,15.1442,0.886947,13.6313,0.508742,13.6408,0.88399,-3.13341,0.0213412,5.46241e-05,1.07337e-05,0.00062657,-0.000461274,0.000766003,0,1
39.022,15.1342,0.886939,13.6214,0.509091,13.6309,0.88425,-3.13322,0.0213699,5.38872e-05,1.12805e-05,0.000618692,-0.000451497,0.000747644,0,1
39.042,15.1242,0.886932,13.6108,0.509463,13.6203,0.884161,-3.13308,0.0214026,5.40006e-05,1.13723e-05,0.000628397,-0.000460049,0.00075142,0,1
39.062,15.1142,0.886926,13.6007,0.509823,13.6102,0.884075,-3.13515,0.021432,5.40966e-05,1.14617e-05,0.000637715,-0.000468192,0.000755204,0,1
39.082,15.1042,0.886922,13.5905,0.510201,13.6,0.88401,-3.13564,0.0214622,5.4143e-05,1.15365e-05,0.000647334,-0.000476492,0.000758997,0,1
39.102,15.0942,0.886919,13.5808,0.510565,13.5902,0.883951,-3.13507,0.0214903,5.4169e-05,1.1606e-05,0.000656746,-0.000484546,0.000762799,0,1
39.122,15.0842,0.886918,13.5712,0.510918,13.5806,0.883889,-3.135,0.0215173,5.4203e-05,1.1679e-05,0.00066611,-0.000492484,0.000766609,0,1
39.142,15.0742,0.886919,13.5609,0.51129,13.5704,0.884157,-3.13432,0.0215478,5.33939e-05,1.22371e-05,0.000656921,-0.000481255,0.000747428,0,1
39.162,15.0642,0.886921,13.5509,0.51165,13.5604,0.884085,-3.13495,0.0215769,5.3448e-05,1.23175e-05,0.000666623,-0.000489348,0.0007512,0,1
39.182,15.0542,0.886924,13.5416,0.511987,13.5511,0.884023,-3.13433,0.0216026,5.3473e-05,1.23902e-05,0.000675831,-0.000496991,0.00075498,0,1
39.202,15.0442,0.886929,13.5305,0.512382,13.54,0.883942,-3.13398,0.0216379,5.35514e-05,1.24772e-05,0.000686939,-0.000505993,0.00075877,0,1
39.222,15.0342,0.886935,13.5206,0.512733,13.53,0.884231,-3.13403,0.0216667,5.27486e-05,1.3038e-05,0.000676563,-0.000493757,0.000739537,0,1
39.242,15.0242,0.886942,13.5101,0.513102,13.5195,0.884152,-3.13401,0.0216987,5.28136e-05,1.31238e-05,0.000687023,-0.000502157,0.000743288,0,1
39.262,15.0142,0.88695,13.5006,0.513437,13.51,0.88408,-3.13426,0.0217253,5.28537e-05,1.32044e-05,0.000696648,-0.000509868,0.000747048,0,1
39.282,15.0042,0.88696,13.4907,0.513784,13.5001,0.884007,-3.13368,0.0217539,5.28953e-05,1.32857e-05,0.000706819,-0.000517911,0.000750816,0,1
39.302,14.9942,0.886971,13.4831,0.514048,13.4925,0.883947,-3.13327,0.0217716,5.29027e-05,1.33581e-05,0.000714751,-0.000524281,0.000754592,0,1
39.322,14.9842,0.886982,13.4758,0.514302,13.4852,0.884299,-3.13448,0.0217879,5.20464e-05,1.39094e-05,0.000700446,-0.000509026,0.00073502,0,1
39.342,14.9742,0.886995,13.4688,0.514547,13.4782,0.884249,-3.13446,0.021803,5.20313e-05,1.39737e-05,0.000707584,-0.000514793,0.000738758,0,1
39.362,14.9642,0.887009,13.4616,0.514802,13.4711,0.884198,-3.13496,0.021819,5.2018e-05,1.40394e-05,0.000715023,-0.000520749,0.000742504,0,1
39.382,14.9542,0.887023,13.4548,0.515046,13.4642,0.884153,-3.13507,0.0218335,5.19947e-05,1.4101e-05,0.000722163,-0.000526467,0.000746259,0,1
39.402,14.9442,0.887039,13.4475,0.515309,13.4569,0.884105,-3.13514,0.02185,5.19737e-05,1.41646e-05,0.000729925,-0.000532598,0.000750022,0,1
39.422,14.9342,0.887055,13.4401,0.515572,13.4495,0.884441,-3.13507,0.0218667,5.11003e-05,1.46903e-05,0.000714992,-0.000516896,0.000730392,0,1
39.442,14.9242,0.887073,13.4328,0.515835,13.4422,0.884393,-3.13602,0.0218832,5.10754e-05,1.47538e-05,0.00072259,-0.000522882,0.000734117,0,1
39.462,14.9142,0.887091,13.4257,0.516088,13.4351,0.884354,-3.13469,0.0218988,5.10366e-05,1.48115e-05,0.000730043,-0.000528738,0.00073785,0,1
39.482,14.9042,0.88711,13.4187,0.516336,13.4281,0.884305,-3.1351,0.0219141,5.10123e-05,1.4876e-05,0.000737505,-0.000534577,0.000741592,0,1
39.502,14.8942,0.887129,13.4116,0.516584,13.421,0.884259,-3.13447,0.0219296,5.0983e-05,1.49388e-05,0.000745108,-0.000540488,0.000745342,0,1
39.522,14.8842,0.88715,13.4045,0.516829,13.414,0.884209,-3.13397,0.021945,5.09602e-05,1.50052e-05,0.000752786,-0.000546425,0.000749101,0,1
39.542,14.8742,0.887171,13.3977,0.517063,13.4072,0.884587,-3.13442,0.0219594,5.00963e-05,1.55218e-05,0.000736081,-0.00052941,0.000729108,0,1
39.562,14.8642,0.887192,13.391,0.517296,13.4004,0.884539,-3.13442,0.0219737,5.0068e-05,1.55867e-05,0.000743287,-0.000535002,0.000732828,0,1
39.582,14.8542,0.887214,13.3836,0.517553,13.393,0.884486,-3.13522,0.0219904,5.00444e-05,1.5655e-05,0.000751226,-0.000541072,0.000736556,0,1
39.602,14.8442,0.887237,13.3763,0.517806,13.3857,0.884439,-3.1341,0.0220068,5.00091e-05,1.57187e-05,0.00075916,-0.000547113,0.000740292,0,1
39.622,14.8342,0.887261,13.369,0.518062,13.3784,0.884384,-3.13573,0.0220234,4.99875e-05,1.5789e-05,0.000767232,-0.000553219,0.000744037,0,1
39.642,14.8242,0.887285,13.3621,0.518308,13.3715,0.884773,-3.13617,0.0220381,4.91148e-05,1.62785e-05,0.000749915,-0.000535826,0.00072404,0,1
39.662,14.8142,0.88731,13.3547,0.518572,13.3641,0.884733,-3.136,0.0220548,4.90636e-05,1.63377e-05,0.000757866,-0.000541828,0.000727746,0,1
39.682,14.8042,0.887335,13.3477,0.518824,13.3571,0.884694,-3.13679,0.0220701,4.9013e-05,1.63964e-05,0.000765486,-0.000547586,0.00073146,0,1
39.702,14.7942,0.887361,13.3404,0.519091,13.3498,0.884659,-3.13718,0.0220864,4.89527e-05,1.64523e-05,0.000773511,-0.00055359,0.000735183,0,1
39.722,14.7842,0.887388,13.3334,0.519349,13.3428,0.884628,-3.13729,0.0221017,4.88874e-05,1.65054e-05,0.00078131,-0.00055942,0.000738914,0,1
39.742,14.7742,0.887415,13.3272,0.519581,13.3367,0.885041,-3.13889,0.0221138,4.80143e-05,1.69649e-05,0.000762525,-0.000541098,0.00071893,0,1
39.762,14.7642,0.887443,13.32,0.519856,13.3294,0.885021,-3.13847,0.02213,4.79244e-05,1.70098e-05,0.000770408,-0.000546969,0.000722622,0,1
39.782,14.7542,0.887471,13.3126,0.520133,13.322,0.884998,-3.13819,0.0221467,4.78383e-05,1.70573e-05,0.000778524,-0.00055297,0.000726323,0,1
39.802,14.7442,0.8875,13.3054,0.520406,13.3148,0.884973,-3.13855,0.0221629,4.77561e-05,1.71061e-05,0.000786567,-0.000558899,0.000730032,0,1
39.822,14.7342,0.88753,13.2985,0.520667,13.3079,0.884952,-3.13835,0.0221778,4.76712e-05,1.71524e-05,0.000794335,-0.000564627,0.00073375,0,1
39.842,14.7242,0.88756,13.292,0.520915,13.3014,0.885287,-3.13984,0.022191,4.68044e-05,1.75859e-05,0.000775244,-0.000546171,0.000713806,0,1
39.862,14.7142,0.88759,13.285,0.521183,13.2944,0.885275,-3.13924,0.0222061,4.67016e-05,1.7626e-05,0.000782885,-0.000551803,0.000717485,0,1
39.882,14.7042,0.887621,13.2788,0.521416,13.2882,0.885261,-3.13829,0.0222183,4.66133e-05,1.76679e-05,0.000789733,-0.000556903,0.000721172,0,1
39.902,14.6942,0.887653,13.2714,0.5217,13.2807,0.885236,-3.13951,0.0222355,4.65237e-05,1.77171e-05,0.000798118,-0.000562979,0.000724868,0,1
39.922,14.6842,0.887685,13.2648,0.521952,13.2742,0.885609,-3.14043,0.0222488,4.56701e-05,1.81187e-05,0.000778897,-0.000544612,0.00070531,0,1
39.942,14.6742,0.887717,13.258,0.522221,13.2674,0.885601,-3.14144,0.0222632,4.55593e-05,1.81562e-05,0.000786338,-0.000550065,0.000708967,0,1
39.962,14.6642,0.88775,13.2515,0.522478,13.2609,0.8856,-3.14014,0.0222766,4.54424e-05,1.81888e-05,0.000793541,-0.000555348,0.000712634,0,1
39.982,14.6542,0.887784,13.2449,0.522735,13.2542,0.88559,-3.13948,0.0222906,4.53358e-05,1.82276e-05,0.00080099,-0.000560774,0.000716308,0,1
40.002,14.6442,0.887818,13.2376,0.523013,13.2469,0.885575,-3.13963,0.022307,4.52288e-05,1.82705e-05,0.000809204,-0.000566668,0.000719992,0,1
40.022,14.6342,0.887852,13.2299,0.523303,13.2392,0.88556,-3.13841,0.022325,4.51149e-05,1.83133e-05,0.000817967,-0.000572888,0.000723684,0,1
40.042,14.6242,0.887887,13.223,0.523557,13.2323,0.885966,-3.13804,0.0223398,4.42849e-05,1.87e-05,0.000798141,-0.000554108,0.000703871,0,1
40.062,14.6142,0.887922,13.217,0.523777,13.2263,0.885945,-3.13886,0.0223514,4.42019e-05,1.87473e-05,0.000804799,-0.000558982,0.000707524,0,1
40.082,14.6042,0.887957,13.2102,0.524027,13.2195,0.885927,-3.13803,0.0223658,4.41033e-05,1.87929e-05,0.000812445,-0.000564467,0.000711186,0,1
40.102,14.5942,0.887993,13.2029,0.524289,13.2123,0.885901,-3.13782,0.022382,4.40101e-05,1.88436e-05,0.000820665,-0.000570295,0.000714856,0,1
40.122,14.5842,0.888029,13.1958,0.524546,13.2052,0.885874,-3.13788,0.0223977,4.39197e-05,1.88952e-05,0.00082881,-0.000576055,0.000718535,0,1
40.142,14.5742,0.888065,13.1888,0.524802,13.1981,0.886275,-3.13813,0.0224131,4.31151e-05,1.92612e-05,0.000808613,-0.000557129,0.000698818,0,1
40.162,14.5642,0.888102,13.1825,0.525026,13.1918,0.886253,-3.13779,0.0224256,4.30255e-05,1.93092e-05,0.000815626,-0.000562171,0.000702459,0,1
40.182,14.5542,0.888138,13.1755,0.525277,13.1848,0.886226,-3.13788,0.0224409,4.2933e-05,1.93608e-05,0.00082354,-0.000567761,0.000706108,0,1
40.202,14.5442,0.888176,13.1683,0.525533,13.1777,0.8862,-3.13785,0.0224567,4.2838e-05,1.94125e-05,0.0008317,-0.000573485,0.000709766,0,1
40.222,14.5342,0.888213,13.161,0.5258,13.1703,0.886589,-3.13921,0.0224733,4.20564e-05,1.97539e-05,0.000811725,-0.000554885,0.000690452,0,1
40.242,14.5242,0.88825,13.1547,0.526034,13.164,0.886574,-3.13965,0.0224859,4.19533e-05,1.97976e-05,0.000818769,-0.000559905,0.000694073,0,1
40.262,14.5142,0.888288,13.1477,0.526293,13.157,0.886561,-3.1393,0.0225011,4.18367e-05,1.98403e-05,0.000826636,-0.000565421,0.000697702,0,1
40.282,14.5042,0.888326,13.141,0.526539,13.1503,0.886545,-3.13957,0.022515,4.17278e-05,1.98843e-05,0.000834201,-0.000570735,0.00070134,0,1
40.302,14.4942,0.888364,13.1341,0.52679,13.1434,0.886531,-3.1374,0.0225301,4.16118e-05,1.99274e-05,0.000842168,-0.000576282,0.000704986,0,1
40.322,14.4842,0.888403,13.1273,0.527029,13.1366,0.886904,-3.13798,0.0225445,4.08621e-05,2.02465e-05,0.000821066,-0.000557074,0.000685762,0,1
40.342,14.4742,0.888441,13.1204,0.527273,13.1297,0.886879,-3.13893,0.0225591,4.07623e-05,2.02971e-05,0.000828727,-0.000562424,0.000689372,0,1
40.362,14.4642,0.88848,13.1141,0.527502,13.1234,0.886863,-3.13906,0.0225718,4.06584e-05,2.03423e-05,0.000835855,-0.000567434,0.00069299,0,1
40.382,14.4542,0.888519,13.1072,0.527751,13.1165,0.886845,-3.1385,0.0225867,4.05453e-05,2.03882e-05,0.000843747,-0.000572898,0.000696617,0,1
40.402,14.4442,0.888558,13.1004,0.527992,13.1097,0.886824,-3.13822,0.0226011,4.04394e-05,2.04364e-05,0.000851541,-0.000578288,0.000700252,0,1
40.422,14.4342,0.888597,13.0932,0.528247,13.1026,0.887238,-3.13881,0.0226169,3.96996e-05,2.0729e-05,0.000830374,-0.000559138,0.00068114,0,1
40.442,14.4242,0.888637,13.0862,0.528498,13.0955,0.887219,-3.13866,0.0226323,3.95855e-05,2.07764e-05,0.000838272,-0.000564581,0.000684738,0,1
40.462,14.4142,0.888676,13.0787,0.528764,13.088,0.887197,-3.13855,0.0226495,3.94675e-05,2.08254e-05,0.000846792,-0.000570384,0.000688346,0,1
40.482,14.4042,0.888716,13.0714,0.529023,13.0807,0.887175,-3.13908,0.0226658,3.93529e-05,2.08747e-05,0.000855124,-0.000576054,0.000691962,0,1
40.502,14.3942,0.888756,13.0653,0.529249,13.0746,0.887159,-3.1403,0.022678,3.92455e-05,2.09195e-05,0.000862264,-0.000580997,0.000695586,0,1
40.522,14.3842,0.888796,13.0585,0.529495,13.0678,0.887565,-3.13918,0.0226922,3.85118e-05,2.11795e-05,0.000840055,-0.00056131,0.000676559,0,1
40.542,14.3742,0.888836,13.051,0.529769,13.0603,0.887547,-3.14024,0.0227097,3.83833e-05,2.12261e-05,0.000848597,-0.000567087,0.000680148,0,1
40.562,14.3642,0.888876,13.0442,0.530017,13.0535,0.887538,-3.14021,0.0227239,3.82541e-05,2.12667e-05,0.000856283,-0.000572336,0.000683744,0,1
40.582,14.3542,0.888916,13.0372,0.530269,13.0465,0.887528,-3.13879,0.0227391,3.8121e-05,2.13076e-05,0.000864311,-0.000577774,0.00068735,0,1
40.602,14.3442,0.888957,13.0298,0.530535,13.0391,0.887507,-3.13969,0.022756,3.7998e-05,2.13563e-05,0.000872935,-0.000583551,0.000690963,0,1
40.622,14.3342,0.888997,13.0223,0.53081,13.0316,0.887493,-3.14066,0.0227732,3.78623e-05,2.14005e-05,0.000881719,-0.000589404,0.000694585,0,1
40.642,14.3242,0.889038,13.0152,0.531075,13.0245,0.887875,-3.14123,0.0227888,3.71403e-05,2.16372e-05,0.000858831,-0.000569307,0.000675336,0,1
40.662,14.3142,0.889078,13.0081,0.531343,13.0174,0.887873,3.14131,0.0228044,3.69908e-05,2.16735e-05,0.000866954,-0.000574762,0.000678921,0,1
40.682,14.3042,0.889119,13.0015,0.531591,13.0108,0.887875,-3.14051,0.0228182,3.68444e-05,2.17068e-05,0.000874599,-0.000579922,0.000682516,0,1
40.702,14.2942,0.88916,12.994,0.531865,13.0033,0.887867,-3.13994,0.0228354,3.66953e-05,2.1747e-05,0.00088335,-0.000585717,0.000686118,0,1
40.722,14.2842,0.889201,12.9871,0.532118,12.9964,0.888272,-3.14132,0.0228502,3.60128e-05,2.19629e-05,0.000860217,-0.000565686,0.000667287,0,1
40.742,14.2742,0.889242,12.9798,0.532389,12.9891,0.88827,-3.14114,0.0228667,3.58555e-05,2.1999e-05,0.000868528,-0.000571217,0.000670854,0,1
40.762,14.2642,0.889283,12.9733,0.532627,12.9826,0.888267,-3.1407,0.0228799,3.57175e-05,2.20358e-05,0.000875948,-0.000576213,0.00067443,0,1
40.782,14.2542,0.889324,12.9665,0.532878,12.9757,0.888261,-3.14073,0.0228945,3.55761e-05,2.20747e-05,0.00088387,-0.000581491,0.000678014,0,1
40.802,14.2442,0.889366,12.9592,0.533146,12.9684,0.888255,-3.14082,0.022911,3.5425e-05,2.21138e-05,0.000892417,-0.00058712,0.000681607,0,1
40.822,14.2342,0.889407,12.9512,0.533434,12.9604,0.888249,-3.13957,0.0229303,3.52598e-05,2.21528e-05,0.000901836,-0.000593235,0.000685208,0,1
40.842,14.2242,0.889448,12.9439,0.533692,12.9532,0.88862,-3.13986,0.0229465,3.46012e-05,2.23481e-05,0.000878082,-0.000572845,0.000666176,0,1
40.862,14.2142,0.889489,12.9371,0.533936,12.9463,0.888608,-3.14,0.0229613,3.44658e-05,2.23911e-05,0.000886016,-0.000578094,0.000669742,0,1
40.882,14.2042,0.889531,12.9301,0.53418,12.9393,0.888597,-3.13907,0.0229762,3.4328e-05,2.24335e-05,0.000894064,-0.000583397,0.000673316,0,1
40.902,14.1942,0.889572,12.9234,0.534415,12.9326,0.88858,-3.13956,0.0229904,3.42027e-05,2.24799e-05,0.000901949,-0.000588594,0.000676898,0,1
40.922,14.1842,0.889614,12.9168,0.53465,12.926,0.888981,-3.14076,0.0230041,3.35815e-05,2.2652e-05,0.000877533,-0.000568043,0.000658305,0,1
40.942,14.1742,0.889655,12.9097,0.534904,12.9189,0.888975,-3.14008,0.0230198,3.34299e-05,2.26911e-05,0.000885657,-0.000573377,0.000661853,0,1
40.962,14.1642,0.889696,12.9029,0.535142,12.9121,0.888965,-3.13973,0.0230342,3.32918e-05,2.27331e-05,0.000893472,-0.000578522,0.00066541,0,1
40.982,14.1542,0.889738,12.8959,0.535384,12.9051,0.888952,-3.13855,0.0230495,3.31528e-05,2.27769e-05,0.000901644,-0.00058386,0.000668974,0,1
41.002,14.1442,0.889779,12.8894,0.5356,12.8987,0.888932,-3.13839,0.0230625,3.30348e-05,2.28251e-05,0.000909158,-0.000588811,0.000672548,0,1
41.022,14.1342,0.88982,12.8831,0.535814,12.8923,0.888912,-3.1383,0.0230754,3.29185e-05,2.2874e-05,0.000916686,-0.000593762,0.000676129,0,1
41.042,14.1242,0.889862,12.8759,0.536052,12.8851,0.889357,-3.13803,0.0230912,3.23278e-05,2.30297e-05,0.000892068,-0.000573123,0.000657404,0,1
41.062,14.1142,0.889903,12.8686,0.536296,12.8778,0.889331,-3.13849,0.0231078,3.22024e-05,2.30822e-05,0.000900542,-0.000578611,0.000660951,0,1
41.082,14.1042,0.889944,12.8616,0.53653,12.8708,0.889309,-3.13861,0.023123,3.20754e-05,2.31319e-05,0.000908671,-0.000583889,0.000664506,0,1
41.102,14.0942,0.889986,12.8552,0.536744,12.8644,0.88929,-3.13894,0.0231358,3.19553e-05,2.31799e-05,0.000916129,-0.000588777,0.00066807,0,1
41.122,14.0842,0.890027,12.848,0.536987,12.8572,0.889724,-3.13902,0.0231519,3.13812e-05,2.33122e-05,0.000891695,-0.000568466,0.000649782,0,1
41.142,14.0742,0.890068,12.8413,0.537216,12.8505,0.889707,-3.14011,0.023166,3.1251e-05,2.33589e-05,0.000899363,-0.000573472,0.000653313,0,1
41.162,14.0642,0.89011,12.8341,0.537462,12.8433,0.889696,-3.13919,0.023182,3.11003e-05,2.34013e-05,0.000907657,-0.000578822,0.000656851,0,1
41.182,14.0542,0.890151,12.8278,0.537676,12.837,0.889681,-3.14027,0.0231945,3.09749e-05,2.34467e-05,0.000914935,-0.000583588,0.000660398,0,1
41.202,14.0442,0.890192,12.8213,0.537903,12.8305,0.889672,-3.14029,0.0232079,3.08345e-05,2.34878e-05,0.000922582,-0.000588555,0.000663953,0,1
41.222,14.0342,0.890233,12.8148,0.538129,12.824,0.890095,-3.14057,0.0232212,3.02846e-05,2.35922e-05,0.000897011,-0.000567723,0.000645817,0,1
41.242,14.0242,0.890274,12.8087,0.538341,12.8179,0.890089,-3.14027,0.0232332,3.0149e-05,2.36318e-05,0.000903979,-0.000572308,0.000649339,0,1
41.262,14.0142,0.890315,12.8021,0.538566,12.8113,0.89008,-3.13973,0.0232469,3.0006e-05,2.36731e-05,0.000911568,-0.000577238,0.00065287,0,1
41.282,14.0042,0.890356,12.795,0.538807,12.8041,0.890067,-3.13915,0.0232626,2.98585e-05,2.37173e-05,0.000919848,-0.000582549,0.000656409,0,1
41.302,13.9942,0.890397,12.7873,0.539067,12.7965,0.890048,-3.14085,0.0232803,2.97103e-05,2.3765e-05,0.000928753,-0.000588197,0.000659956,0,1
41.322,13.9842,0.890438,12.7796,0.539341,12.7888,0.890042,3.1413,0.0232985,2.9537e-05,2.38044e-05,0.000937871,-0.000593948,0.000663512,0,1
41.342,13.9742,0.890479,12.7727,0.539596,12.7818,0.890393,3.13985,0.0233135,2.89877e-05,2.38802e-05,0.000911959,-0.00057295,0.000645224,0,1
41.362,13.9642,0.89052,12.7656,0.539863,12.7747,0.890405,3.13901,0.0233291,2.87986e-05,2.39078e-05,0.000920108,-0.00057816,0.000648747,0,1
41.382,13.9542,0.89056,12.7587,0.540123,12.7679,0.890423,3.13913,0.0233437,2.86071e-05,2.39319e-05,0.000928068,-0.000583253,0.000652277,0,1
41.402,13.9442,0.890601,12.7518,0.540388,12.761,0.89044,3.13855,0.0233586,2.84149e-05,2.39563e-05,0.000936166,-0.000588414,0.000655817,0,1
41.422,13.9342,0.890641,12.7454,0.540641,12.7545,0.890796,3.13703,0.0233717,2.78812e-05,2.40009e-05,0.000909861,-0.000567421,0.000637967,0,1
41.442,13.9242,0.890682,12.7384,0.540911,12.7476,0.890828,3.1387,0.0233867,2.76644e-05,2.40162e-05,0.000917767,-0.000572479,0.000641474,0,1
41.462,13.9142,0.890722,12.7316,0.541172,12.7408,0.890848,3.13826,0.0234012,2.74705e-05,2.40391e-05,0.000925588,-0.00057748,0.000644989,0,1
41.482,13.9042,0.890763,12.725,0.541432,12.7341,0.89087,3.13761,0.0234152,2.72763e-05,2.40602e-05,0.000933332,-0.000582429,0.000648512,0,1
41.502,13.8942,0.890803,12.7177,0.54172,12.7268,0.890899,3.13673,0.0234314,2.70534e-05,2.40769e-05,0.000941838,-0.000587793,0.000652044,0,1
41.522,13.8842,0.890843,12.7104,0.542012,12.7195,0.891226,3.13697,0.0234479,2.64997e-05,2.40894e-05,0.000916226,-0.000567312,0.000634344,0,1
41.542,13.8742,0.890883,12.7034,0.542287,12.7125,0.891258,3.13733,0.023463,2.62802e-05,2.41043e-05,0.00092417,-0.000572364,0.000637844,0,1
41.562,13.8642,0.890923,12.6963,0.542563,12.7054,0.891288,3.13803,0.0234785,2.60608e-05,2.41203e-05,0.000932305,-0.000577513,0.000641352,0,1
41.582,13.8542,0.890963,12.6883,0.542875,12.6974,0.891317,3.13768,0.0234981,2.58138e-05,2.41373e-05,0.000941642,-0.000583313,0.000644869,0,1
41.602,13.8442,0.891002,12.681,0.543161,12.6901,0.891345,3.13725,0.0235145,2.559e-05,2.41541e-05,0.000950198,-0.000588669,0.000648394,0,1
41.622,13.8342,0.891042,12.6739,0.543438,12.683,0.891683,3.13782,0.0235301,2.50842e-05,2.41476e-05,0.000923906,-0.000567921,0.000630792,0,1
41.642,13.8242,0.891082,12.6669,0.543709,12.676,0.891709,3.13725,0.0235452,2.48737e-05,2.41662e-05,0.000931864,-0.00057295,0.000634285,0,1
41.662,13.8142,0.891121,12.66,0.543982,12.6691,0.89174,3.13663,0.0235601,2.46593e-05,2.41823e-05,0.000939818,-0.000577968,0.000637787,0,1
41.682,13.8042,0.891161,12.6532,0.544253,12.6623,0.891773,3.13665,0.0235746,2.4442e-05,2.41959e-05,0.000947733,-0.000582955,0.000641297,0,1
41.702,13.7942,0.8912,12.6464,0.544529,12.6555,0.891807,3.13523,0.0235891,2.42253e-05,2.42094e-05,0.000955706,-0.000587966,0.000644816,0,1
41.722,13.7842,0.891239,12.639,0.544836,12.648,0.892119,3.13477,0.023606,2.3714e-05,2.41716e-05,0.000929497,-0.000567388,0.000627358,0,1
41.742,13.7742,0.891278,12.6325,0.545107,12.6415,0.892164,3.13449,0.0236194,2.34904e-05,2.41787e-05,0.000936922,-0.000572101,0.000630845,0,1
41.762,13.7642,0.891317,12.6256,0.545393,12.6347,0.892212,3.13428,0.023634,2.32497e-05,2.4183e-05,0.000944773,-0.000577041,0.000634341,0,1
41.782,13.7542,0.891356,12.6189,0.545675,12.6279,0.892262,3.13472,0.0236483,2.30103e-05,2.41865e-05,0.00095261,-0.000581965,0.000637845,0,1
41.802,13.7442,0.891395,12.6121,0.545959,12.6211,0.892308,3.13398,0.0236626,2.27749e-05,2.41917e-05,0.000960529,-0.000586927,0.000641357,0,1
41.822,13.7342,0.891434,12.6044,0.546285,12.6135,0.892367,3.13348,0.0236805,2.24881e-05,2.41891e-05,0.000969555,-0.000592482,0.000644878,0,1
41.842,13.7242,0.891473,12.5975,0.546584,12.6066,0.89267,3.13256,0.0236954,2.20214e-05,2.41208e-05,0.000941976,-0.000571181,0.00062728,0,1
41.862,13.7142,0.891511,12.5913,0.546857,12.6003,0.892727,3.13228,0.0237079,2.179e-05,2.41199e-05,0.000949159,-0.000575735,0.000630769,0,1
41.882,13.7042,0.89155,12.5846,0.547143,12.5937,0.892788,3.13372,0.0237217,2.15378e-05,2.41155e-05,0.000956813,-0.000580542,0.000634267,0,1
41.902,13.6942,0.891588,12.5782,0.547417,12.5872,0.892839,3.13409,0.023735,2.13064e-05,2.41177e-05,0.000964383,-0.000585296,0.000637773,0,1
41.922,13.6842,0.891627,12.5708,0.547721,12.5799,0.892894,3.13513,0.0237515,2.10383e-05,2.41171e-05,0.000972993,-0.000590608,0.000641288,0,1
41.942,13.6742,0.891665,12.5634,0.548029,12.5724,0.893201,3.13446,0.0237686,2.05985e-05,2.40324e-05,0.000945891,-0.000569706,0.000623871,0,1
41.962,13.6642,0.891703,12.5564,0.548318,12.5654,0.893251,3.1342,0.0237836,2.03527e-05,2.40357e-05,0.000953843,-0.000574664,0.000627354,0,1
41.982,13.6542,0.891741,12.5494,0.548614,12.5585,0.893302,3.13263,0.0237987,2.01036e-05,2.40377e-05,0.000961883,-0.000579662,0.000630846,0,1
42.002,13.6442,0.891779,12.5417,0.548951,12.5507,0.893372,3.1322,0.0238169,1.97947e-05,2.40281e-05,0.000970894,-0.000585176,0.000634346,0,1
42.022,13.6342,0.891816,12.5339,0.549291,12.5429,0.893645,3.13243,0.0238354,1.93292e-05,2.39115e-05,0.000944353,-0.000564791,0.000617329,0,1
42.042,13.6242,0.891854,12.527,0.549597,12.5359,0.893709,3.13151,0.0238505,1.90602e-05,2.3906e-05,0.000952266,-0.000569712,0.000620799,0,1
42.062,13.6142,0.891891,12.5198,0.549915,12.5288,0.893781,3.1314,0.0238664,1.87698e-05,2.38949e-05,0.000960476,-0.000574787,0.000624278,0,1
42.082,13.6042,0.891929,12.513,0.550217,12.522,0.893851,3.13113,0.0238808,1.85011e-05,2.38856e-05,0.000968308,-0.000579648,0.000627765,0,1
42.102,13.5942,0.891966,12.5063,0.550513,12.5153,0.893921,3.13217,0.0238948,1.82346e-05,2.38753e-05,0.00097611,-0.000584485,0.00063126,0,1
42.122,13.5842,0.892003,12.4995,0.550809,12.5085,0.894186,3.13189,0.0239091,1.7865e-05,2.37438e-05,0.000948136,-0.000563439,0.000614368,0,1
42.142,13.5742,0.89204,12.4924,0.551124,12.5013,0.894255,3.13207,0.0239251,1.75785e-05,2.37343e-05,0.00095628,-0.000568472,0.000617834,0,1
42.162,13.5642,0.892077,12.485,0.551445,12.4939,0.894326,3.13254,0.0239419,1.72833e-05,2.37242e-05,0.000964727,-0.000573659,0.000621307,0,1
42.182,13.5542,0.892114,12.4784,0.551726,12.4874,0.894385,3.13302,0.0239554,1.70401e-05,2.37208e-05,0.000972265,-0.000578347,0.000624789,0,1
42.202,13.5442,0.89215,12.472,0.551999,12.4809,0.894441,3.13357,0.0239686,1.68063e-05,2.37196e-05,0.000979761,-0.000583007,0.00062828,0,1
42.222,13.5342,0.892187,12.4652,0.552285,12.4741,0.894672,3.13409,0.0239831,1.64826e-05,2.35744e-05,0.000951691,-0.000562031,0.000611534,0,1
42.242,13.5242,0.892223,12.4583,0.552571,12.4672,0.894724,3.13406,0.0239979,1.62383e-05,2.35759e-05,0.000959472,-0.000566855,0.000614995,0,1
42.262,13.5142,0.892259,12.4512,0.552865,12.4602,0.894777,3.13356,0.0240132,1.59874e-05,2.35763e-05,0.000967474,-0.000571791,0.000618465,0,1
42.282,13.5042,0.892295,12.4439,0.553173,12.4528,0.894836,3.13361,0.0240297,1.57156e-05,2.35729e-05,0.000975893,-0.000576943,0.000621942,0,1
42.302,13.4942,0.892331,12.4371,0.553463,12.446,0.894891,3.13286,0.0240444,1.54688e-05,2.35718e-05,0.000983835,-0.00058183,0.000625429,0,1
42.322,13.4842,0.892367,12.4302,0.553756,12.4391,0.895126,3.13343,0.0240592,1.51663e-05,2.34057e-05,0.000955646,-0.000560908,0.000608815,0,1
42.342,13.4742,0.892402,12.423,0.554058,12.4319,0.895185,3.13311,0.024075,1.49023e-05,2.34027e-05,0.000963715,-0.000565874,0.000612272,0,1
42.362,13.4642,0.892438,12.4154,0.554379,12.4243,0.89525,3.13378,0.0240928,1.46096e-05,2.33957e-05,0.000972395,-0.000571159,0.000615737,0,1
42.382,13.4542,0.892473,12.4086,0.554665,12.4175,0.895303,3.13337,0.0241073,1.43681e-05,2.33955e-05,0.000980198,-0.000575964,0.000619211,0,1
42.402,13.4442,0.892509,12.4023,0.554932,12.4112,0.895355,3.13288,0.0241199,1.41465e-05,2.33959e-05,0.000987494,-0.000580491,0.000622693,0,1
42.422,13.4342,0.892544,12.3953,0.555229,12.4042,0.895612,3.13269,0.024135,1.38727e-05,2.32124e-05,0.000959205,-0.000559632,0.000606212,0,1
42.442,13.4242,0.892579,12.3887,0.555517,12.3976,0.895671,3.13143,0.0241489,1.36277e-05,2.32087e-05,0.000966685,-0.000564269,0.000609665,0,1
42.462,13.4142,0.892614,12.3817,0.555818,12.3906,0.895742,3.13269,0.0241639,1.3354e-05,2.31977e-05,0.00097456,-0.000569112,0.000613127,0,1
42.482,13.4042,0.892648,12.3753,0.556093,12.3842,0.895799,3.13304,0.024177,1.31202e-05,2.31946e-05,0.00098193,-0.000573678,0.000616597,0,1
42.502,13.3942,0.892683,12.3687,0.556371,12.3775,0.895856,3.13355,0.0241908,1.28821e-05,2.31918e-05,0.000989541,-0.000578368,0.000620075,0,1
42.522,13.3842,0.892718,12.3609,0.5567,12.3698,0.896149,3.1324,0.0242091,1.26036e-05,2.2991e-05,0.00096209,-0.000558082,0.000603747,0,1
42.542,13.3742,0.892752,12.3539,0.557003,12.3627,0.896213,3.13199,0.0242245,1.23374e-05,2.29837e-05,0.000969969,-0.000562924,0.000607197,0,1
42.562,13.3642,0.892786,12.3467,0.557313,12.3555,0.896283,3.13269,0.0242406,1.20562e-05,2.29732e-05,0.000978133,-0.000567912,0.000610655,0,1
42.582,13.3542,0.892821,12.3395,0.557618,12.3484,0.896346,3.1324,0.0242564,1.17877e-05,2.2966e-05,0.000986288,-0.000572887,0.000614122,0,1
42.602,13.3442,0.892855,12.3326,0.557917,12.3415,0.89641,3.13137,0.0242711,1.15301e-05,2.29586e-05,0.000994215,-0.000577732,0.000617597,0,1
42.622,13.3342,0.892889,12.3256,0.558227,12.3344,0.896643,3.13111,0.0242866,1.12979e-05,2.27361e-05,0.000965715,-0.000556986,0.00060137,0,1
42.642,13.3242,0.892922,12.3183,0.55855,12.3271,0.896719,3.1308,0.0243029,1.10034e-05,2.27213e-05,0.000973871,-0.000561965,0.000604817,0,1
42.662,13.3142,0.892956,12.3114,0.558858,12.3203,0.896794,3.12972,0.0243176,1.07307e-05,2.27076e-05,0.000981621,-0.000566719,0.000608273,0,1
42.682,13.3042,0.89299,12.3049,0.559154,12.3137,0.896871,3.13021,0.0243311,1.04656e-05,2.26913e-05,0.00098908,-0.000571311,0.000611736,0,1
42.702,13.2942,0.893023,12.2978,0.559473,12.3067,0.896952,3.12956,0.0243465,1.01767e-05,2.26732e-05,0.000997162,-0.000576231,0.000615208,0,1
42.722,13.2842,0.893057,12.2904,0.559808,12.2993,0.897145,3.13035,0.0243633,9.93449e-06,2.24249e-05,0.000968918,-0.000555732,0.000599107,0,1
42.742,13.2742,0.89309,12.2837,0.560112,12.2925,0.897221,3.12994,0.0243776,9.66554e-06,2.241e-05,0.000976445,-0.000560366,0.000602551,0,1
42.762,13.2642,0.893123,12.2774,0.560396,12.2862,0.897294,3.13044,0.0243902,9.41841e-06,2.23963e-05,0.000983542,-0.000564763,0.000606004,0,1
42.782,13.2542,0.893156,12.2707,0.560694,12.2795,0.897369,3.13104,0.0244043,9.15346e-06,2.23814e-05,0.00099115,-0.00056943,0.000609465,0,1
42.802,13.2442,0.893189,12.2636,0.561007,12.2724,0.897444,3.1311,0.0244199,8.87247e-06,2.23661e-05,0.000999277,-0.000574368,0.000612934,0,1
42.822,13.2342,0.893221,12.2565,0.561321,12.2653,0.89764,3.13077,0.0244355,8.69918e-06,2.21116e-05,0.000970606,-0.000553752,0.000596965,0,1
42.842,13.2242,0.893254,12.2491,0.561648,12.2579,0.897721,3.13116,0.0244524,8.39737e-06,2.20937e-05,0.000978854,-0.000558767,0.000600407,0,1
42.862,13.2142,0.893286,12.242,0.561959,12.2508,0.897795,3.13144,0.024468,8.11851e-06,2.20791e-05,0.000986838,-0.000563633,0.000603857,0,1
42.882,13.2042,0.893319,12.2345,0.562284,12.2433,0.897871,3.13172,0.0244851,7.82362e-06,2.20632e-05,0.000995284,-0.000568737,0.000607315,0,1
42.902,13.1942,0.893351,12.2269,0.562617,12.2356,0.897946,3.13157,0.024503,7.52114e-06,2.20471e-05,0.00100404,-0.000573996,0.000610782,0,1
42.922,13.1842,0.893383,12.2199,0.562919,12.2287,0.898016,3.13184,0.024518,7.25751e-06,2.20343e-05,0.00101205,-0.000578852,0.000614257,0,1
42.942,13.1742,0.893414,12.2125,0.563236,12.2212,0.89823,3.13306,0.024535,7.11512e-06,2.17605e-05,0.000982995,-0.000558043,0.000598113,0,1
42.962,13.1642,0.893446,12.2059,0.56351,12.2147,0.898285,3.13342,0.0245485,6.88941e-06,2.17565e-05,0.000990318,-0.000562543,0.000601561,0,1
42.982,13.1542,0.893478,12.199,0.563799,12.2078,0.898342,3.13315,0.0245634,6.64867e-06,2.17518e-05,0.000998145,-0.000567308,0.000605016,0,1
43.002,13.1442,0.893509,12.1923,0.56408,12.201,0.898399,3.13357,0.0245776,6.41439e-06,2.17466e-05,0.00100582,-0.000571989,0.00060848,0,1
43.022,13.1342,0.89354,12.1849,0.564386,12.1936,0.898654,3.13404,0.0245946,6.31213e-06,2.14739e-05,0.000977207,-0.00055161,0.00059273,0,1
43.042,13.1242,0.893571,12.1777,0.564682,12.1864,0.898708,3.13372,0.0246106,6.06686e-06,2.14705e-05,0.000985182,-0.000556461,0.000596168,0,1
43.062,13.1142,0.893602,12.1705,0.56498,12.1793,0.898764,3.13237,0.0246263,5.82201e-06,2.14659e-05,0.000993136,-0.000561293,0.000599613,0,1
43.082,13.1042,0.893633,12.1634,0.565283,12.1721,0.89883,3.13255,0.024642,5.56022e-06,2.14551e-05,0.00100119,-0.000566173,0.000603067,0,1
43.102,13.0942,0.893664,12.157,0.565553,12.1657,0.898888,3.1331,0.0246551,5.33758e-06,2.14488e-05,0.00100849,-0.000570645,0.000606529,0,1
43.122,13.0842,0.893694,12.1493,0.565872,12.158,0.899096,3.13388,0.0246731,5.24262e-06,2.11616e-05,0.000980027,-0.000550446,0.000590884,0,1
43.142,13.0742,0.893725,12.1424,0.566152,12.1511,0.899149,3.13495,0.024688,5.01006e-06,2.11583e-05,0.000987693,-0.000555125,0.00059432,0,1
43.162,13.0642,0.893755,12.1354,0.566429,12.1441,0.899195,3.13519,0.0247031,4.78885e-06,2.11591e-05,0.000995445,-0.000559845,0.000597763,0,1
43.182,13.0542,0.893785,12.1281,0.56672,12.1368,0.899242,3.13455,0.0247195,4.55605e-06,2.11594e-05,0.00100364,-0.000564795,0.000601215,0,1
43.202,13.0442,0.893816,12.121,0.567009,12.1297,0.899292,3.13395,0.0247351,4.32398e-06,2.11574e-05,0.0010117,-0.000569666,0.000604676,0,1
43.222,13.0342,0.893845,12.1143,0.567288,12.1229,0.899344,3.13337,0.0247495,4.10058e-06,2.11543e-05,0.00101946,-0.000574366,0.000608145,0,1
43.242,13.0242,0.893875,12.1076,0.567567,12.1162,0.899607,3.13291,0.0247635,4.09037e-06,2.08574e-05,0.000989248,-0.00055325,0.000592341,0,1
43.262,13.0142,0.893905,12.0999,0.56789,12.1085,0.899674,3.13258,0.0247816,3.81045e-06,2.08455e-05,0.000997801,-0.000558392,0.000595783,0,1
43.282,13.0042,0.893935,12.093,0.568176,12.1017,0.899735,3.13337,0.0247962,3.57048e-06,2.08364e-05,0.00100548,-0.000563061,0.000599233,0,1
43.302,12.9942,0.893964,12.0858,0.568475,12.0945,0.899795,3.13311,0.0248123,3.32207e-06,2.08285e-05,0.00101363,-0.000567974,0.000602691,0,1
43.322,12.9842,0.893994,12.079,0.568755,12.0877,0.900152,3.1334,0.0248266,3.32103e-06,2.05255e-05,0.000983926,-0.000547307,0.000587254,0,1
43.342,12.9742,0.894023,12.0725,0.569024,12.0811,0.900206,3.13394,0.0248402,3.10363e-06,2.05209e-05,0.000991168,-0.000551753,0.000590686,0,1
43.362,12.9642,0.894052,12.0649,0.569334,12.0736,0.900263,3.13276,0.0248575,2.84908e-06,2.0514e-05,0.000999495,-0.000556772,0.000594126,0,1
43.382,12.9542,0.894081,12.058,0.569625,12.0666,0.900325,3.13227,0.0248725,2.60893e-06,2.05047e-05,0.00100725,-0.00056148,0.000597575,0,1
43.402,12.9442,0.89411,12.0509,0.569922,12.0596,0.900391,3.1331,0.0248881,2.35592e-06,2.04922e-05,0.00101524,-0.000566306,0.000601032,0,1
43.422,12.9342,0.894139,12.0434,0.570232,12.052,0.900756,3.13358,0.0249055,2.33857e-06,2.01762e-05,0.00098633,-0.000546156,0.0005857,0,1
43.442,12.9242,0.894167,12.0359,0.570539,12.0445,0.900817,3.13347,0.0249229,2.08064e-06,2.01674e-05,0.000994595,-0.000551143,0.000589131,0,1
43.462,12.9142,0.894196,12.0292,0.570809,12.0378,0.900871,3.134,0.0249367,1.86473e-06,2.01622e-05,0.00100193,-0.000555627,0.000592571,0,1
43.482,12.9042,0.894224,12.0218,0.57111,12.0304,0.900927,3.13366,0.0249536,1.61781e-06,2.01552e-05,0.00101023,-0.000560616,0.000596019,0,1
43.502,12.8942,0.894253,12.0149,0.571387,12.0235,0.900982,3.13486,0.0249686,1.39032e-06,2.01489e-05,0.00101803,-0.00056534,0.000599475,0,1
43.522,12.8842,0.894281,12.008,0.571659,12.0165,0.901333,3.13506,0.0249834,1.44856e-06,1.98342e-05,0.000988272,-0.000544822,0.000584223,0,1
43.542,12.8742,0.894309,12.0003,0.571961,12.0088,0.901383,3.1346,0.0250015,1.20511e-06,1.98308e-05,0.000996707,-0.000549896,0.000587653,0,1
43.562,12.8642,0.894337,11.9936,0.572224,12.0022,0.90143,3.13484,0.0250154,1.00154e-06,1.98293e-05,0.00100406,-0.000554386,0.000591092,0,1
43.582,12.8542,0.894365,11.9869,0.572486,11.9954,0.901475,3.13587,0.0250297,7.96918e-07,1.98283e-05,0.00101157,-0.000558957,0.000594539,0,1
43.602,12.8442,0.894392,11.98,0.572753,11.9886,0.901515,3.1343,0.0250443,5.99432e-07,1.98309e-05,0.00101926,-0.000563615,0.000597995,0,1
43.622,12.8342,0.89442,11.9722,0.573058,11.9808,0.901885,3.13515,0.0250627,6.30324e-07,1.95036e-05,0.000990392,-0.000543666,0.000582844,0,1
43.642,12.8242,0.894447,11.9649,0.573343,11.9734,0.901932,3.13538,0.0250794,4.04522e-07,1.95012e-05,0.000998452,-0.000548537,0.000586273,0,1
43.662,12.8142,0.894474,11.9581,0.573606,11.9666,0.901974,3.13546,0.0250939,2.04755e-07,1.95018e-05,0.00100596,-0.000553109,0.000589712,0,1
43.682,12.8042,0.894502,11.9516,0.573857,11.9601,0.902014,3.13503,0.0251072,1.88784e-08,1.95037e-05,0.00101316,-0.000557514,0.000593158,0,1
43.702,12.7942,0.894529,11.9444,0.57414,11.9529,0.902061,3.13371,0.0251231,-1.9896e-07,1.95011e-05,0.0010212,-0.000562354,0.000596613,0,1
43.722,12.7842,0.894555,11.9374,0.574423,11.9459,0.902117,3.13351,0.0251383,-4.24197e-07,1.94934e-05,0.0010291,-0.00056712,0.000600077,0,1
43.742,12.7742,0.894582,11.9306,0.574696,11.9391,0.902438,3.1339,0.0251528,-3.29856e-07,1.91553e-05,0.000998593,-0.000546299,0.00058476,0,1
43.762,12.7642,0.894609,11.9233,0.574983,11.9318,0.902494,3.13483,0.0251691,-5.64421e-07,1.91473e-05,0.00100659,-0.000551131,0.000588197,0,1
43.782,12.7542,0.894635,11.9163,0.575254,11.9248,0.902541,3.13559,0.0251845,-7.77008e-07,1.9144e-05,0.00101438,-0.000555851,0.000591643,0,1
43.802,12.7442,0.894661,11.9097,0.575507,11.9182,0.902581,3.1352,0.0251982,-9.63132e-07,1.91453e-05,0.00102174,-0.000560333,0.000595097,0,1
43.822,12.7342,0.894688,11.903,0.575767,11.9115,0.902942,3.13467,0.0252124,-8.39405e-07,1.88138e-05,0.000991663,-0.000539907,0.000580139,0,1
43.842,12.7242,0.894714,11.8956,0.576054,11.9041,0.902994,3.13486,0.0252292,-1.06733e-06,1.88083e-05,0.000999692,-0.000544767,0.000583568,0,1
43.862,12.7142,0.89474,11.8884,0.576331,11.8969,0.903042,3.13503,0.0252451,-1.28321e-06,1.88043e-05,0.00100755,-0.000549527,0.000587006,0,1
43.882,12.7042,0.894765,11.8812,0.576605,11.8897,0.903089,3.13564,0.025261,-1.49608e-06,1.88009e-05,0.00101546,-0.000554307,0.000590451,0,1
43.902,12.6942,0.894791,11.8743,0.576869,11.8828,0.90313,3.1354,0.025276,-1.69306e-06,1.88006e-05,0.00102319,-0.00055899,0.000593905,0,1
43.922,12.6842,0.894817,11.8673,0.577139,11.8758,0.903485,3.13378,0.025291,-1.55883e-06,1.84637e-05,0.000993291,-0.000538736,0.000579027,0,1
43.942,12.6742,0.894842,11.8609,0.577394,11.8694,0.903535,3.13315,0.025304,-1.75173e-06,1.84584e-05,0.00100023,-0.00054301,0.000582456,0,1
43.962,12.6642,0.894868,11.8538,0.57768,11.8623,0.903595,3.13303,0.0253196,-1.9818e-06,1.84471e-05,0.00100797,-0.000547712,0.000585893,0,1
43.982,12.6542,0.894893,11.8474,0.57794,11.8558,0.903651,3.13311,0.0253328,-2.18335e-06,1.84383e-05,0.00101507,-0.000552069,0.000589339,0,1
44.002,12.6442,0.894918,11.8404,0.57822,11.8489,0.90371,3.13293,0.0253479,-2.40724e-06,1.8427e-05,0.0010228,-0.000556754,0.000592793,0,1
44.022,12.6342,0.894943,11.833,0.578522,11.8414,0.903998,3.13244,0.0253648,-2.30793e-06,1.80734e-05,0.000993485,-0.000536891,0.000578018,0,1
44.042,12.6242,0.894968,11.8258,0.578811,11.8343,0.904064,3.13287,0.0253806,-2.54612e-06,1.80587e-05,0.00100119,-0.000541579,0.000581447,0,1
44.062,12.6142,0.894993,11.8185,0.579109,11.8269,0.904128,3.13259,0.0253973,-2.78953e-06,1.80443e-05,0.0010092,-0.000546427,0.000584885,0,1
44.082,12.6042,0.895018,11.8109,0.579415,11.8193,0.904196,3.13309,0.0254149,-3.04769e-06,1.80273e-05,0.00101754,-0.00055144,0.00058833,0,1
44.102,12.5942,0.895042,11.8044,0.579671,11.8128,0.904251,3.1338,0.0254281,-3.24591e-06,1.80179e-05,0.00102469,-0.000555818,0.000591785,0,1
44.122,12.5842,0.895067,11.7969,0.579972,11.8053,0.904498,3.1329,0.0254456,-3.12124e-06,1.76614e-05,0.000995431,-0.000536053,0.000577072,0,1
44.142,12.5742,0.895091,11.7891,0.580289,11.7975,0.904565,3.13118,0.0254638,-3.37987e-06,1.7645e-05,0.00100376,-0.000541075,0.000580501,0,1
44.162,12.5642,0.895116,11.7821,0.580581,11.7905,0.904638,3.13177,0.0254792,-3.62355e-06,1.76249e-05,0.0010114,-0.000545718,0.000583939,0,1
44.182,12.5542,0.89514,11.7755,0.580857,11.7839,0.904703,3.13096,0.0254929,-3.84012e-06,1.76092e-05,0.00101866,-0.000550156,0.000587385,0,1
44.202,12.5442,0.895164,11.7687,0.581142,11.7771,0.904776,3.13104,0.0255074,-4.07292e-06,1.75891e-05,0.00102616,-0.000554718,0.00059084,0,1
44.222,12.5342,0.895188,11.7618,0.581433,11.7702,0.904999,3.13013,0.025522,-3.92645e-06,1.72196e-05,0.000996066,-0.000534575,0.000576191,0,1
44.242,12.5242,0.895212,11.7549,0.581729,11.7633,0.905079,3.13037,0.025537,-4.17484e-06,1.71955e-05,0.00100352,-0.000539129,0.000579621,0,1
44.262,12.5142,0.895236,11.7483,0.582011,11.7567,0.905152,3.12969,0.0255506,-4.40047e-06,1.71744e-05,0.00101063,-0.0005435,0.00058306,0,1
44.282,12.5042,0.895259,11.7413,0.582312,11.7497,0.905236,3.12991,0.0255658,-4.65589e-06,1.71475e-05,0.00101827,-0.000548144,0.000586507,0,1
44.302,12.4942,0.895283,11.7347,0.5826,11.7431,0.905313,3.12956,0.0255797,-4.88964e-06,1.71235e-05,0.0010256,-0.000552619,0.000589962,0,1
44.322,12.4842,0.895306,11.7281,0.582888,11.7364,0.905511,3.12925,0.0255935,-4.72839e-06,1.67452e-05,0.000995329,-0.000532452,0.000575404,0,1
44.342,12.4742,0.89533,11.7208,0.583207,11.7291,0.905602,3.12914,0.0256099,-5.00567e-06,1.67142e-05,0.00100315,-0.000537214,0.000578835,0,1
44.362,12.4642,0.895353,11.7132,0.58354,11.7215,0.905696,3.12887,0.0256275,-5.30071e-06,1.66804e-05,0.00101135,-0.000542167,0.000582274,0,1
44.382,12.4542,0.895376,11.7061,0.583856,11.7144,0.905787,3.12813,0.0256432,-5.56959e-06,1.66486e-05,0.0010191,-0.000546877,0.000585722,0,1
44.402,12.4442,0.895399,11.6991,0.584165,11.7074,0.905881,3.12891,0.0256583,-5.83714e-06,1.66145e-05,0.00102676,-0.000551527,0.000589178,0,1
44.422,12.4342,0.895422,11.6918,0.584482,11.7002,0.906052,3.12944,0.0256745,-5.69716e-06,1.62231e-05,0.000997111,-0.000531757,0.000574679,0,1
44.442,12.4242,0.895444,11.6851,0.584773,11.6934,0.906134,3.12963,0.0256887,-5.93463e-06,1.61964e-05,0.00100429,-0.000536173,0.000578111,0,1
44.462,12.4142,0.895467,11.6793,0.585028,11.6876,0.906204,3.12892,0.0256997,-6.12379e-06,1.61761e-05,0.00101059,-0.000540109,0.000581551,0,1
44.482,12.4042,0.89549,11.6724,0.585332,11.6807,0.906291,3.12861,0.0257146,-6.37646e-06,1.61453e-05,0.00101808,-0.00054469,0.000584999,0,1
44.502,12.3942,0.895512,11.6647,0.58567,11.673,0.90639,3.12842,0.0257324,-6.67603e-06,1.61075e-05,0.00102643,-0.00054972,0.000588456,0,1
44.522,12.3842,0.895534,11.6575,0.585995,11.6658,0.906486,3.12814,0.0257487,-6.95553e-06,1.6071e-05,0.00103448,-0.000554578,0.000591921,0,1
44.542,12.3742,0.895556,11.6512,0.586277,11.6594,0.906695,3.12801,0.0257614,-6.7385e-06,1.56729e-05,0.00100334,-0.000533998,0.000577254,0,1
44.562,12.3642,0.895578,11.6441,0.586594,11.6524,0.906791,3.12779,0.0257768,-7.00712e-06,1.5637e-05,0.00101091,-0.000538624,0.000580694,0,1
44.582,12.3542,0.8956,11.6372,0.586901,11.6455,0.906886,3.12861,0.0257916,-7.26763e-06,1.56012e-05,0.00101837,-0.000543186,0.000584143,0,1
44.602,12.3442,0.895622,11.6305,0.587196,11.6388,0.906973,3.12852,0.0258056,-7.50592e-06,1.55699e-05,0.00102565,-0.000547651,0.0005876,0,1
44.622,12.3342,0.895644,11.6235,0.587509,11.6318,0.907065,3.12799,0.0258209,-7.76502e-06,1.55351e-05,0.00103338,-0.000552349,0.000591066,0,1
44.642,12.3242,0.895665,11.6158,0.587855,11.6241,0.907244,3.1278,0.0258389,-7.61623e-06,1.51225e-05,0.00100382,-0.000532682,0.000576493,0,1
44.662,12.3142,0.895687,11.6083,0.588194,11.6166,0.907347,3.12701,0.0258561,-7.9109e-06,1.50816e-05,0.00101183,-0.00053755,0.000579934,0,1
44.682,12.3042,0.895708,11.6015,0.588507,11.6097,0.907447,3.12758,0.0258708,-8.17461e-06,1.50421e-05,0.00101925,-0.00054209,0.000583383,0,1
44.702,12.2942,0.89573,11.5947,0.588814,11.6029,0.907543,3.12808,0.0258854,-8.42929e-06,1.50048e-05,0.00102669,-0.000546639,0.000586841,0,1
44.722,12.2842,0.895751,11.588,0.589111,11.5962,0.907633,3.12841,0.0258994,-8.66927e-06,1.49702e-05,0.00103403,-0.000551129,0.000590308,0,1
44.742,12.2742,0.895772,11.5812,0.589417,11.5894,0.907781,3.12729,0.0259138,-8.43859e-06,1.45618e-05,0.00100349,-0.000530994,0.000575796,0,1
44.762,12.2642,0.895793,11.5743,0.589735,11.5825,0.90788,3.12599,0.0259286,-8.69865e-06,1.45228e-05,0.00101085,-0.000535519,0.000579238,0,1
44.782,12.2542,0.895814,11.5673,0.590059,11.5755,0.907989,3.12674,0.0259437,-8.97704e-06,1.44776e-05,0.00101835,-0.000540114,0.000582688,0,1
44.802,12.2442,0.895835,11.5599,0.590401,11.5681,0.9081,3.12739,0.0259608,-9.27861e-06,1.44307e-05,0.00102646,-0.000545025,0.000586147,0,1
44.822,12.2342,0.895855,11.5528,0.590715,11.5611,0.908223,3.12864,0.0259761,-9.06416e-06,1.4019e-05,0.000996675,-0.000525424,0.000571941,0,1
44.842,12.2242,0.895876,11.5464,0.591006,11.5546,0.908307,3.12686,0.0259893,-9.2808e-06,1.39884e-05,0.00100348,-0.000529658,0.000575376,0,1
44.862,12.2142,0.895897,11.5398,0.591307,11.548,0.908404,3.12751,0.0260029,-9.52274e-06,1.39496e-05,0.0010105,-0.000534001,0.00057882,0,1
44.882,12.2042,0.895917,11.5324,0.591645,11.5406,0.908509,3.12708,0.0260198,-9.80733e-06,1.39062e-05,0.00101845,-0.000538843,0.000582271,0,1
44.902,12.1942,0.895938,11.5254,0.591963,11.5336,0.908611,3.12787,0.0260351,-1.00715e-05,1.38638e-05,0.00102605,-0.000543489,0.000585731,0,1
44.922,12.1842,0.895958,11.5185,0.592273,11.5266,0.908714,3.12845,0.02605,-9.82886e-06,1.3452e-05,0.000996214,-0.00052391,0.000571585,0,1
44.942,12.1742,0.895978,11.5115,0.592579,11.5197,0.908806,3.1298,0.0260652,-1.00743e-05,1.34158e-05,0.00100358,-0.000528451,0.000575022,0,1
44.962,12.1642,0.895998,11.5051,0.592853,11.5133,0.908882,3.13032,0.0260781,-1.02722e-05,1.33888e-05,0.00101035,-0.00053267,0.000578467,0,1
44.982,12.1542,0.896018,11.4973,0.593184,11.5055,0.90897,3.13076,0.0260966,-1.05386e-05,1.33541e-05,0.00101872,-0.000537742,0.00058192,0,1
45.002,12.1442,0.896038,11.4902,0.593483,11.4983,0.909047,3.13089,0.0261123,-1.07611e-05,1.33255e-05,0.00102639,-0.000542434,0.000585382,0,1
45.022,12.1342,0.896058,11.4834,0.593771,11.4915,0.90924,3.13034,0.0261268,-1.04651e-05,1.29242e-05,0.000996441,-0.000522836,0.000571279,0,1
45.042,12.1242,0.896078,11.4767,0.594053,11.4849,0.909315,3.13071,0.0261407,-1.06681e-05,1.2897e-05,0.00100343,-0.000527179,0.000574718,0,1
45.062,12.1142,0.896097,11.4698,0.594345,11.4779,0.909391,3.13067,0.0261556,-1.088e-05,1.28693e-05,0.00101076,-0.000531706,0.000578164,0,1
45.082,12.1042,0.896117,11.4632,0.594623,11.4713,0.909463,3.13152,0.0261695,-1.10783e-05,1.28428e-05,0.00101786,-0.0005361,0.000581619,0,1
45.102,12.0942,0.896136,11.4564,0.594904,11.4645,0.909532,3.13128,0.0261839,-1.12733e-05,1.28186e-05,0.00102517,-0.000540601,0.000585082,0,1
45.122,12.0842,0.896156,11.4491,0.595211,11.4572,0.909607,3.13072,0.0262003,-1.14957e-05,1.27899e-05,0.00103311,-0.000545439,0.000588554,0,1
45.142,12.0742,0.896175,11.4426,0.595481,11.4507,0.909432,3.13201,0.0262136,-1.11647e-05,1.23855e-05,0.0010024,-0.00052541,0.000574273,0,1
45.162,12.0642,0.896194,11.4352,0.595787,11.4433,0.909503,3.13136,0.0262304,-1.13791e-05,1.23598e-05,0.00101019,-0.000530192,0.00057772,0,1
45.182,12.0542,0.896213,11.4281,0.596082,11.4362,0.909575,3.13134,0.0262459,-1.1587e-05,1.23328e-05,0.00101774,-0.000534834,0.000581177,0,1
45.202,12.0442,0.896232,11.4211,0.59638,11.4292,0.909648,3.13043,0.0262614,-1.17938e-05,1.23055e-05,0.00102533,-0.000539494,0.000584641,0,1
45.222,12.0342,0.896251,11.4138,0.596687,11.4219,0.90947,3.13198,0.0262778,-1.15048e-05,1.19013e-05,0.000995987,-0.00052032,0.000570651,0,1
45.242,12.0242,0.896269,11.4056,0.597028,11.4136,0.909549,3.13131,0.0262981,-1.17562e-05,1.18705e-05,0.00100457,-0.000525544,0.000574092,0,1
45.262,12.0142,0.896288,11.3989,0.597305,11.407,0.909617,3.13168,0.0263118,-1.19401e-05,1.18456e-05,0.00101155,-0.000529885,0.000577542,0,1
45.282,12.0042,0.896306,11.3921,0.597589,11.4002,0.909685,3.132,0.0263266,-1.21312e-05,1.18204e-05,0.00101887,-0.000534403,0.000581,0,1
45.302,11.9942,0.896325,11.385,0.597889,11.3931,0.909753,3.12994,0.0263421,-1.23269e-05,1.17951e-05,0.00102646,-0.000539065,0.000584466,0,1
45.322,11.9842,0.896343,11.3782,0.598183,11.3863,0.909533,3.1306,0.0263566,-1.20083e-05,1.1392e-05,0.000996569,-0.000519626,0.000570496,0,1
45.342,11.9742,0.896361,11.3715,0.598467,11.3795,0.909606,3.1317,0.0263707,-1.22011e-05,1.13636e-05,0.00100357,-0.000523989,0.000573939,0,1
45.362,11.9642,0.89638,11.3645,0.598759,11.3726,0.909675,3.13151,0.0263858,-1.23933e-05,1.13375e-05,0.00101091,-0.000528532,0.00057739,0,1
45.382,11.9542,0.896398,11.3571,0.599072,11.3651,0.909751,3.13176,0.0264029,-1.261e-05,1.13075e-05,0.00101883,-0.000533388,0.00058085,0,1
45.402,11.9442,0.896416,11.3503,0.599351,11.3584,0.909817,3.1325,0.0264171,-1.27908e-05,1.12824e-05,0.00102606,-0.00053786,0.000584318,0,1
45.422,11.9342,0.896433,11.3434,0.599633,11.3514,0.909623,3.13338,0.0264321,-1.24409e-05,1.08897e-05,0.000996336,-0.000518548,0.00057039,0,1
45.442,11.9242,0.896451,11.3367,0.5999,11.3447,0.909678,3.13409,0.0264461,-1.25994e-05,1.08714e-05,0.00100328,-0.000522885,0.000573835,0,1
45.462,11.9142,0.896469,11.3303,0.600154,11.3383,0.909726,3.13436,0.0264592,-1.27421e-05,1.08566e-05,0.00101003,-0.000527117,0.000577288,0,1
45.482,11.9042,0.896487,11.3234,0.600426,11.3314,0.909776,3.13383,0.0264739,-1.28968e-05,1.08407e-05,0.00101731,-0.000531631,0.00058075,0,1
45.502,11.8942,0.896504,11.3165,0.6007,11.3245,0.90983,3.13418,0.0264887,-1.30581e-05,1.08224e-05,0.00102467,-0.00053619,0.00058422,0,1
45.522,11.8842,0.896522,11.3097,0.600974,11.3177,0.909622,3.13331,0.0265033,-1.26821e-05,1.04404e-05,0.000994932,-0.000516902,0.000570345,0,1
45.542,11.8742,0.896539,11.3028,0.601249,11.3108,0.909679,3.13456,0.026518,-1.28466e-05,1.04202e-05,0.00100208,-0.000521363,0.000573792,0,1
45.562,11.8642,0.896556,11.2956,0.601531,11.3036,0.90973,3.13439,0.0265339,-1.30066e-05,1.04035e-05,0.00100959,-0.000526017,0.000577247,0,1
45.582,11.8542,0.896574,11.2886,0.601811,11.2966,0.909781,3.13394,0.0265493,-1.31636e-05,1.03865e-05,0.00101702,-0.000530624,0.000580711,0,1
45.602,11.8442,0.896591,11.2818,0.602084,11.2898,0.909833,3.13338,0.0265637,-1.33168e-05,1.03685e-05,0.00102426,-0.00053512,0.000584183,0,1
45.622,11.8342,0.896608,11.275,0.60236,11.283,0.909609,3.13377,0.0265783,-1.2946e-05,9.98674e-06,0.000994558,-0.000515883,0.000570341,0,1
45.642,11.8242,0.896625,11.2683,0.602628,11.2764,0.909661,3.13376,0.0265921,-1.30933e-05,9.96888e-06,0.00100143,-0.000520198,0.000573791,0,1
45.662,11.8142,0.896642,11.2612,0.602914,11.2692,0.909717,3.13368,0.0266077,-1.32572e-05,9.94866e-06,0.00100885,-0.00052481,0.000577248,0,1
45.682,11.8042,0.896659,11.2541,0.6032,11.2621,0.909773,3.13452,0.0266234,-1.34227e-05,9.92773e-06,0.00101636,-0.000529469,0.000580714,0,1
45.702,11.7942,0.896675,11.2469,0.603488,11.2549,0.909825,3.13407,0.0266396,-1.3582e-05,9.90955e-06,0.00102407,-0.000534227,0.000584188,0,1
45.722,11.7842,0.896692,11.2398,0.603774,11.2477,0.909582,3.13415,0.0266553,-1.32104e-05,9.53251e-06,0.000994702,-0.000515203,0.000570374,0,1
45.742,11.7742,0.896709,11.233,0.604046,11.241,0.909633,3.13416,0.0266697,-1.33555e-05,9.51487e-06,0.00100171,-0.000519598,0.000573825,0,1
45.762,11.7642,0.896725,11.2264,0.604315,11.2344,0.909681,3.13212,0.0266831,-1.34924e-05,9.49807e-06,0.00100853,-0.000523887,0.000577285,0,1
45.782,11.7542,0.896742,11.2197,0.604601,11.2277,0.909745,3.13181,0.0266974,-1.36582e-05,9.47215e-06,0.00101564,-0.000528331,0.000580753,0,1
45.802,11.7442,0.896758,11.2131,0.604882,11.2211,0.90981,3.13159,0.0267111,-1.382e-05,9.44567e-06,0.00102264,-0.000532707,0.00058423,0,1
45.822,11.7342,0.896774,11.2058,0.605193,11.2138,0.909568,3.13213,0.0267275,-1.34832e-05,9.06175e-06,0.000993546,-0.000513866,0.00057046,0,1
45.842,11.7242,0.896791,11.1979,0.605526,11.2059,0.909643,3.13242,0.0267463,-1.36938e-05,9.02975e-06,0.00100168,-0.000518888,0.000573913,0,1
45.862,11.7142,0.896807,11.1902,0.605854,11.1982,0.909714,3.13142,0.0267644,-1.38924e-05,8.99959e-06,0.00100971,-0.000523847,0.000577375,0,1
45.882,11.7042,0.896823,11.1838,0.606134,11.1917,0.90978,3.13127,0.0267777,-1.4051e-05,8.97187e-06,0.00101653,-0.000528133,0.000580845,0,1
45.902,11.6942,0.896839,11.1768,0.606433,11.1848,0.909851,3.13157,0.0267926,-1.42287e-05,8.94073e-06,0.00102386,-0.000532697,0.000584324,0,1
45.922,11.6842,0.896855,11.1708,0.606696,11.1787,0.909547,3.13135,0.0268044,-1.38349e-05,8.56511e-06,0.000993461,-0.00051315,0.000570554,0,1
45.942,11.6742,0.89687,11.1642,0.606983,11.1721,0.909615,3.13121,0.0268181,-1.39968e-05,8.53636e-06,0.00100026,-0.000517445,0.000574009,0,1
45.962,11.6642,0.896886,11.1571,0.60729,11.1651,0.909688,3.13108,0.0268334,-1.41776e-05,8.50429e-06,0.00100756,-0.000522012,0.000577473,0,1
45.982,11.6542,0.896902,11.1506,0.607579,11.1586,0.909756,3.12965,0.0268468,-1.43373e-05,8.47454e-06,0.00101438,-0.000526308,0.000580946,0,1
46.002,11.6442,0.896917,11.1434,0.607906,11.1514,0.909842,3.12946,0.0268628,-1.45444e-05,8.43417e-06,0.001022,-0.000531042,0.000584426,0,1
46.022,11.6342,0.896933,11.1366,0.608216,11.1445,0.909591,3.1301,0.0268775,-1.42009e-05,8.04956e-06,0.000992531,-0.000512035,0.000570702,0,1
46.042,11.6242,0.896948,11.1295,0.608536,11.1374,0.909673,3.12982,0.0268931,-1.43948e-05,8.01221e-06,0.000999822,-0.00051661,0.00057416,0,1
46.062,11.6142,0.896963,11.1231,0.608822,11.131,0.909747,3.13047,0.0269059,-1.45574e-05,7.97837e-06,0.00100641,-0.000520791,0.000577626,0,1
46.082,11.6042,0.896978,11.1164,0.60912,11.1243,0.909822,3.13102,0.0269201,-1.47295e-05,7.9442e-06,0.00101345,-0.000525216,0.000581101,0,1
46.102,11.5942,0.896993,11.1091,0.609439,11.117,0.9099,3.13211,0.0269365,-1.49208e-05,7.90825e-06,0.00102117,-0.000530011,0.000584584,0,1
46.122,11.5842,0.897008,11.1022,0.609737,11.1101,0.909654,3.13226,0.0269515,-1.45448e-05,7.53623e-06,0.000991833,-0.000511102,0.000570886,0,1
46.142,11.5742,0.897023,11.095,0.610051,11.1028,0.909721,3.13156,0.0269676,-1.47145e-05,7.5063e-06,0.000999242,-0.00051575,0.000574346,0,1
46.162,11.5642,0.897038,11.0884,0.610332,11.0963,0.909787,3.13297,0.026981,-1.48639e-05,7.4772e-06,0.00100599,-0.000520027,0.000577815,0,1
46.182,11.5542,0.897053,11.0818,0.610614,11.0896,0.909844,3.13321,0.026995,-1.50044e-05,7.45234e-06,0.00101297,-0.000524426,0.000581292,0,1
46.202,11.5442,0.897068,11.0746,0.610913,11.0825,0.909904,3.13385,0.0270108,-1.51587e-05,7.42584e-06,0.00102051,-0.00052913,0.000584777,0,1
46.222,11.5342,0.897083,11.0678,0.611193,11.0757,0.909693,3.13446,0.0270252,-1.47553e-05,7.06531e-06,0.00099105,-0.000510169,0.0005711,0,1
46.242,11.5242,0.897097,11.0611,0.611469,11.069,0.909741,3.13486,0.0270394,-1.48798e-05,7.04577e-06,0.00099796,-0.000514548,0.000574563,0,1
46.262,11.5142,0.897112,11.0547,0.611728,11.0626,0.909784,3.13483,0.0270523,-1.49891e-05,7.02901e-06,0.00100454,-0.000518741,0.000578033,0,1
46.282,11.5042,0.897126,11.0477,0.612021,11.0555,0.909832,3.13366,0.0270678,-1.5119e-05,7.0092e-06,0.00101192,-0.000523373,0.000581513,0,1
46.302,11.4942,0.897141,11.0409,0.612303,11.0487,0.909886,3.13422,0.0270822,-1.52526e-05,6.98567e-06,0.00101906,-0.000527866,0.000585,0,1
46.322,11.4842,0.897155,11.0335,0.612605,11.0413,0.90994,3.13481,0.0270989,-1.53977e-05,6.96176e-06,0.00102686,-0.000532717,0.000588497,0,1
46.342,11.4742,0.897169,11.026,0.612914,11.0339,0.909716,3.13393,0.027116,-1.4998e-05,6.60344e-06,0.000997715,-0.000513885,0.000574609,0,1
46.362,11.4642,0.897183,11.0196,0.613185,11.0274,0.909765,3.13338,0.0271291,-1.51157e-05,6.58238e-06,0.00100437,-0.000518123,0.000578082,0,1
46.382,11.4542,0.897198,11.0127,0.613475,11.0206,0.909822,3.13368,0.0271438,-1.5252e-05,6.55711e-06,0.00101151,-0.000522626,0.000581563,0,1
46.402,11.4442,0.897212,11.0061,0.613754,11.0139,0.909874,3.13355,0.0271576,-1.53767e-05,6.53391e-06,0.00101845,-0.000527016,0.000585052,0,1
46.422,11.4342,0.897226,10.9993,0.614039,11.0071,0.909929,3.13409,0.027172,-1.55081e-05,6.50916e-06,0.00102565,-0.000531538,0.00058855,0,1
46.442,11.4242,0.89724,10.9928,0.614313,11.0006,0.909724,3.13393,0.0271856,-1.50906e-05,6.15726e-06,0.00099565,-0.000512253,0.000574696,0,1
46.462,11.4142,0.897254,10.9858,0.614606,10.9936,0.909777,3.13383,0.0272006,-1.52216e-05,6.13335e-06,0.00100282,-0.000516787,0.000578171,0,1
46.482,11.4042,0.897267,10.9793,0.61488,10.9871,0.909827,3.13344,0.0272139,-1.53378e-05,6.11106e-06,0.00100953,-0.000521065,0.000581654,0,1
46.502,11.3942,0.897281,10.972,0.615199,10.9798,0.909887,3.13195,0.0272305,-1.54872e-05,6.08282e-06,0.00101724,-0.000525889,0.000585145,0,1
46.522,11.3842,0.897295,10.9646,0.615527,10.9724,0.909662,3.13166,0.0272474,-1.51316e-05,5.72833e-06,0.00098866,-0.000507472,0.000571554,0,1
46.542,11.3742,0.897309,10.9579,0.615826,10.9657,0.909728,3.13106,0.0272614,-1.52748e-05,5.69667e-06,0.000995464,-0.000511813,0.000575023,0,1
46.562,11.3642,0.897322,10.9512,0.61613,10.9589,0.909799,3.13123,0.0272757,-1.54269e-05,5.66196e-06,0.00100241,-0.000516227,0.0005785,0,1
46.582,11.3542,0.897336,10.9444,0.616436,10.9521,0.90987,3.13136,0.0272901,-1.55786e-05,5.6273e-06,0.00100946,-0.000520697,0.000581985,0,1
46.602,11.3442,0.897349,10.9374,0.61675,10.9452,0.909941,3.13071,0.0273051,-1.57341e-05,5.59198e-06,0.00101673,-0.000525283,0.000585479,0,1
46.622,11.3342,0.897362,10.9308,0.617048,10.9386,0.910013,3.13072,0.0273187,-1.5881e-05,5.55612e-06,0.00102367,-0.000529677,0.000588981,0,1
46.642,11.3242,0.897376,10.9241,0.61736,10.9318,0.909768,3.12988,0.0273331,-1.55038e-05,5.2002e-06,0.000994022,-0.000510616,0.00057517,0,1
46.662,11.3142,0.897389,10.9174,0.617668,10.9252,0.909846,3.13064,0.027347,-1.56615e-05,5.16086e-06,0.00100086,-0.000514977,0.000578649,0,1
46.682,11.3042,0.897402,10.9098,0.618015,10.9175,0.909929,3.1311,0.0273647,-1.58512e-05,5.11813e-06,0.00100873,-0.000519915,0.000582137,0,1
46.702,11.2942,0.897415,10.9025,0.618343,10.9103,0.910006,3.1315,0.027381,-1.60197e-05,5.07911e-06,0.00101633,-0.000524691,0.000585633,0,1
46.722,11.2842,0.897428,10.8957,0.618655,10.9034,0.90979,3.13052,0.0273956,-1.56403e-05,4.73379e-06,0.000987229,-0.000506006,0.000572064,0,1
46.742,11.2742,0.897441,10.8888,0.618972,10.8965,0.909867,3.13146,0.0274106,-1.58001e-05,4.6948e-06,0.000994291,-0.000510504,0.000575536,0,1
46.762,11.2642,0.897454,10.8822,0.619269,10.8899,0.909934,3.13186,0.0274243,-1.59357e-05,4.66124e-06,0.00100106,-0.000514834,0.000579018,0,1
46.782,11.2542,0.897466,10.8755,0.619568,10.8832,0.909999,3.13254,0.0274384,-1.60703e-05,4.62835e-06,0.001008,-0.000519252,0.000582508,0,1
46.802,11.2442,0.897479,10.8688,0.619858,10.8765,0.910059,3.13406,0.0274524,-1.61962e-05,4.59799e-06,0.00101496,-0.000523682,0.000586006,0,1
46.822,11.2342,0.897492,10.8612,0.620181,10.8689,0.910116,3.13395,0.0274699,-1.63327e-05,4.56942e-06,0.00102292,-0.000528659,0.000589513,0,1
46.842,11.2242,0.897504,10.8542,0.620483,10.8619,0.90993,3.13335,0.0274851,-1.59232e-05,4.2335e-06,0.00099357,-0.000509781,0.000575718,0,1
46.862,11.2142,0.897517,10.8481,0.620754,10.8557,0.90998,3.13263,0.0274973,-1.60236e-05,4.20859e-06,0.000999895,-0.000513867,0.000579201,0,1
46.882,11.2042,0.897529,10.8412,0.62106,10.8488,0.910042,3.13237,0.0275121,-1.61533e-05,4.17716e-06,0.00100701,-0.000518392,0.000582693,0,1
46.902,11.1942,0.897542,10.8341,0.621377,10.8417,0.910108,3.13227,0.0275277,-1.62931e-05,4.14324e-06,0.00101441,-0.000523074,0.000586193,0,1
46.922,11.1842,0.897554,10.8269,0.621693,10.8346,0.909886,3.1332,0.0275435,-1.59167e-05,3.81001e-06,0.000985756,-0.000504659,0.000572655,0,1
46.942,11.1742,0.897566,10.8198,0.62201,10.8275,0.909946,3.1323,0.0275593,-1.60456e-05,3.77961e-06,0.00099299,-0.000509269,0.000576133,0,1
46.962,11.1642,0.897578,10.8127,0.622325,10.8204,0.910011,3.13296,0.0275747,-1.61824e-05,3.74562e-06,0.00100022,-0.000513869,0.000579618,0,1
46.982,11.1542,0.897591,10.8058,0.622629,10.8134,0.910071,3.13374,0.0275898,-1.6307e-05,3.71465e-06,0.0010074,-0.000518432,0.000583113,0,1
47.002,11.1442,0.897603,10.7988,0.62293,10.8065,0.910126,3.13385,0.0276048,-1.64226e-05,3.68653e-06,0.00101464,-0.000523029,0.000586615,0,1
47.022,11.1342,0.897615,10.7915,0.623247,10.7992,0.909942,3.13408,0.0276213,-1.60319e-05,3.36388e-06,0.000986141,-0.000504706,0.000573068,0,1
47.042,11.1242,0.897627,10.7847,0.623539,10.7924,0.909993,3.13436,0.0276357,-1.6137e-05,3.338e-06,0.000993023,-0.000509119,0.000576547,0,1
47.062,11.1142,0.897639,10.7775,0.62385,10.7851,0.910045,3.13447,0.0276518,-1.62509e-05,3.31119e-06,0.00100042,-0.000513816,0.000580036,0,1
47.082,11.1042,0.89765,10.7702,0.624163,10.7778,0.910097,3.13454,0.0276683,-1.63654e-05,3.28427e-06,0.00100797,-0.000518592,0.000583532,0,1
47.102,11.0942,0.897662,10.7631,0.624466,10.7707,0.910148,3.13537,0.0276841,-1.6474e-05,3.25808e-06,0.00101541,-0.000523304,0.000587037,0,1
47.122,11.0842,0.897674,10.7555,0.624781,10.7631,0.909994,3.13586,0.0277014,-1.6071e-05,2.94641e-06,0.000987085,-0.00050508,0.000573471,0,1
47.142,11.0742,0.897686,10.749,0.625049,10.7566,0.910032,3.13725,0.027715,-1.61488e-05,2.92773e-06,0.000993739,-0.000509366,0.000576953,0,1
47.162,11.0642,0.897697,10.7415,0.625347,10.749,0.910065,3.1386,0.0277323,-1.62294e-05,2.91173e-06,0.00100144,-0.000514238,0.000580444,0,1
47.182,11.0542,0.897709,10.7342,0.625629,10.7418,0.910086,3.13891,0.0277487,-1.62883e-05,2.90192e-06,0.00100897,-0.000519007,0.000583943,0,1
47.202,11.0442,0.897721,10.7273,0.625891,10.7349,0.910105,3.14001,0.0277634,-1.6338e-05,2.89399e-06,0.00101614,-0.000523561,0.00058745,0,1
47.222,11.0342,0.897732,10.7205,0.626149,10.7281,0.910018,3.13923,0.0277779,-1.58737e-05,2.60981e-06,0.000987046,-0.000504906,0.000573866,0,1
47.242,11.0242,0.897744,10.7136,0.626411,10.7212,0.910034,3.14021,0.0277928,-1.59185e-05,2.60295e-06,0.000994045,-0.000509391,0.00057735,0,1
47.262,11.0142,0.897755,10.7065,0.626672,10.7141,0.910044,3.14068,0.0278081,-1.59531e-05,2.59982e-06,0.00100125,-0.000513987,0.000580843,0,1
47.282,11.0042,0.897766,10.6999,0.626915,10.7075,0.91005,3.14073,0.0278219,-1.59797e-05,2.59882e-06,0.00100806,-0.000518357,0.000584344,0,1
47.302,10.9942,0.897777,10.6931,0.627166,10.7007,0.910056,3.14096,0.0278364,-1.60069e-05,2.59788e-06,0.00101518,-0.000522891,0.000587854,0,1
47.322,10.9842,0.897789,10.6868,0.6274,10.6943,0.91006,3.14039,0.0278492,-1.60293e-05,2.598e-06,0.00102183,-0.000527161,0.000591372,0,1
47.342,10.9742,0.8978,10.6801,0.627647,10.6877,0.909966,3.14099,0.0278632,-1.55682e-05,2.32249e-06,0.000992233,-0.000508165,0.00057757,0,1
47.362,10.9642,0.897811,10.6729,0.627908,10.6804,0.90997,-3.14127,0.0278792,-1.55924e-05,2.32216e-06,0.00099959,-0.000512857,0.000581065,0,1
47.382,10.9542,0.897822,10.6664,0.628142,10.674,0.909968,3.14123,0.0278925,-1.56043e-05,2.32557e-06,0.00100627,-0.000517161,0.000584568,0,1
47.402,10.9442,0.897833,10.6599,0.62838,10.6674,0.90997,3.14139,0.027906,-1.56231e-05,2.32639e-06,0.00101307,-0.000521528,0.00058808,0,1
47.422,10.9342,0.897844,10.6533,0.628621,10.6608,0.909877,3.14054,0.0279196,-1.51689e-05,2.0672e-06,0.000983927,-0.000502854,0.000574535,0,1
47.442,10.9242,0.897855,10.6456,0.628912,10.6531,0.909886,3.13972,0.0279378,-1.51999e-05,2.06443e-06,0.000991748,-0.000507825,0.000578024,0,1
47.462,10.9142,0.897866,10.6384,0.629181,10.646,0.909899,3.13987,0.0279535,-1.52371e-05,2.05862e-06,0.000999007,-0.000512467,0.000581521,0,1
47.482,10.9042,0.897876,10.632,0.629426,10.6395,0.90991,3.14002,0.0279667,-1.52674e-05,2.05404e-06,0.00100566,-0.000516764,0.000585026,0,1
47.502,10.8942,0.897887,10.6251,0.629688,10.6326,0.909921,3.13938,0.0279816,-1.52993e-05,2.04956e-06,0.00101283,-0.000521344,0.00058854,0,1
47.522,10.8842,0.897898,10.6187,0.629936,10.6262,0.909852,3.13906,0.0279946,-1.48756e-05,1.79194e-06,0.000983561,-0.000502596,0.000574988,0,1
47.542,10.8742,0.897908,10.6124,0.630176,10.6199,0.909868,3.13973,0.0280071,-1.49104e-05,1.7844e-06,0.00098988,-0.000506719,0.000578479,0,1
47.562,10.8642,0.897919,10.6057,0.630428,10.6132,0.909881,3.14012,0.028021,-1.49419e-05,1.77881e-06,0.000996665,-0.000511104,0.000581978,0,1
47.582,10.8542,0.897929,10.5992,0.630672,10.6067,0.90989,3.14055,0.0280344,-1.49683e-05,1.7748e-06,0.00100335,-0.000515426,0.000585486,0,1
47.602,10.8442,0.897939,10.5924,0.630929,10.5999,0.909897,3.13976,0.028049,-1.49919e-05,1.77218e-06,0.00101042,-0.000519964,0.000589002,0,1
47.622,10.8342,0.89795,10.5853,0.631197,10.5928,0.909723,3.14014,0.0280645,-1.45806e-05,1.52463e-06,0.000981961,-0.000501682,0.000575476,0,1
47.642,10.8242,0.89796,10.5785,0.631458,10.586,0.909732,3.1395,0.0280791,-1.46071e-05,1.52022e-06,0.000988854,-0.00050614,0.000578969,0,1
47.662,10.8142,0.89797,10.5716,0.631723,10.5791,0.909747,3.13929,0.0280938,-1.46411e-05,1.51319e-06,0.000995844,-0.000510649,0.00058247,0,1
47.682,10.8042,0.89798,10.5639,0.632021,10.5714,0.909765,3.13921,0.028112,-1.46854e-05,1.50411e-06,0.00100377,-0.00051568,0.00058598,0,1
47.702,10.7942,0.897991,10.5568,0.632294,10.5643,0.909781,3.13926,0.0281274,-1.4724e-05,1.49551e-06,0.00101108,-0.000520354,0.000589499,0,1
47.722,10.7842,0.898001,10.5503,0.632544,10.5578,0.909627,3.1396,0.0281407,-1.43229e-05,1.2545e-06,0.000981984,-0.000501705,0.000575948,0,1
47.742,10.7742,0.898011,10.5432,0.632818,10.5507,0.909641,3.13928,0.0281564,-1.43559e-05,1.24732e-06,0.000989152,-0.000506324,0.000579443,0,1
47.762,10.7642,0.898021,10.5358,0.633103,10.5433,0.909659,3.14038,0.0281734,-1.43957e-05,1.23831e-06,0.000996729,-0.000511168,0.000582947,0,1
47.782,10.7542,0.898031,10.5288,0.633368,10.5363,0.909667,3.13991,0.0281886,-1.44185e-05,1.23432e-06,0.00100391,-0.000515781,0.000586459,0,1
47.802,10.7442,0.89804,10.5222,0.633619,10.5297,0.909678,3.13958,0.0282021,-1.44437e-05,1.2288e-06,0.0010107,-0.000520165,0.00058998,0,1
47.822,10.7342,0.89805,10.5155,0.633881,10.523,0.909692,3.13856,0.0282163,-1.44734e-05,1.22175e-06,0.00101774,-0.000524681,0.000593509,0,1
47.842,10.7242,0.89806,10.5076,0.634194,10.515,0.90958,3.13867,0.0282354,-1.41021e-05,9.81507e-07,0.000989665,-0.000506554,0.000579718,0,1
47.862,10.7142,0.89807,10.4998,0.634501,10.5073,0.909602,3.13838,0.0282537,-1.41517e-05,9.69037e-07,0.000997567,-0.000511583,0.000583223,0,1
47.882,10.7042,0.89808,10.4931,0.634772,10.5005,0.909624,3.13761,0.028268,-1.41929e-05,9.57042e-07,0.00100449,-0.00051605,0.000586737,0,1
47.902,10.6942,0.898089,10.4861,0.63506,10.4936,0.909652,3.1359,0.028283,-1.42451e-05,9.41402e-07,0.00101171,-0.000520675,0.00059026,0,1
47.922,10.6842,0.898099,10.4794,0.635346,10.4868,0.90969,3.13558,0.0282973,-1.43127e-05,9.19292e-07,0.00101878,-0.000525211,0.000593791,0,1
47.942,10.6742,0.898109,10.4719,0.635656,10.4794,0.909586,3.13752,0.0283143,-1.39805e-05,6.73991e-07,0.000990142,-0.000506758,0.000579977,0,1
47.962,10.6642,0.898118,10.4649,0.635939,10.4723,0.909615,3.13871,0.0283297,-1.40334e-05,6.57661e-07,0.000997324,-0.00051138,0.000583484,0,1
47.982,10.6542,0.898128,10.4586,0.636189,10.466,0.909633,3.139,0.0283425,-1.4065e-05,6.47303e-07,0.00100384,-0.000515618,0.000587,0,1
48.002,10.6442,0.898137,10.4515,0.636467,10.4589,0.909651,3.13908,0.028358,-1.41002e-05,6.36823e-07,0.00101117,-0.000520308,0.000590524,0,1
48.022,10.6342,0.898146,10.445,0.636722,10.4524,0.909668,3.1391,0.0283714,-1.41295e-05,6.27418e-07,0.00101798,-0.000524703,0.000594057,0,1
48.042,10.6242,0.898156,10.4382,0.636985,10.4456,0.909564,3.13994,0.0283858,-1.37533e-05,4.05249e-07,0.000988729,-0.000505905,0.00058025,0,1
48.062,10.6142,0.898165,10.4309,0.637267,10.4383,0.909576,3.13905,0.028402,-1.3777e-05,3.98317e-07,0.000996099,-0.000510641,0.000583759,0,1
48.082,10.6042,0.898174,10.4242,0.637533,10.4316,0.909593,3.13899,0.0284162,-1.38071e-05,3.88329e-07,0.00100302,-0.000515118,0.000587276,0,1
48.102,10.5942,0.898184,10.4173,0.637808,10.4246,0.909611,3.13828,0.0284312,-1.38395e-05,3.77714e-07,0.00101021,-0.000519735,0.000590802,0,1
48.122,10.5842,0.898193,10.41,0.638096,10.4174,0.909505,3.1394,0.0284475,-1.34905e-05,1.61454e-07,0.000981942,-0.000501556,0.000577233,0,1
48.142,10.5742,0.898202,10.4024,0.638391,10.4098,0.909522,3.13971,0.028465,-1.35218e-05,1.51631e-07,0.000989583,-0.000506458,0.000580735,0,1
48.162,10.5642,0.898211,10.3956,0.638658,10.4029,0.909535,3.13938,0.0284798,-1.35439e-05,1.43882e-07,0.000996574,-0.000510979,0.000584246,0,1
48.182,10.5542,0.89822,10.3886,0.638929,10.3959,0.90955,3.14001,0.0284949,-1.35705e-05,1.34618e-07,0.00100375,-0.000515596,0.000587765,0,1
48.202,10.5442,0.898229,10.3818,0.639188,10.3892,0.909561,3.14006,0.0285091,-1.35884e-05,1.28085e-07,0.00101072,-0.000520096,0.000591293,0,1
48.222,10.5342,0.898238,10.3754,0.639433,10.3828,0.909507,3.1402,0.0285221,-1.32219e-05,-7.29595e-08,0.00098155,-0.000501392,0.0005777,0,1
48.242,10.5242,0.898247,10.3683,0.6397,10.3757,0.909517,-3.14112,0.0285378,-1.32383e-05,-7.91878e-08,0.000988728,-0.000506034,0.000581205,0,1
48.262,10.5142,0.898255,10.3607,0.639977,10.368,0.909514,-3.14109,0.0285555,-1.32313e-05,-7.75812e-08,0.000996465,-0.000510987,0.000584718,0,1
48.282,10.5042,0.898264,10.3543,0.640212,10.3616,0.90951,-3.14135,0.0285685,-1.32259e-05,-7.61695e-08,0.00100306,-0.00051528,0.000588239,0,1
48.302,10.4942,0.898273,10.3475,0.640464,10.3548,0.909509,3.14106,0.028583,-1.32227e-05,-7.56647e-08,0.00101009,-0.000519819,0.000591769,0,1
48.322,10.4842,0.898282,10.3402,0.640735,10.3475,0.909427,3.14152,0.0285993,-1.28598e-05,-2.64836e-07,0.000981852,-0.000501643,0.00057817,0,1
48.342,10.4742,0.89829,10.3332,0.640998,10.3405,0.909428,3.14152,0.0286148,-1.28588e-05,-2.65802e-07,0.000988981,-0.000506259,0.000581677,0,1
48.362,10.4642,0.898299,10.3265,0.641244,10.3338,0.909428,-3.14148,0.0286288,-1.28577e-05,-2.66733e-07,0.000995762,-0.000510669,0.000585192,0,1
48.382,10.4542,0.898307,10.3201,0.641482,10.3274,0.909427,3.14148,0.0286418,-1.28549e-05,-2.66959e-07,0.00100235,-0.000514961,0.000588715,0,1
48.402,10.4442,0.898316,10.3134,0.641725,10.3207,0.909428,-3.14079,0.0286556,-1.28543e-05,-2.68044e-07,0.00100921,-0.000519409,0.000592247,0,1
48.422,10.4342,0.898324,10.3064,0.64198,10.3137,0.909404,-3.14072,0.028671,-1.24878e-05,-4.4361e-07,0.00098079,-0.000501127,0.000578646,0,1
48.442,10.4242,0.898333,10.2993,0.642239,10.3066,0.909397,3.14135,0.0286865,-1.24743e-05,-4.40886e-07,0.000987899,-0.000505738,0.000582154,0,1
48.462,10.4142,0.898341,10.2925,0.642496,10.2997,0.909399,3.14129,0.0287012,-1.2474e-05,-4.42694e-07,0.000994889,-0.000510273,0.000585671,0,1
48.482,10.4042,0.898349,10.2848,0.64278,10.2921,0.909401,-3.14149,0.0287191,-1.24748e-05,-4.44881e-07,0.00100274,-0.000515294,0.000589197,0,1
48.502,10.3942,0.898358,10.2784,0.643014,10.2856,0.909401,-3.14033,0.0287322,-1.2471e-05,-4.45344e-07,0.00100939,-0.000519623,0.000592731,0,1
48.522,10.3842,0.898366,10.2709,0.643281,10.2782,0.909391,-3.1404,0.0287493,-1.24511e-05,-4.40611e-07,0.00101718,-0.00052459,0.000596273,0,1
48.542,10.3742,0.898374,10.2643,0.643516,10.2715,0.909427,-3.1396,0.0287632,-1.20921e-05,-6.08213e-07,0.000987856,-0.000505724,0.000582406,0,1
48.562,10.3642,0.898382,10.2568,0.643778,10.2641,0.909412,-3.13977,0.0287802,-1.20613e-05,-6.00565e-07,0.000995417,-0.000510588,0.000585925,0,1
48.582,10.3542,0.89839,10.2498,0.644025,10.257,0.909399,-3.13988,0.0287955,-1.20357e-05,-5.94041e-07,0.00100262,-0.000515241,0.000589452,0,1
48.602,10.3442,0.898399,10.2419,0.644302,10.2491,0.909386,-3.13905,0.0288145,-1.20055e-05,-5.87014e-07,0.00101083,-0.000520457,0.000592987,0,1
48.622,10.3342,0.898407,10.2356,0.644516,10.2428,0.909386,-3.1386,0.0288271,-1.1651e-05,-7.40051e-07,0.000981541,-0.000501662,0.000579336,0,1
48.642,10.3242,0.898415,10.2294,0.644729,10.2367,0.909368,-3.13964,0.0288392,-1.16194e-05,-7.30452e-07,0.000987756,-0.000505762,0.000582847,0,1
48.662,10.3142,0.898423,10.2225,0.644973,10.2297,0.909354,-3.1395,0.0288543,-1.15918e-05,-7.23618e-07,0.000994831,-0.000510352,0.000586368,0,1
48.682,10.3042,0.898431,10.2154,0.64522,10.2226,0.909339,-3.13938,0.0288699,-1.15616e-05,-7.15989e-07,0.00100211,-0.000515054,0.000589896,0,1
48.702,10.2942,0.898439,10.2085,0.645454,10.2157,0.909324,-3.13762,0.0288847,-1.15319e-05,-7.08071e-07,0.00100924,-0.000519658,0.000593434,0,1
48.722,10.2842,0.898446,10.2017,0.645675,10.2089,0.909297,-3.13707,0.0288991,-1.14842e-05,-6.93158e-07,0.0010163,-0.000524223,0.000596979,0,1
48.742,10.2742,0.898454,10.1944,0.645918,10.2016,0.909322,-3.1383,0.0289157,-1.11089e-05,-8.28293e-07,0.00098773,-0.000505778,0.000583103,0,1
48.762,10.2642,0.898462,10.1866,0.646176,10.1938,0.909297,-3.1377,0.0289339,-1.10553e-05,-8.14579e-07,0.000995608,-0.00051083,0.000586624,0,1
48.782,10.2542,0.89847,10.1796,0.646407,10.1868,0.909269,-3.13764,0.0289492,-1.10044e-05,-7.99748e-07,0.00100279,-0.000515472,0.000590154,0,1
48.802,10.2442,0.898478,10.1724,0.646645,10.1797,0.909241,-3.13815,0.028965,-1.09507e-05,-7.84156e-07,0.00101021,-0.000520242,0.000593693,0,1
48.822,10.2342,0.898485,10.1656,0.646877,10.1728,0.909261,-3.13918,0.0289795,-1.0613e-05,-9.1477e-07,0.000981488,-0.000501768,0.000580028,0,1
48.842,10.2242,0.898493,10.1581,0.647137,10.1653,0.909243,-3.13953,0.0289968,-1.05736e-05,-9.0548e-07,0.00098907,-0.000506657,0.000583542,0,1
48.862,10.2142,0.8985,10.1509,0.647389,10.1581,0.909228,-3.13922,0.029013,-1.05412e-05,-8.9796e-07,0.00099645,-0.000511422,0.000587066,0,1
48.882,10.2042,0.898508,10.1437,0.647635,10.1509,0.909211,-3.13898,0.0290289,-1.05059e-05,-8.89201e-07,0.00100381,-0.000516168,0.000590597,0,1
48.902,10.1942,0.898516,10.1364,0.647887,10.1436,0.909192,-3.13949,0.0290453,-1.04665e-05,-8.79151e-07,0.00101138,-0.000521023,0.000594138,0,1
48.922,10.1842,0.898523,10.1299,0.648111,10.1371,0.909179,-3.13877,0.0290586,-1.04399e-05,-8.72209e-07,0.00101818,-0.000525429,0.000597686,0,1
48.942,10.1742,0.898531,10.1234,0.648332,10.1306,0.909219,-3.13894,0.0290719,-1.01254e-05,-9.98424e-07,0.000988603,-0.000506399,0.000583756,0,1
48.962,10.1642,0.898538,10.1161,0.648582,10.1233,0.9092,-3.13897,0.0290884,-1.00843e-05,-9.88394e-07,0.000996044,-0.000511202,0.00058728,0,1
48.982,10.1542,0.898545,10.1088,0.648832,10.116,0.909181,-3.13871,0.0291049,-1.00436e-05,-9.78394e-07,0.00100358,-0.000516047,0.000590813,0,1
49.002,10.1442,0.898553,10.1023,0.649053,10.1095,0.909162,-3.13885,0.0291182,-1.00085e-05,-9.68566e-07,0.00101031,-0.000520431,0.000594355,0,1
49.022,10.1342,0.89856,10.0949,0.649307,10.1021,0.909133,-3.13933,0.029135,-9.69993e-06,-1.08462e-06,0.000982158,-0.000502274,0.000580665,0,1
49.042,10.1242,0.898567,10.088,0.649545,10.0952,0.909118,-3.13924,0.0291499,-9.66668e-06,-1.0769e-06,0.000989133,-0.000506816,0.000584183,0,1
49.062,10.1142,0.898574,10.0817,0.649762,10.0889,0.909103,-3.13927,0.0291624,-9.63795e-06,-1.06963e-06,0.000995526,-0.000511019,0.000587709,0,1
49.082,10.1042,0.898581,10.0744,0.650013,10.0816,0.909086,-3.13904,0.0291788,-9.60079e-06,-1.061e-06,0.00100302,-0.000515845,0.000591244,0,1
49.102,10.0942,0.898589,10.0663,0.650289,10.0735,0.909065,-3.13837,0.0291987,-9.55203e-06,-1.05004e-06,0.00101144,-0.000521195,0.000594787,0,1
49.122,10.0842,0.898596,10.0591,0.650528,10.0663,0.909042,-3.13768,0.0292147,-9.50516e-06,-1.03756e-06,0.00101897,-0.000526024,0.000598339,0,1
49.142,10.0742,0.898603,10.0516,0.65077,10.0588,0.909031,-3.13655,0.0292319,-9.19257e-06,-1.1414e-06,0.000990376,-0.000507544,0.000584373,0,1
49.162,10.0642,0.89861,10.0445,0.650998,10.0516,0.908995,-3.13687,0.0292476,-9.12356e-06,-1.12175e-06,0.00099764,-0.000512242,0.0005879,0,1
49.182,10.0542,0.898617,10.0373,0.651229,10.0444,0.908961,-3.13685,0.0292636,-9.05757e-06,-1.10314e-06,0.00100505,-0.000517013,0.000591436,0,1
49.202,10.0442,0.898624,10.0293,0.65149,10.0364,0.908923,-3.13768,0.0292832,-8.9759e-06,-1.08191e-06,0.0010134,-0.000522316,0.00059498,0,1
49.222,10.0342,0.898631,10.0223,0.651717,10.0295,0.908904,-3.13762,0.0292981,-8.68805e-06,-1.178e-06,0.000984589,-0.000503766,0.00058122,0,1
49.242,10.0242,0.898637,10.0149,0.651961,10.022,0.908874,-3.13717,0.0293152,-8.62625e-06,-1.16211e-06,0.000992154,-0.000508641,0.00058474,0,1
49.262,10.0142,0.898644,10.0081,0.652177,10.0152,0.908844,-3.13634,0.0293296,-8.57029e-06,-1.14596e-06,0.000999076,-0.000513139,0.000588269,0,1
49.282,10.0042,0.898651,10.0013,0.652392,10.0084,0.908809,-3.13676,0.0293439,-8.5057e-06,-1.12638e-06,0.00100605,-0.00051766,0.000591806,0,1
49.302,9.99424,0.898658,9.99126,0.652705,9.99837,0.90876,-3.13512,0.0293735,-8.377e-06,-1.09888e-06,0.00101654,-0.000524171,0.000595352,0,1
49.322,9.98424,0.898665,9.98143,0.653004,9.98854,0.908696,-3.13532,0.0294017,-8.21698e-06,-1.06224e-06,0.00102691,-0.000530581,0.000598906,0,1
49.342,9.97424,0.898671,9.97159,0.653305,9.9787,0.908746,-3.13554,0.0294301,-7.84511e-06,-1.12968e-06,0.00100021,-0.000513155,0.000584796,0,1
49.362,9.96424,0.898678,9.96182,0.653603,9.96892,0.908687,-3.13534,0.029458,-7.69548e-06,-1.09633e-06,0.0010103,-0.000519417,0.000588325,0,1
49.382,9.95424,0.898685,9.95179,0.653903,9.95888,0.908624,-3.13431,0.0294874,-7.53384e-06,-1.06062e-06,0.00102079,-0.000525872,0.000591863,0,1
49.402,9.94424,0.898691,9.94231,0.654182,9.94941,0.908555,-3.13427,0.0295138,-7.36831e-06,-1.02095e-06,0.00103081,-0.000532039,0.00059541,0,1
49.422,9.93424,0.898698,9.93231,0.654473,9.9394,0.908607,-3.13396,0.029543,-6.98997e-06,-1.07074e-06,0.00100404,-0.000514605,0.000581366,0,1
49.442,9.92424,0.898704,9.92214,0.654762,9.92922,0.90853,-3.13301,0.0295731,-6.78958e-06,-1.02673e-06,0.00101458,-0.00052107,0.000584887,0,1
49.462,9.91424,0.898711,9.91228,0.655041,9.91936,0.908445,-3.1335,0.0296015,-6.58018e-06,-9.78305e-07,0.00102492,-0.000527393,0.000588418,0,1
49.482,9.90424,0.898718,9.90212,0.655328,9.9092,0.908363,-3.13317,0.0296316,-6.37107e-06,-9.30944e-07,0.0010357,-0.000533934,0.000591956,0,1
49.502,9.89424,0.898724,9.89207,0.65561,9.89914,0.908278,-3.13306,0.029661,-6.15933e-06,-8.81765e-07,0.0010465,-0.000540457,0.000595503,0,1
49.522,9.88424,0.89873,9.88199,0.655893,9.88906,0.908192,-3.13316,0.0296906,-5.94475e-06,-8.31397e-07,0.00105746,-0.000547039,0.000599059,0,1
49.542,9.87424,0.898737,9.87176,0.656184,9.87883,0.908255,-3.13381,0.0297211,-5.56752e-06,-8.57922e-07,0.00102927,-0.000528684,0.000584475,0,1
49.562,9.86424,0.898743,9.86216,0.656456,9.86923,0.90818,-3.13335,0.0297481,-5.38861e-06,-8.15061e-07,0.00103948,-0.000534861,0.000588005,0,1
49.582,9.85424,0.89875,9.85307,0.656709,9.86013,0.908105,-3.13256,0.0297726,-5.21997e-06,-7.71748e-07,0.00104926,-0.000540778,0.000591543,0,1
49.602,9.84424,0.898756,9.84313,0.656983,9.85018,0.908015,-3.1329,0.0298015,-5.00055e-06,-7.19303e-07,0.00106008,-0.000547242,0.000595089,0,1
49.622,9.83424,0.898762,9.83342,0.657248,9.84048,0.907931,-3.13197,0.0298291,-4.80038e-06,-6.69743e-07,0.00107076,-0.000553605,0.000598645,0,1
49.642,9.82424,0.898768,9.82366,0.657513,9.83071,0.908002,-3.13301,0.029857,-4.44736e-06,-6.78131e-07,0.00104125,-0.000534497,0.000583882,0,1
49.662,9.81424,0.898775,9.81357,0.657795,9.82062,0.907915,-3.1334,0.0298866,-4.2327e-06,-6.28113e-07,0.0010521,-0.000540963,0.000587411,0,1
49.682,9.80424,0.898781,9.80358,0.658072,9.81062,0.907833,-3.13274,0.0299158,-4.03249e-06,-5.80519e-07,0.00106297,-0.000547416,0.000590948,0,1
49.702,9.79424,0.898787,9.79407,0.658331,9.80111,0.907749,-3.13252,0.0299424,-3.8382e-06,-5.31201e-07,0.00107344,-0.000553625,0.000594494,0,1
49.722,9.78424,0.898793,9.78383,0.658616,9.79087,0.907656,-3.13384,0.0299728,-3.60854e-06,-4.76375e-07,0.00108484,-0.000560306,0.000598048,0,1
49.742,9.77424,0.898799,9.77425,0.658888,9.78128,0.907726,-3.13351,0.0299998,-3.33715e-06,-4.81643e-07,0.00105424,-0.000540594,0.000583108,0,1
49.762,9.76424,0.898805,9.76458,0.659154,9.77161,0.907648,-3.13256,0.0300272,-3.15372e-06,-4.36377e-07,0.00106475,-0.000546813,0.000586635,0,1
49.782,9.75424,0.898811,9.75476,0.659421,9.76178,0.907559,-3.13267,0.0300554,-2.94351e-06,-3.84549e-07,0.00107556,-0.000553166,0.000590171,0,1
49.802,9.74424,0.898817,9.74404,0.659712,9.75106,0.907464,-3.13263,0.0300886,-2.69696e-06,-3.28272e-07,0.00108748,-0.000560088,0.000593715,0,1
49.822,9.73424,0.898823,9.73411,0.659977,9.74113,0.907566,-3.13186,0.0301174,-2.41171e-06,-3.13919e-07,0.00105709,-0.000540568,0.000578914,0,1
49.842,9.72424,0.898829,9.72451,0.660235,9.73153,0.907473,-3.1331,0.0301445,-2.19637e-06,-2.59866e-07,0.00106753,-0.000546709,0.000582432,0,1
49.862,9.71424,0.898835,9.71453,0.66051,9.72155,0.907388,-3.1334,0.0301735,-1.99385e-06,-2.10489e-07,0.0010785,-0.000553111,0.000585958,0,1
49.882,9.70424,0.898841,9.70449,0.660789,9.7115,0.907306,-3.1333,0.030203,-1.79661e-06,-1.6217e-07,0.00108968,-0.000559597,0.000589493,0,1
49.902,9.69424,0.898847,9.69465,0.661068,9.70166,0.907224,-3.13471,0.0302313,-1.6065e-06,-1.13945e-07,0.00110076,-0.000566002,0.000593036,0,1
49.922,9.68424,0.898852,9.68422,0.661373,9.69122,0.907152,-3.13496,0.0302628,-1.42912e-06,-7.11491e-08,0.00111264,-0.000572803,0.000596588,0,1
49.942,9.67424,0.898858,9.67417,0.661669,9.68116,0.907242,-3.1354,0.0302923,-1.23023e-06,-5.4307e-08,0.00108074,-0.000552391,0.000581319,0,1
49.962,9.66424,0.898864,9.66417,0.661968,9.67116,0.907181,-3.13579,0.0303215,-1.08376e-06,-1.80633e-08,0.00109184,-0.0005588,0.000584843,0,1
49.982,9.65424,0.89887,9.65379,0.662275,9.66078,0.90712,-3.1349,0.0303527,-9.3633e-07,1.74593e-08,0.00110351,-0.000565475,0.000588376,0,1
50.002,9.64424,0.898875,9.64347,0.662573,9.65046,0.907051,-3.13441,0.0303837,-7.68732e-07,5.85093e-08,0.00111525,-0.000572165,0.000591917,0,1
50.022,9.63424,0.898881,9.63333,0.662863,9.64032,0.907154,-3.13458,0.0304136,-5.73517e-07,8.68824e-08,0.00108329,-0.000551816,0.000576811,0,1
50.042,9.62424,0.898886,9.62333,0.663148,9.63031,0.907084,-3.13417,0.0304428,-4.08587e-07,1.27847e-07,0.0010944,-0.000558186,0.000580324,0,1
50.062,9.61424,0.898892,9.61369,0.663419,9.62067,0.907012,-3.1339,0.03047,-2.47936e-07,1.69882e-07,0.00110522,-0.000564383,0.000583847,0,1
50.082,9.60424,0.898898,9.60443,0.663679,9.6114,0.906941,-3.13403,0.0304954,-9.53662e-08,2.12036e-07,0.00111573,-0.000570404,0.000587377,0,1
50.102,9.59424,0.898903,9.59481,0.663949,9.60177,0.906868,-3.13386,0.0305226,6.62437e-08,2.55412e-07,0.00112677,-0.00057668,0.000590917,0,1
50.122,9.58424,0.898909,9.58479,0.66423,9.59175,0.906791,-3.13398,0.0305518,2.45018e-07,3.01902e-07,0.00113839,-0.000583228,0.000594465,0,1
50.142,9.57424,0.898914,9.57573,0.664483,9.58269,0.906871,-3.13382,0.0305761,3.8298e-07,3.40496e-07,0.00110367,-0.000561383,0.000578944,0,1
50.162,9.56424,0.89892,9.56526,0.664776,9.57221,0.90679,-3.13425,0.0306079,5.80418e-07,3.88445e-07,0.00111551,-0.000568059,0.000582464,0,1
50.182,9.55424,0.898925,9.5549,0.665075,9.56185,0.906714,-3.13541,0.0306391,7.61526e-07,4.33631e-07,0.00112734,-0.000574712,0.000585992,0,1
50.202,9.54424,0.898931,9.54508,0.665363,9.55202,0.906653,-3.13528,0.0306673,8.96582e-07,4.70132e-07,0.0011387,-0.000581095,0.000589528,0,1
50.222,9.53424,0.898936,9.53501,0.665651,9.54195,0.906723,-3.13417,0.0306969,1.01943e-06,5.13214e-07,0.00110513,-0.000559958,0.000574224,0,1
50.242,9.52424,0.898941,9.52452,0.66594,9.53146,0.906646,-3.13328,0.0307287,1.20642e-06,5.58919e-07,0.00111694,-0.000566589,0.000577732,0,1
50.262,9.51424,0.898947,9.5146,0.666209,9.52154,0.906563,-3.13324,0.0307575,1.39262e-06,6.07631e-07,0.00112824,-0.000572939,0.00058125,0,1
50.282,9.50424,0.898952,9.5046,0.666481,9.51153,0.90648,-3.13346,0.0307867,1.58198e-06,6.5734e-07,0.00113977,-0.000579378,0.000584775,0,1
50.302,9.49424,0.898957,9.49383,0.666778,9.50076,0.906392,-3.134,0.0308201,1.79587e-06,7.09774e-07,0.00115232,-0.000586308,0.000588309,0,1
50.322,9.48424,0.898963,9.48376,0.667056,9.49069,0.906515,-3.13364,0.0308497,1.92049e-06,7.70759e-07,0.00111785,-0.000564729,0.000572882,0,1
50.342,9.47424,0.898968,9.47384,0.667332,9.48076,0.906436,-3.13455,0.0308785,2.09653e-06,8.17305e-07,0.00112911,-0.00057103,0.000576388,0,1
50.362,9.46424,0.898973,9.46352,0.667625,9.47044,0.906363,-3.13502,0.0309094,2.26384e-06,8.6058e-07,0.00114096,-0.000577599,0.000579903,0,1
50.382,9.45424,0.898978,9.45334,0.667915,9.46025,0.906296,-3.13435,0.0309396,2.41432e-06,9.00823e-07,0.00115279,-0.000584138,0.000583426,0,1
50.402,9.44424,0.898983,9.44385,0.668184,9.45076,0.906228,-3.13514,0.030966,2.55701e-06,9.42421e-07,0.00116393,-0.000590312,0.000586957,0,1
50.422,9.43424,0.898989,9.4337,0.668476,9.44061,0.906162,-3.13498,0.030996,2.7019e-06,9.82404e-07,0.00117599,-0.000596918,0.000590497,0,1
50.442,9.42424,0.898994,9.42468,0.668734,9.43158,0.906319,-3.13498,0.0310202,2.74401e-06,1.0451e-06,0.00113869,-0.000573864,0.000574674,0,1
50.462,9.41424,0.898999,9.41481,0.669014,9.42171,0.906253,-3.13455,0.0310487,2.88422e-06,1.08428e-06,0.00115008,-0.000580164,0.000578185,0,1
50.482,9.40424,0.899004,9.4046,0.669305,9.41149,0.906181,-3.13551,0.031079,3.04445e-06,1.12755e-06,0.00116199,-0.000586703,0.000581705,0,1
50.502,9.39424,0.899009,9.39431,0.669601,9.40121,0.906119,-3.13484,0.0311097,3.18279e-06,1.16573e-06,0.00117413,-0.000593329,0.000585233,0,1
50.522,9.38424,0.899014,9.38425,0.669887,9.39114,0.906051,-3.13495,0.0311393,3.32969e-06,1.20732e-06,0.00118613,-0.00059987,0.000588769,0,1
50.542,9.37424,0.899019,9.37409,0.670174,9.38098,0.906204,-3.13466,0.0311693,3.38517e-06,1.28137e-06,0.00114945,-0.000577176,0.000572907,0,1
50.562,9.36424,0.899024,9.36441,0.670452,9.37129,0.906137,-3.13592,0.0311968,3.52426e-06,1.32178e-06,0.00116069,-0.000583358,0.000576414,0,1
50.582,9.35424,0.899028,9.35458,0.670742,9.36146,0.906082,-3.13652,0.031225,3.63853e-06,1.35588e-06,0.00117221,-0.00058966,0.000579929,0,1
50.602,9.34424,0.899033,9.34524,0.671018,9.35211,0.906034,-3.13562,0.0312508,3.72839e-06,1.38543e-06,0.00118329,-0.000595728,0.000583454,0,1
50.622,9.33424,0.899038,9.33516,0.67131,9.34203,0.906124,-3.13579,0.0312804,3.75486e-06,1.45885e-06,0.00114675,-0.000573263,0.000567882,0,1
50.642,9.32424,0.899043,9.32558,0.671584,9.33244,0.906069,-3.13493,0.0313074,3.86532e-06,1.49261e-06,0.0011578,-0.000579334,0.000571378,0,1
50.662,9.31424,0.899048,9.315,0.671888,9.32186,0.905998,-3.13611,0.0313397,4.02404e-06,1.5351e-06,0.00117012,-0.000586013,0.000574882,0,1
50.682,9.30424,0.899053,9.30497,0.67219,9.31182,0.905943,-3.13757,0.0313691,4.13712e-06,1.56899e-06,0.00118194,-0.000592425,0.000578395,0,1
50.702,9.29424,0.899057,9.29484,0.672502,9.30169,0.905902,-3.13743,0.031399,4.21705e-06,1.59483e-06,0.00119401,-0.000598935,0.000581916,0,1
50.722,9.28424,0.899062,9.2845,0.672822,9.29135,0.906001,-3.13812,0.03143,4.1899e-06,1.66381e-06,0.00115704,-0.000576307,0.00056629,0,1
50.742,9.27424,0.899067,9.27473,0.67313,9.28158,0.905967,-3.13856,0.031458,4.25105e-06,1.68542e-06,0.00116836,-0.000582473,0.000569783,0,1
50.762,9.26424,0.899072,9.26405,0.673474,9.27088,0.905935,-3.13952,0.031491,4.31403e-06,1.70627e-06,0.00118088,-0.000589204,0.000573284,0,1
50.782,9.25424,0.899076,9.25399,0.673807,9.26082,0.905914,-3.14039,0.0315205,4.34565e-06,1.72064e-06,0.00119279,-0.000595619,0.000576793,0,1
50.802,9.24424,0.899081,9.24407,0.674143,9.25089,0.905902,-3.14098,0.0315493,4.35594e-06,1.72993e-06,0.00120468,-0.000601999,0.000580311,0,1
50.822,9.23424,0.899085,9.23382,0.674496,9.24064,0.905982,3.14149,0.0315798,4.23618e-06,1.77916e-06,0.00116687,-0.000579019,0.000564638,0,1
50.842,9.22424,0.89909,9.22371,0.674849,9.23052,0.905983,3.14125,0.0316096,4.21571e-06,1.78103e-06,0.00117865,-0.000585367,0.000568127,0,1
50.862,9.21424,0.899095,9.21425,0.675181,9.22106,0.905986,3.14121,0.0316359,4.19177e-06,1.78164e-06,0.00118978,-0.000591385,0.000571624,0,1
50.882,9.20424,0.899099,9.20425,0.675533,9.21105,0.90599,3.1409,0.0316651,4.16501e-06,1.78189e-06,0.00120167,-0.000597756,0.00057513,0,1
50.902,9.19424,0.899104,9.19431,0.675885,9.20111,0.905997,3.1408,0.031694,4.13153e-06,1.78039e-06,0.00121362,-0.000604131,0.000578645,0,1
50.922,9.18424,0.899108,9.18401,0.676249,9.1908,0.906034,3.14113,0.0317249,3.98479e-06,1.81762e-06,0.00117527,-0.000580951,0.000562955,0,1
50.942,9.17424,0.899113,9.17452,0.676584,9.1813,0.906039,3.14099,0.0317514,3.95779e-06,1.81761e-06,0.00118635,-0.000586934,0.00056644,0,1
50.962,9.16424,0.899117,9.16432,0.676936,9.1711,0.906045,-3.14069,0.0317816,3.92457e-06,1.81657e-06,0.00119838,-0.000593355,0.000569934,0,1
50.982,9.15424,0.899122,9.15447,0.677268,9.16124,0.906036,-3.14056,0.03181,3.92697e-06,1.82412e-06,0.00121014,-0.000599625,0.000573437,0,1
51.002,9.14424,0.899126,9.14404,0.677616,9.15081,0.906025,-3.13991,0.0318416,3.93403e-06,1.83279e-06,0.00122271,-0.00060627,0.000576948,0,1
51.022,9.13424,0.899131,9.13464,0.677928,9.1414,0.906075,-3.14039,0.0318676,3.84846e-06,1.87945e-06,0.00118269,-0.000582352,0.000561241,0,1
51.042,9.12424,0.899135,9.12499,0.678245,9.13174,0.906064,-3.13917,0.031895,3.85634e-06,1.88849e-06,0.00119399,-0.000588409,0.000564724,0,1
51.062,9.11424,0.899139,9.11478,0.678571,9.12153,0.906039,-3.1386,0.0319253,3.89574e-06,1.905e-06,0.00120607,-0.000594826,0.000568214,0,1
51.082,9.10424,0.899144,9.10523,0.678878,9.11197,0.906011,-3.13969,0.0319521,3.94068e-06,1.92384e-06,0.00121749,-0.00060091,0.000571713,0,1
51.102,9.09424,0.899148,9.09513,0.679209,9.10187,0.905991,-3.13977,0.0319818,3.966e-06,1.93739e-06,0.00122969,-0.000607347,0.00057522,0,1
51.122,9.08424,0.899152,9.08445,0.679554,9.09118,0.90606,-3.13883,0.0320148,3.89071e-06,1.98519e-06,0.00119068,-0.000583988,0.000559532,0,1
51.142,9.07424,0.899157,9.07438,0.679873,9.08111,0.906032,-3.1385,0.0320443,3.93606e-06,2.00344e-06,0.0012025,-0.000590266,0.000563011,0,1
51.162,9.06424,0.899161,9.0644,0.680186,9.07112,0.906002,-3.1382,0.0320735,3.98755e-06,2.02348e-06,0.00121435,-0.000596541,0.000566498,0,1
51.182,9.05424,0.899165,9.05485,0.680484,9.06157,0.905969,-3.13838,0.0321002,4.03969e-06,2.04456e-06,0.00122579,-0.000602608,0.000569993,0,1
51.202,9.04424,0.899169,9.04464,0.680807,9.05136,0.905936,-3.13888,0.0321306,4.09625e-06,2.06599e-06,0.00123816,-0.000609093,0.000573497,0,1
51.222,9.03424,0.899173,9.03461,0.681123,9.04132,0.905909,-3.13807,0.0321599,4.13855e-06,2.08438e-06,0.00125045,-0.000615524,0.00057701,0,1
51.242,9.02424,0.899178,9.02417,0.681448,9.03088,0.906061,-3.13846,0.0321915,4.09624e-06,2.14296e-06,0.00120966,-0.000591288,0.000561007,0,1
51.262,9.01424,0.899182,9.01415,0.681763,9.02085,0.90603,-3.13866,0.0322208,4.14784e-06,2.16341e-06,0.00122157,-0.000597566,0.00056449,0,1
51.282,9.00424,0.899186,9.00405,0.682081,9.01075,0.906,-3.13847,0.0322505,4.19533e-06,2.183e-06,0.00123371,-0.000603928,0.000567981,0,1
51.302,8.99424,0.89919,8.99417,0.682389,9.00086,0.905969,-3.13817,0.0322791,4.2441e-06,2.20341e-06,0.00124571,-0.000610213,0.000571481,0,1
51.322,8.98424,0.899194,8.98369,0.682715,8.99038,0.905933,-3.13828,0.0323109,4.30783e-06,2.22682e-06,0.00125856,-0.000616877,0.000574989,0,1
51.342,8.97424,0.899198,8.97285,0.683043,8.97953,0.905897,-3.13661,0.0323449,4.37357e-06,2.25039e-06,0.00127202,-0.000623798,0.000578506,0,1
51.362,8.96424,0.899202,8.96228,0.683356,8.96896,0.90602,-3.13694,0.0323772,4.36164e-06,2.32016e-06,0.00122981,-0.000598873,0.000562192,0,1
51.382,8.95424,0.899206,8.95261,0.68365,8.95928,0.905975,-3.13841,0.0324046,4.43965e-06,2.34851e-06,0.00124145,-0.000604972,0.000565679,0,1
51.402,8.94424,0.89921,8.94239,0.683962,8.94906,0.905943,-3.13718,0.032435,4.49237e-06,2.36995e-06,0.00125388,-0.000611423,0.000569173,0,1
51.422,8.93424,0.899214,8.93293,0.684244,8.9396,0.906058,-3.13714,0.0324613,4.44429e-06,2.4328e-06,0.00121175,-0.000586844,0.000553536,0,1
51.442,8.92424,0.899218,8.92326,0.684532,8.92992,0.906015,-3.13705,0.0324888,4.51752e-06,2.45981e-06,0.00122317,-0.000592851,0.000557002,0,1
51.462,8.91424,0.899222,8.91354,0.68482,8.92019,0.90597,-3.13708,0.0325164,4.59296e-06,2.4876e-06,0.00123475,-0.00059892,0.000560476,0,1
51.482,8.90424,0.899226,8.90277,0.685138,8.90942,0.905922,-3.13664,0.0325499,4.68789e-06,2.51808e-06,0.00124772,-0.000605619,0.000563959,0,1
51.502,8.89424,0.89923,8.89224,0.685446,8.89889,0.90587,-3.13655,0.032582,4.78844e-06,2.55074e-06,0.00126054,-0.00061223,0.00056745,0,1
51.522,8.88424,0.899234,8.8826,0.685725,8.88924,0.905821,-3.13609,0.0326093,4.87132e-06,2.58163e-06,0.0012724,-0.00061838,0.00057095,0,1
51.542,8.87424,0.899237,8.8727,0.686011,8.87933,0.905863,-3.13647,0.032638,4.84237e-06,2.65558e-06,0.00122945,-0.000593399,0.000555038,0,1
51.562,8.86424,0.899241,8.8624,0.68631,8.86903,0.90581,-3.13663,0.0326688,4.94114e-06,2.68826e-06,0.00124173,-0.000599771,0.000558508,0,1
51.582,8.85424,0.899245,8.85238,0.686603,8.85901,0.90576,-3.13683,0.0326981,5.02963e-06,2.71952e-06,0.00125382,-0.000606036,0.000561986,0,1
51.602,8.84424,0.899249,8.8425,0.686893,8.84912,0.905713,-3.13684,0.0327266,5.10995e-06,2.74947e-06,0.00126586,-0.000612261,0.000565474,0,1
51.622,8.83424,0.899253,8.83289,0.687176,8.83951,0.905765,-3.13706,0.0327537,5.05198e-06,2.81951e-06,0.00122308,-0.000587557,0.000549919,0,1
51.642,8.82424,0.899256,8.82301,0.687462,8.82962,0.90572,-3.13599,0.0327823,5.12697e-06,2.84774e-06,0.00123476,-0.000593645,0.000553378,0,1
51.662,8.81424,0.89926,8.81341,0.687727,8.82003,0.905666,-3.1344,0.0328093,5.21884e-06,2.88111e-06,0.0012462,-0.00059961,0.000556845,0,1
51.682,8.80424,0.899264,8.80329,0.688001,8.8099,0.905593,-3.13494,0.0328392,5.36036e-06,2.92536e-06,0.00125841,-0.000605913,0.00056032,0,1
51.702,8.79424,0.899268,8.79396,0.688258,8.80057,0.905531,-3.13531,0.0328648,5.46576e-06,2.96384e-06,0.00126976,-0.000611811,0.000563804,0,1
51.722,8.78424,0.899271,8.7838,0.688535,8.7904,0.905467,-3.13433,0.0328949,5.58501e-06,3.0036e-06,0.00128226,-0.000618221,0.000567296,0,1
51.742,8.77424,0.899275,8.77389,0.688806,8.78048,0.905616,-3.13556,0.0329236,5.57148e-06,3.09267e-06,0.00123864,-0.00059312,0.000551499,0,1
51.762,8.76424,0.899279,8.76429,0.689073,8.77089,0.905559,-3.13552,0.0329506,5.67016e-06,3.12849e-06,0.00125008,-0.000599069,0.000554962,0,1
51.782,8.75424,0.899282,8.75443,0.689346,8.76102,0.905499,-3.1354,0.0329791,5.77592e-06,3.1657e-06,0.00126196,-0.000605209,0.000558433,0,1
51.802,8.74424,0.899286,8.74446,0.689618,8.75105,0.905437,-3.13466,0.0330081,5.88606e-06,3.20414e-06,0.00127408,-0.000611444,0.000561913,0,1
51.822,8.73424,0.89929,8.7344,0.689883,8.74099,0.905367,-3.13348,0.0330376,6.01538e-06,3.2474e-06,0.00128645,-0.000617778,0.000565401,0,1
51.842,8.72424,0.899293,8.72449,0.690142,8.73107,0.90548,-3.13449,0.0330663,6.00702e-06,3.34472e-06,0.00124253,-0.00059264,0.000549675,0,1
51.862,8.71424,0.899297,8.71404,0.690423,8.72062,0.905406,-3.13506,0.0330979,6.15255e-06,3.38973e-06,0.00125499,-0.000599043,0.000553134,0,1
51.882,8.70424,0.8993,8.70336,0.69072,8.70993,0.905336,-3.13635,0.0331309,6.28952e-06,3.43257e-06,0.00126786,-0.00060562,0.000556601,0,1
51.902,8.69424,0.899304,8.69338,0.690998,8.69995,0.905284,-3.13501,0.03316,6.37566e-06,3.46597e-06,0.00128001,-0.000611849,0.000560077,0,1
51.922,8.68424,0.899307,8.68397,0.691253,8.69054,0.905374,-3.13532,0.033186,6.30937e-06,3.55545e-06,0.00123603,-0.000586866,0.000544696,0,1
51.942,8.67424,0.899311,8.67427,0.691523,8.68083,0.905313,-3.13638,0.0332136,6.412e-06,3.59305e-06,0.00124747,-0.000592804,0.000548144,0,1
51.962,8.66424,0.899314,8.66371,0.691828,8.67027,0.905258,-3.13745,0.0332459,6.50932e-06,3.62768e-06,0.00126006,-0.00059925,0.0005516,0,1
51.982,8.65424,0.899318,8.65368,0.692126,8.66023,0.905217,-3.13804,0.0332753,6.5696e-06,3.65514e-06,0.00127215,-0.000605454,0.000555065,0,1
52.002,8.64424,0.899321,8.64376,0.692426,8.65031,0.905181,-3.13842,0.033304,6.61372e-06,3.67918e-06,0.00128421,-0.00061163,0.000558538,0,1
52.022,8.63424,0.899325,8.63422,0.692718,8.64077,0.905151,-3.13882,0.0333308,6.64473e-06,3.70061e-06,0.00129594,-0.000617639,0.000562019,0,1
52.042,8.62424,0.899328,8.62437,0.69302,8.63091,0.905284,-3.13872,0.0333592,6.49459e-06,3.7734e-06,0.0012513,-0.00059235,0.000546398,0,1
52.062,8.61424,0.899331,8.61351,0.693351,8.62004,0.905253,-3.13846,0.0333932,6.53257e-06,3.79506e-06,0.00126425,-0.000598946,0.00054985,0,1
52.082,8.60424,0.899335,8.60271,0.693674,8.60924,0.905219,-3.13763,0.0334269,6.57643e-06,3.81828e-06,0.00127725,-0.000605552,0.000553311,0,1
52.102,8.59424,0.899338,8.59271,0.693966,8.59924,0.905179,-3.13709,0.033456,6.62963e-06,3.84489e-06,0.00128942,-0.000611759,0.000556781,0,1
52.122,8.58424,0.899341,8.58172,0.69428,8.58824,0.905314,-3.13656,0.0334908,6.54084e-06,3.92646e-06,0.00124665,-0.000587511,0.0005415,0,1
52.142,8.57424,0.899345,8.57175,0.694567,8.57827,0.905264,-3.13753,0.0335198,6.6178e-06,3.9584e-06,0.00125842,-0.000593561,0.000544941,0,1
52.162,8.56424,0.899348,8.56157,0.694867,8.56808,0.905223,-3.13782,0.03355,6.67536e-06,3.98578e-06,0.00127057,-0.000599772,0.000548391,0,1
52.182,8.55424,0.899351,8.55216,0.695144,8.55867,0.905187,-3.13756,0.0335761,6.71473e-06,4.01009e-06,0.00128192,-0.000605602,0.000551849,0,1
52.202,8.54424,0.899354,8.54243,0.695423,8.54894,0.905148,-3.13649,0.0336038,6.76353e-06,4.03662e-06,0.00129375,-0.000611644,0.000555316,0,1
52.222,8.53424,0.899358,8.53191,0.695725,8.53841,0.905094,-3.13739,0.0336359,6.85149e-06,4.07134e-06,0.0013067,-0.000618172,0.000558791,0,1
52.242,8.52424,0.899361,8.52214,0.69601,8.52864,0.905214,-3.1377,0.0336638,6.72544e-06,4.14996e-06,0.0012612,-0.000592659,0.000543247,0,1
52.262,8.51424,0.899364,8.5124,0.696294,8.5189,0.905176,-3.1374,0.0336916,6.77044e-06,4.17556e-06,0.00127279,-0.000598607,0.000546694,0,1
52.282,8.50424,0.899367,8.50208,0.696599,8.50857,0.905132,-3.13847,0.0337226,6.83103e-06,4.2043e-06,0.00128522,-0.000604918,0.000550148,0,1
52.302,8.49424,0.89937,8.49219,0.696893,8.49868,0.905102,-3.13789,0.0337511,6.85987e-06,4.22636e-06,0.00129724,-0.000611033,0.000553611,0,1
52.322,8.48424,0.899374,8.4825,0.697186,8.48898,0.905228,-3.13928,0.0337787,6.72383e-06,4.29924e-06,0.00125241,-0.000586022,0.000538447,0,1
52.342,8.47424,0.899377,8.4725,0.697493,8.47898,0.905205,-3.1393,0.0338079,6.73467e-06,4.31685e-06,0.00126419,-0.000592058,0.000541882,0,1
52.362,8.46424,0.89938,8.46244,0.697807,8.46891,0.905182,-3.1401,0.0338374,6.74503e-06,4.3345e-06,0.00127617,-0.000598173,0.000545325,0,1
52.382,8.45424,0.899383,8.45214,0.698133,8.4586,0.905167,-3.1402,0.0338682,6.73704e-06,4.34805e-06,0.00128856,-0.000604458,0.000548777,0,1
52.402,8.44424,0.899386,8.44209,0.698452,8.44855,0.905153,-3.14037,0.0338977,6.72579e-06,4.36091e-06,0.00130076,-0.000610646,0.000552238,0,1
52.422,8.43424,0.899389,8.43227,0.698761,8.43873,0.905256,-3.13954,0.0339259,6.5415e-06,4.41709e-06,0.00125584,-0.000585673,0.000537126,0,1
52.442,8.42424,0.899392,8.42313,0.699046,8.42958,0.905237,-3.14004,0.0339506,6.54081e-06,4.43242e-06,0.0012666,-0.000591237,0.000540558,0,1
52.462,8.41424,0.899395,8.41297,0.699368,8.41942,0.905222,-3.14047,0.0339807,6.53301e-06,4.4462e-06,0.00127867,-0.000597387,0.000544,0,1
52.482,8.40424,0.899398,8.40235,0.699706,8.4088,0.90521,-3.14043,0.0340133,6.51521e-06,4.45794e-06,0.00129143,-0.000603832,0.000547449,0,1
52.502,8.39424,0.899401,8.39185,0.700044,8.39829,0.905198,-3.14108,0.0340453,6.49797e-06,4.46987e-06,0.00130418,-0.000610259,0.000550907,0,1
52.522,8.38424,0.899405,8.38225,0.700357,8.38868,0.905288,-3.14131,0.0340723,6.30693e-06,4.5171e-06,0.00125877,-0.000585146,0.000535846,0,1
52.542,8.37424,0.899408,8.37254,0.700677,8.37896,0.905285,3.14131,0.0341,6.26921e-06,4.52386e-06,0.00127019,-0.000591001,0.000539276,0,1
52.562,8.36424,0.899411,8.36278,0.701,8.3692,0.905288,3.14143,0.0341279,6.21882e-06,4.52766e-06,0.00128178,-0.000596922,0.000542715,0,1
52.582,8.35424,0.899413,8.35295,0.701326,8.35936,0.905289,3.14139,0.0341562,6.17057e-06,4.53207e-06,0.00129358,-0.000602926,0.000546162,0,1
52.602,8.34424,0.899416,8.34265,0.701668,8.34906,0.905291,3.1412,0.034187,6.11896e-06,4.53624e-06,0.00130606,-0.000609226,0.000549618,0,1
52.622,8.33424,0.899419,8.33237,0.70201,8.33877,0.905295,3.14133,0.0342177,6.06275e-06,4.53932e-06,0.00131866,-0.000615561,0.000553081,0,1
52.642,8.32424,0.899422,8.32209,0.702355,8.32849,0.905431,3.14059,0.0342484,5.86525e-06,4.57476e-06,0.00127295,-0.000590298,0.000537791,0,1
52.662,8.31424,0.899425,8.31163,0.702717,8.31802,0.905442,3.13897,0.0342802,5.79178e-06,4.57441e-06,0.00128536,-0.000596585,0.000541226,0,1
52.682,8.30424,0.899428,8.30204,0.70306,8.30843,0.905467,3.13855,0.0343072,5.69216e-06,4.56607e-06,0.00129686,-0.000602442,0.00054467,0,1
52.702,8.29424,0.899431,8.2927,0.703397,8.29908,0.905495,3.13825,0.0343329,5.58835e-06,4.55582e-06,0.00130817,-0.000608205,0.000548123,0,1
52.722,8.28424,0.899434,8.28272,0.703763,8.28909,0.905525,3.13739,0.034362,5.34073e-06,4.56674e-06,0.00126295,-0.000583351,0.000533209,0,1
52.742,8.27424,0.899437,8.27249,0.704142,8.27886,0.905568,3.1373,0.0343925,5.19142e-06,4.54903e-06,0.00127495,-0.000589459,0.000536634,0,1
52.762,8.26424,0.89944,8.26253,0.704512,8.26889,0.905611,3.13737,0.0344214,5.04722e-06,4.53128e-06,0.00128676,-0.000595463,0.000540067,0,1
52.782,8.25424,0.899442,8.25241,0.704899,8.25876,0.905654,3.13527,0.0344513,4.90089e-06,4.51333e-06,0.00129888,-0.000601599,0.000543509,0,1
52.802,8.24424,0.899445,8.24272,0.70528,8.24907,0.905715,3.13498,0.0344788,4.72041e-06,4.48516e-06,0.00131059,-0.000607538,0.000546959,0,1
52.822,8.23424,0.899448,8.2328,0.705675,8.23914,0.905769,3.13429,0.0345076,4.42974e-06,4.46581e-06,0.00126514,-0.000582655,0.0005321,0,1
52.842,8.22424,0.899451,8.22269,0.706084,8.22902,0.905843,3.13385,0.0345374,4.21019e-06,4.43148e-06,0.00127699,-0.00058869,0.000535523,0,1
52.862,8.21424,0.899453,8.21248,0.706502,8.2188,0.905922,3.13334,0.0345678,3.97691e-06,4.39406e-06,0.00128908,-0.000594819,0.000538955,0,1
52.882,8.20424,0.899456,8.2025,0.706913,8.20881,0.906004,3.13329,0.0345968,3.74259e-06,4.35456e-06,0.00130102,-0.000600864,0.000542395,0,1
52.902,8.19424,0.899459,8.19265,0.707315,8.19896,0.906086,3.13414,0.0346252,3.51343e-06,4.31498e-06,0.00131292,-0.000606882,0.000545843,0,1
52.922,8.18424,0.899462,8.18204,0.707743,8.18834,0.906165,3.13429,0.0346578,3.27315e-06,4.27656e-06,0.00132587,-0.000613356,0.000549299,0,1
52.942,8.17424,0.899464,8.17198,0.708152,7.81745,0.906158,3.13336,0.0174436,1.42726e-06,2.10698e-06,0.00127943,-0.000588001,0.00053419,14953.1,0
52.962,8.16424,0.899467,8.16193,0.708565,7.80739,0.906241,3.13361,0.0174731,1.21262e-06,2.06504e-06,0.00129131,-0.00059403,0.000537619,14953.1,0
52.982,8.15424,0.89947,8.15202,0.708966,7.79747,0.90632,3.13439,0.0175018,1.0104e-06,2.0247e-06,0.00130315,-0.000600025,0.000541056,14953.1,0
53.002,8.14424,0.899472,8.14168,0.709378,7.78712,0.906394,3.13497,0.0175328,8.1072e-07,1.98653e-06,0.00131563,-0.000606296,0.000544502,14953.1,0
53.022,8.13424,0.899475,8.13163,0.709772,7.66852,0.9064,3.13575,0.0117107,3.74068e-07,1.27909e-06,0.00126998,-0.000581477,0.000529753,14952.8,0
53.042,8.12424,0.899478,8.12217,0.710139,7.65905,0.906455,3.13591,0.0117371,2.40297e-07,1.2511e-06,0.00128104,-0.000587141,0.000533172,14952.8,0
53.062,8.11424,0.89948,8.11247,0.710515,7.64935,0.90651,3.13562,0.0117647,1.03864e-07,1.22297e-06,0.00129249,-0.000592972,0.000536598,14952.8,0
53.082,8.10424,0.899483,8.10278,0.710895,7.63965,0.906568,3.13506,0.0117922,-3.77129e-08,1.19318e-06,0.00130404,-0.000598836,0.000540034,14952.8,0
53.102,8.09424,0.899486,8.09233,0.711312,7.62919,0.906636,3.13426,0.0118239,-2.15853e-07,1.1575e-06,0.00131663,-0.000605154,0.000543477,14952.8,0
53.122,8.08424,0.899488,8.08208,0.711722,7.61893,0.906712,3.13487,0.0118545,-4.05992e-07,1.11778e-06,0.00132911,-0.000611408,0.00054693,14952.8,0
53.142,8.07424,0.899491,8.07241,0.712098,7.67061,0.906714,3.13662,0.00888264,-4.31493e-07,7.84026e-07,0.00128199,-0.000585904,0.000531952,29993.7,0
53.162,8.06424,0.899493,8.06274,0.712459,7.66093,0.906762,3.1379,0.00891011,-5.4733e-07,7.5915e-07,0.00129339,-0.000591709,0.000535376,29993.7,0
53.182,8.05424,0.899496,8.05284,0.712825,7.65103,0.906799,3.13737,0.00893874,-6.38779e-07,7.40303e-07,0.00130516,-0.000597672,0.000538809,29993.7,0
53.202,8.04424,0.899498,8.04329,0.713186,7.64147,0.906839,3.13623,0.00896558,-7.34841e-07,7.19257e-07,0.00131664,-0.000603491,0.000542251,29993.7,0
53.222,8.03424,0.899501,8.0332,0.713575,7.63138,0.906893,3.1358,0.00899522,-8.68148e-07,6.90576e-07,0.00132887,-0.000609637,0.0005457,64970,0
53.242,8.02424,0.899503,8.0233,0.713962,7.67434,0.907007,3.13519,0.00718478,-7.94996e-07,4.99755e-07,0.00128208,-0.000584363,0.000530815,64970,0
53.262,8.01424,0.899506,8.01333,0.714356,7.66436,0.907071,3.13505,0.0072138,-9.48112e-07,4.66283e-07,0.00129379,-0.000590311,0.000534237,64970,0
53.282,8.00424,0.899508,8.00358,0.714743,7.6546,0.907135,3.13474,0.00724167,-1.09699e-06,4.32544e-07,0.00130536,-0.000596184,0.000537668,64970,0
53.302,7.99424,0.899511,7.9937,0.715131,7.64472,0.907202,3.13574,0.0072702,-1.25613e-06,3.96436e-07,0.0013172,-0.000602164,0.000541107,64970,0
53.322,7.98424,0.899513,7.98361,0.715515,7.67106,0.907271,3.13735,0.00604949,-1.14032e-06,2.75597e-07,0.00127155,-0.000577573,0.000526587,74923.9,0
53.342,7.97424,0.899516,7.97329,0.715904,7.66074,0.907314,3.13623,0.00608043,-1.2488e-06,2.52724e-07,0.00128354,-0.000583656,0.00053,74923.9,0
53.362,7.96424,0.899518,7.96288,0.716301,7.65032,0.90737,3.13662,0.00611189,-1.38728e-06,2.23237e-07,0.00129576,-0.00058983,0.000533421,74923.9,0
53.382,7.95424,0.899521,7.95334,0.716661,7.64078,0.907418,3.13703,0.00613863,-1.49407e-06,1.98045e-07,0.00130706,-0.00059558,0.00053685,74923.9,0
53.402,7.94424,0.899523,7.94344,0.717032,7.63087,0.907463,3.13717,0.00616732,-1.59982e-06,1.73815e-07,0.00131892,-0.000601568,0.000540288,74923.9,0
53.422,7.93424,0.899526,7.93381,0.717387,7.64955,0.907579,3.13828,0.00527061,-1.40687e-06,1.00858e-07,0.00127262,-0.000576741,0.000525811,84831.8,0
53.442,7.92424,0.899528,7.92326,0.717772,7.639,0.907614,3.13769,0.00530287,-1.4944e-06,8.24452e-08,0.00128486,-0.000582938,0.000529222,84831.8,0
53.462,7.91424,0.89953,7.9141,0.718105,7.62983,0.907649,3.13863,0.00532768,-1.57088e-06,6.34923e-08,0.00129559,-0.000588438,0.000532641,84831.8,0
53.482,7.90424,0.899533,7.90519,0.718423,7.62091,0.907676,3.13902,0.0053513,-1.6258e-06,4.93346e-08,0.00130613,-0.000593848,0.000536069,84831.8,0
53.502,7.89424,0.899535,7.89534,0.718771,7.61106,0.907701,3.13915,0.00537968,-1.6841e-06,3.56584e-08,0.00131788,-0.000599796,0.000539505,84831.8,0
53.522,7.88424,0.899537,7.88507,0.719134,7.60078,0.907726,3.13922,0.00541036,-1.74414e-06,2.20241e-08,0.00133027,-0.000606013,0.00054295,84831.8,0
53.542,7.87424,0.89954,7.87488,0.719494,7.6144,0.907806,3.13893,0.00471619,-1.51418e-06,-1.91246e-08,0.00128375,-0.000581061,0.00052826,94676.5,0
53.562,7.86424,0.899542,7.8646,0.719863,7.60411,0.907833,3.13808,0.00474691,-1.57975e-06,-3.37548e-08,0.00129575,-0.000587144,0.000531678,94676.5,0
53.582,7.85424,0.899544,7.85371,0.720255,7.59321,0.907872,3.13886,0.00478115,-1.6771e-06,-5.43301e-08,0.00130862,-0.0005936,0.000535104,94676.5,0
53.602,7.84424,0.899547,7.84401,0.720601,7.5835,0.907898,3.13876,0.00480875,-1.73612e-06,-6.87295e-08,0.00132019,-0.000599459,0.000538538,94676.5,0
53.622,7.83424,0.899549,7.83421,0.720948,7.59213,0.908029,3.13919,0.00425599,-1.53673e-06,-9.93877e-08,0.00127402,-0.000574817,0.000524178,99558.7,0
53.642,7.82424,0.899551,7.8243,0.721298,7.58222,0.908053,3.13873,0.00428467,-1.59092e-06,-1.12124e-07,0.00128547,-0.000580656,0.000527587,99558.7,0
53.662,7.81424,0.899553,7.81425,0.721659,7.57216,0.908082,3.13822,0.00431415,-1.6573e-06,-1.27576e-07,0.00129721,-0.000586613,0.000531003,99558.7,0
53.682,7.80424,0.899556,7.80456,0.722006,7.56246,0.908115,3.13897,0.00434168,-1.72965e-06,-1.45239e-07,0.00130863,-0.000592418,0.000534428,99558.7,0
53.702,7.79424,0.899558,7.79442,0.722368,7.55232,0.908141,3.13831,0.00437163,-1.79077e-06,-1.59754e-07,0.0013207,-0.000598504,0.000537861,99558.7,0
53.722,7.78424,0.89956,7.78471,0.72272,7.55775,0.908183,3.13782,0.00391387,-1.60735e-06,-1.82588e-07,0.00127441,-0.00057386,0.000523551,109205,0
53.742,7.77424,0.899562,7.77445,0.723096,7.54748,0.908222,3.1375,0.00394449,-1.69851e-06,-2.03203e-07,0.00128625,-0.000579878,0.000526958,109205,0
53.762,7.76424,0.899564,7.76446,0.723469,7.53749,0.908263,3.13665,0.00397363,-1.79182e-06,-2.25137e-07,0.00129789,-0.000585796,0.000530374,109205,0
53.782,7.75424,0.899567,7.75478,0.723838,7.52779,0.908311,3.13583,0.00400117,-1.89742e-06,-2.50961e-07,0.0013093,-0.000591594,0.000533798,109205,0
53.802,7.74424,0.899569,7.74494,0.724222,7.51795,0.908368,3.13478,0.0040295,-2.0244e-06,-2.81704e-07,0.00132101,-0.000597514,0.00053723,109205,0
53.822,7.73424,0.899571,7.73414,0.724645,7.51772,0.908349,3.13563,0.00364714,-1.93565e-06,-3.16518e-07,0.00127595,-0.000573483,0.000522969,118791,0
53.842,7.72424,0.899573,7.72381,0.725044,7.50738,0.908411,3.13616,0.00367818,-2.08184e-06,-3.49307e-07,0.00128787,-0.000579536,0.000526375,118791,0
53.862,7.71424,0.899575,7.71398,0.725416,7.49754,0.908465,3.13693,0.00370646,-2.20087e-06,-3.78013e-07,0.00129932,-0.000585363,0.00052979,118791,0
53.882,7.70424,0.899577,7.70369,0.725808,7.48725,0.908513,3.13592,0.00373725,-2.31228e-06,-4.04069e-07,0.00131143,-0.000591476,0.000533213,118791,0
53.902,7.69424,0.89958,7.69329,0.72621,7.47684,0.908572,3.13552,0.00376863,-2.45077e-06,-4.3616e-07,0.0013238,-0.000597688,0.000536644,118791,0
53.922,7.68424,0.899582,7.68296,0.726611,7.47636,0.908521,3.1358,0.00343331,-2.28458e-06,-4.56527e-07,0.001278,-0.000573368,0.000522395,118783,0
53.942,7.67424,0.899584,7.67357,0.726977,7.46697,0.908576,3.13529,0.00345931,-2.39938e-06,-4.85647e-07,0.00128883,-0.00057892,0.0005258,118783,0
53.962,7.66424,0.899586,7.66387,0.727359,7.45726,0.908637,3.13509,0.00348691,-2.5329e-06,-5.18547e-07,0.00130012,-0.000584674,0.000529213,118783,0
53.982,7.65424,0.899588,7.65406,0.727741,7.44744,0.908701,3.13593,0.00351508,-2.67337e-06,-5.53109e-07,0.00131165,-0.000590525,0.000532635,118783,0
54.002,7.64424,0.89959,7.64434,0.728113,7.43772,0.908756,3.1366,0.00354278,-2.79214e-06,-5.83281e-07,0.00132319,-0.000596369,0.000536066,118783,0
54.022,7.63424,0.899592,7.63471,0.728482,7.43607,0.908737,3.13597,0.0032444,-2.55418e-06,-5.88282e-07,0.00127666,-0.000571767,0.000521875,118806,0
54.042,7.62424,0.899594,7.62493,0.728863,7.42629,0.908792,3.13521,0.00327239,-2.67415e-06,-6.17847e-07,0.00128789,-0.000577513,0.000525279,118806,0
54.062,7.61424,0.899596,7.61472,0.729269,7.41607,0.908857,3.13445,0.00330275,-2.82347e-06,-6.52981e-07,0.00129975,-0.00058353,0.000528692,118806,0
54.082,7.60424,0.899598,7.60465,0.729671,7.40599,0.908929,3.13467,0.00333231,-2.98575e-06,-6.91989e-07,0.00131157,-0.000589511,0.000532113,118806,0
54.102,7.59424,0.8996,7.59581,0.730025,7.39714,0.90899,3.13451,0.00335562,-3.10452e-06,-7.25592e-07,0.00132205,-0.000594886,0.000535543,118806,0
54.122,7.58424,0.899602,7.58628,0.730409,7.39521,0.908888,3.13429,0.00308876,-2.88271e-06,-7.33396e-07,0.0012755,-0.000570323,0.000521413,118785,0
54.142,7.57424,0.899604,7.5759,0.730825,7.38483,0.908964,3.13482,0.00312004,-3.05978e-06,-7.73963e-07,0.00128741,-0.000576379,0.000524817,118785,0
54.162,7.56424,0.899606,7.56605,0.731225,7.37497,0.909031,3.13339,0.00314842,-3.20565e-06,-8.10099e-07,0.00129882,-0.000582198,0.000528229,118785,0
54.182,7.55424,0.899608,7.55684,0.731606,7.36576,0.909106,3.13331,0.00317351,-3.35956e-06,-8.5117e-07,0.0013096,-0.000587721,0.000531649,118785,0
54.202,7.54424,0.89961,7.54601,0.732042,7.35491,0.909196,3.13542,0.00320739,-3.57765e-06,-9.00111e-07,0.00132241,-0.000594147,0.000535078,118785,0
54.222,7.53424,0.899612,7.53611,0.73243,7.35111,0.909115,3.13573,0.00296682,-3.30328e-06,-8.97467e-07,0.00127626,-0.000569812,0.000520985,118795,0
54.242,7.52424,0.899614,7.52658,0.7328,7.34158,0.909171,3.13619,0.00299349,-3.41901e-06,-9.27799e-07,0.00128717,-0.000575417,0.000524388,118795,0
54.262,7.51424,0.899616,7.51663,0.733191,7.33162,0.909225,3.13491,0.00302244,-3.53498e-06,-9.57295e-07,0.00129869,-0.000581287,0.0005278,118795,0
54.282,7.50424,0.899618,7.50655,0.733594,7.32153,0.909292,3.13473,0.00305208,-3.68375e-06,-9.94169e-07,0.00131047,-0.000587265,0.00053122,118795,0
54.302,7.49424,0.89962,7.49682,0.73399,7.31179,0.909359,3.13347,0.00307983,-3.8249e-06,-1.03101e-06,0.00132196,-0.000593099,0.000534648,118795,0
54.322,7.48424,0.899622,7.48646,0.734417,7.30744,0.909263,3.13371,0.00286195,-3.59552e-06,-1.03435e-06,0.00127639,-0.000569065,0.0005206,118800,0
54.342,7.47424,0.899624,7.47719,0.734806,7.29816,0.909336,3.13231,0.00288733,-3.74412e-06,-1.07383e-06,0.001287,-0.000574533,0.000524002,118800,0
54.362,7.46424,0.899626,7.46704,0.73524,7.28801,0.909431,3.13201,0.00291732,-3.95695e-06,-1.12468e-06,0.00129872,-0.0005805,0.000527413,118800,0
54.382,7.45424,0.899627,7.45706,0.735668,7.27802,0.909526,3.13205,0.00294643,-4.16858e-06,-1.17672e-06,0.00131037,-0.000586422,0.000530833,118800,0
54.402,7.44424,0.899629,7.44753,0.736073,7.26848,0.909618,3.13276,0.00297316,-4.35855e-06,-1.22663e-06,0.00132161,-0.000592146,0.00053426,118800,0
54.422,7.43424,0.899631,7.43802,0.736477,7.26442,0.909562,3.13225,0.00276698,-4.06397e-06,-1.22288e-06,0.00127511,-0.000567724,0.000520253,118789,0
54.442,7.42424,0.899633,7.42797,0.7369,7.25436,0.909656,3.13384,0.00279648,-4.27358e-06,-1.27346e-06,0.00128659,-0.000573599,0.000523656,118789,0
54.462,7.41424,0.899635,7.41794,0.737313,7.24432,0.909734,3.13393,0.00282585,-4.44351e-06,-1.31594e-06,0.00129816,-0.000579501,0.000527066,118789,0
54.482,7.40424,0.899637,7.40758,0.737741,7.23396,0.909813,3.13338,0.00285701,-4.6221e-06,-1.35954e-06,0.00131023,-0.000585617,0.000530485,118789,0
54.502,7.39424,0.899639,7.39716,0.738182,7.22353,0.909899,3.13208,0.00288852,-4.81602e-06,-1.40677e-06,0.0013225,-0.000591807,0.000533912,118789,0
54.522,7.38424,0.89964,7.38702,0.738617,7.21338,0.909995,3.13226,0.0029185,-5.02938e-06,-1.46024e-06,0.00133457,-0.000597895,0.000537348,118812,0
54.542,7.37424,0.899642,7.37643,0.739068,7.20867,0.909841,3.13285,0.00272636,-4.72213e-06,-1.45545e-06,0.00128831,-0.000573531,0.000523078,118812,0
54.562,7.36424,0.899644,7.36658,0.739485,7.19882,0.909927,3.13278,0.00275474,-4.90604e-06,-1.50244e-06,0.00129966,-0.000579332,0.000526487,118812,0
54.582,7.35424,0.899646,7.3565,0.739917,7.18872,0.910016,3.13206,0.00278442,-5.10049e-06,-1.5513e-06,0.00131142,-0.0005853,0.000529905,118812,0
54.602,7.34424,0.899648,7.34634,0.740361,7.17855,0.910113,3.13084,0.0028145,-5.31423e-06,-1.60473e-06,0.00132338,-0.000591349,0.000533331,118812,0
54.622,7.33424,0.899649,7.3362,0.740816,7.1684,0.910222,3.12995,0.00284448,-5.55502e-06,-1.66505e-06,0.00133544,-0.00059743,0.000536766,118812,0
54.642,7.32424,0.899651,7.32695,0.741231,7.16331,0.910089,3.13084,0.00265597,-5.18935e-06,-1.65747e-06,0.00128758,-0.000572382,0.000522527,123563,0
54.662,7.31424,0.899653,7.31693,0.74168,7.15328,0.910197,3.13032,0.00268528,-5.42555e-06,-1.71599e-06,0.00129912,-0.000578266,0.000525935,123563,0
54.682,7.30424,0.899655,7.30644,0.742152,7.14278,0.910315,3.13035,0.00271719,-5.69801e-06,-1.78047e-06,0.00131132,-0.000584439,0.000529352,123563,0
54.702,7.29424,0.899656,7.29657,0.742592,7.1329,0.910426,3.13133,0.00274569,-5.93537e-06,-1.8416e-06,0.00132292,-0.000590328,0.000532777,123563,0
54.722,7.28424,0.899658,7.28682,0.743029,7.12625,0.910304,3.12996,0.00257388,-5.54095e-06,-1.82382e-06,0.00127663,-0.000566116,0.000518869,123547,0
54.742,7.27424,0.89966,7.27674,0.743495,7.11616,0.910422,3.12877,0.00260349,-5.79995e-06,-1.88706e-06,0.0012881,-0.000571986,0.000522268,123547,0
54.762,7.26424,0.899662,7.26674,0.743957,7.10616,0.91055,3.12985,0.0026327,-6.08141e-06,-1.95656e-06,0.00129961,-0.000577858,0.000525676,123547,0
54.782,7.25424,0.899663,7.25658,0.744418,7.09598,0.91067,3.13052,0.0026628,-6.34537e-06,-2.02194e-06,0.00131143,-0.000583857,0.000529093,123547,0
54.802,7.24424,0.899665,7.24613,0.74488,7.08552,0.910785,3.13206,0.0026945,-6.60697e-06,-2.08587e-06,0.0013237,-0.000590052,0.000532518,123547,0
54.822,7.23424,0.899667,7.23591,0.745325,7.07529,0.910883,3.13196,0.00272492,-6.81748e-06,-2.14052e-06,0.00133583,-0.000596167,0.000535951,123547,0
54.842,7.22424,0.899668,7.22528,0.745783,7.06866,0.910768,3.13318,0.00256078,-6.35654e-06,-2.11364e-06,0.00128953,-0.000571896,0.000521775,123545,0
54.862,7.21424,0.89967,7.21524,0.746207,7.05861,0.910852,3.13371,0.00259022,-6.53416e-06,-2.16049e-06,0.00130109,-0.000577786,0.000525182,123545,0
54.882,7.20424,0.899672,7.20535,0.746622,7.04871,0.91093,3.13382,0.00261885,-6.69307e-06,-2.20428e-06,0.00131258,-0.000583639,0.000528598,123545,0
54.902,7.19424,0.899673,7.19566,0.74703,7.03901,0.911006,3.13325,0.00264638,-6.84135e-06,-2.24696e-06,0.00132395,-0.000589422,0.000532022,123545,0
54.922,7.18424,0.899675,7.18554,0.747461,7.03222,0.910879,3.13327,0.00249021,-6.33974e-06,-2.20551e-06,0.001278,-0.000565431,0.000518163,123578,0
54.942,7.17424,0.899677,7.17506,0.747903,7.02173,0.910966,3.13396,0.00252207,-6.53184e-06,-2.25355e-06,0.00128992,-0.000571504,0.000521561,123578,0
54.962,7.16424,0.899678,7.16485,0.748329,7.01151,0.911044,3.13424,0.00255242,-6.69545e-06,-2.2971e-06,0.00130166,-0.000577479,0.000524968,123578,0
54.982,7.15424,0.89968,7.15501,0.748745,7.00166,0.911117,3.13285,0.00258077,-6.83906e-06,-2.33805e-06,0.00131309,-0.000583303,0.000528383,123578,0
55.002,7.14424,0.899681,7.14494,0.749179,6.99158,0.911205,3.13263,0.00261038,-7.02249e-06,-2.38763e-06,0.0013249,-0.000589289,0.000531807,123578,0
55.022,7.13424,0.899683,7.13508,0.7496,6.98171,0.911293,3.13384,0.00263884,-7.20138e-06,-2.43772e-06,0.00133659,-0.000595205,0.000535239,123531,0
55.042,7.12424,0.899685,7.12529,0.750012,6.97543,0.911129,3.13362,0.00248189,-6.63638e-06,-2.38286e-06,0.00128929,-0.000570539,0.000521114,123531,0
55.062,7.11424,0.899686,7.11614,0.750407,6.96628,0.911202,3.13207,0.00250666,-6.77014e-06,-2.42393e-06,0.00129978,-0.000575953,0.00052452,123531,0
55.082,7.10424,0.899688,7.10616,0.750846,6.95629,0.911297,3.13199,0.00253576,-6.96771e-06,-2.4769e-06,0.00131134,-0.000581844,0.000527934,123531,0
55.102,7.09424,0.899689,7.09549,0.751324,6.94561,0.9114,3.13036,0.00256873,-7.19757e-06,-2.53423e-06,0.00132384,-0.000588143,0.000531357,123531,0
55.122,7.08424,0.899691,7.08554,0.751777,6.93867,0.9112,3.13084,0.00242206,-6.73344e-06,-2.49277e-06,0.00127773,-0.000564137,0.000517557,123551,0
55.142,7.07424,0.899692,7.07583,0.752214,6.92895,0.911305,3.13157,0.00244973,-6.94715e-06,-2.55002e-06,0.00128875,-0.000569804,0.000520954,123551,0
55.162,7.06424,0.899694,7.06649,0.75263,6.91961,0.911398,3.13171,0.00247546,-7.12731e-06,-2.60203e-06,0.00129945,-0.000575316,0.00052436,123551,0
55.182,7.05424,0.899696,7.05666,0.753068,6.90977,0.911495,3.1317,0.00250374,-7.32485e-06,-2.65632e-06,0.00131082,-0.000581125,0.000527775,123551,0
55.202,7.04424,0.899697,7.04631,0.75353,6.89941,0.911598,3.13141,0.0025349,-7.54547e-06,-2.71382e-06,0.00132292,-0.000587252,0.000531197,123551,0
55.222,7.03424,0.899699,7.03596,0.753995,6.89146,0.911446,3.13134,0.00239484,-7.04757e-06,-2.66197e-06,0.00127733,-0.000563508,0.000517429,123549,0
55.242,7.02424,0.8997,7.02582,0.754454,6.88131,0.91155,3.13098,0.0024248,-7.26853e-06,-2.71916e-06,0.00128883,-0.000569396,0.000520827,123549,0
55.262,7.01424,0.899702,7.01582,0.754905,6.8713,0.911657,3.13176,0.00245404,-7.49055e-06,-2.77795e-06,0.00130029,-0.000575257,0.000524233,123549,0
55.282,7.00424,0.899703,7.00659,0.755316,6.86206,0.911747,3.13192,0.00247922,-7.65977e-06,-2.82906e-06,0.00131096,-0.000580749,0.000527647,123549,0
55.302,6.99424,0.899705,6.99646,0.755767,6.85192,0.911846,3.13189,0.00250915,-7.86299e-06,-2.88438e-06,0.0013228,-0.000586757,0.000531069,123549,0
55.322,6.98424,0.899706,6.98691,0.75619,6.84236,0.911938,3.13235,0.00253596,-8.04073e-06,-2.93727e-06,0.00133406,-0.000592497,0.0005345,128272,0
55.342,6.97424,0.899708,6.97647,0.756655,6.83378,0.911758,3.13155,0.00239629,-7.47148e-06,-2.87127e-06,0.00128772,-0.000568352,0.000520481,128272,0
55.362,6.96424,0.899709,6.96679,0.757091,6.8241,0.911855,3.1316,0.00242378,-7.66401e-06,-2.92552e-06,0.00129878,-0.000574036,0.000523886,128272,0
55.382,6.95424,0.89971,6.95662,0.757547,6.81392,0.911957,3.13172,0.00245389,-7.87618e-06,-2.98245e-06,0.00131052,-0.000580017,0.0005273,128272,0
55.402,6.94424,0.899712,6.94642,0.758008,6.8037,0.912058,3.13122,0.00248425,-8.08636e-06,-3.03941e-06,0.00132244,-0.000586063,0.000530722,128272,0
55.422,6.93424,0.899713,6.93604,0.758479,6.79332,0.912165,3.13113,0.0025155,-8.31539e-06,-3.10041e-06,0.00133467,-0.000592237,0.000534152,128272,0
55.442,6.92424,0.899715,6.9267,0.758905,6.78612,0.911976,3.13128,0.00237261,-7.70399e-06,-3.0278e-06,0.00128704,-0.00056753,0.000520151,128251,0
55.462,6.91424,0.899716,6.91691,0.759347,6.77632,0.912077,3.13189,0.0024007,-7.90605e-06,-3.08415e-06,0.00129822,-0.00057327,0.000523555,128251,0
55.482,6.90424,0.899718,6.90684,0.759801,6.76624,0.912175,3.1315,0.00243028,-8.10546e-06,-3.13922e-06,0.00130983,-0.000579195,0.000526968,128251,0
55.502,6.89424,0.899719,6.89694,0.76025,6.75633,0.912275,3.13151,0.00245894,-8.30523e-06,-3.19585e-06,0.00132136,-0.000585072,0.000530389,128251,0
55.522,6.88424,0.899721,6.88695,0.760705,6.74778,0.912111,3.13121,0.00232671,-7.72993e-06,-3.12012e-06,0.00127551,-0.000561284,0.000516711,128264,0
55.542,6.87424,0.899722,6.87654,0.761174,6.73736,0.91222,3.1326,0.00235818,-7.96278e-06,-3.1799e-06,0.00128726,-0.000567303,0.000520108,128264,0
55.562,6.86424,0.899723,6.86662,0.761616,6.72743,0.912309,3.13217,0.00238696,-8.13887e-06,-3.23029e-06,0.00129858,-0.00057311,0.000523512,128264,0
55.582,6.85424,0.899725,6.85618,0.762087,6.71698,0.912407,3.13165,0.00241857,-8.34607e-06,-3.28585e-06,0.00131061,-0.000579228,0.000526925,128264,0
55.602,6.84424,0.899726,6.84641,0.762525,6.7072,0.912505,3.13265,0.0024466,-8.53573e-06,-3.34124e-06,0.00132201,-0.000585042,0.000530346,128264,0
55.622,6.83424,0.899727,6.83716,0.762935,6.69795,0.912587,3.13267,0.00247186,-8.68189e-06,-3.38927e-06,0.00133288,-0.000590612,0.000533776,128264,0
55.642,6.82424,0.899729,6.82643,0.76341,6.68896,0.912404,3.13289,0.0023421,-8.0674e-06,-3.30135e-06,0.00128697,-0.000566733,0.000519836,128256,0
55.662,6.81424,0.89973,6.81721,0.763817,6.67973,0.912485,3.1332,0.00236725,-8.20996e-06,-3.34721e-06,0.00129748,-0.000572173,0.00052324,128256,0
55.682,6.80424,0.899732,6.80761,0.764234,6.67012,0.912565,3.13421,0.00239434,-8.3585e-06,-3.39353e-06,0.00130853,-0.000577849,0.000526653,128256,0
55.702,6.79424,0.899733,6.7979,0.764646,6.66041,0.912637,3.13532,0.00242198,-8.48774e-06,-3.43548e-06,0.00131981,-0.000583621,0.000530073,128256,0
55.722,6.78424,0.899734,6.78859,0.765031,6.65232,0.912463,3.13634,0.00229084,-7.79718e-06,-3.32507e-06,0.00127332,-0.00055958,0.00051645,130829,0
55.742,6.77424,0.899736,6.77812,0.76546,6.64184,0.912518,3.13641,0.00232265,-7.8982e-06,-3.35756e-06,0.0012851,-0.000565626,0.000519845,130829,0
55.762,6.76424,0.899737,6.7688,0.765841,6.63251,0.912566,3.13641,0.00234829,-7.97228e-06,-3.38682e-06,0.0012957,-0.000571115,0.00052325,130829,0
55.782,6.75424,0.899738,6.75883,0.766255,6.62253,0.912618,3.13525,0.00237733,-8.05928e-06,-3.41805e-06,0.00130715,-0.000576984,0.000526662,130829,0
55.802,6.74424,0.89974,6.74831,0.766702,6.612,0.912685,3.13429,0.00240943,-8.18805e-06,-3.45744e-06,0.00131936,-0.000583186,0.000530083,130829,0
55.822,6.73424,0.899741,6.73818,0.767131,6.60226,0.912515,3.13596,0.00228415,-7.57506e-06,-3.34973e-06,0.00127382,-0.000559591,0.000516473,133379,0
55.842,6.72424,0.899742,6.72807,0.767555,6.59214,0.912572,3.13506,0.00231397,-7.67696e-06,-3.38327e-06,0.0012852,-0.000565452,0.000519869,133379,0
55.862,6.71424,0.899743,6.71783,0.767991,6.58189,0.912639,3.13476,0.00234448,-7.8033e-06,-3.42218e-06,0.00129685,-0.000571421,0.000523273,133379,0
55.882,6.70424,0.899745,6.70733,0.768441,6.57139,0.912711,3.13442,0.00237643,-7.94426e-06,-3.46393e-06,0.00130891,-0.000577567,0.000526686,133379,0
55.902,6.69424,0.899746,6.69728,0.768878,6.56133,0.912783,3.13374,0.00240592,-8.07884e-06,-3.50616e-06,0.00132059,-0.000583522,0.000530107,133379,0
55.922,6.68424,0.899747,6.68815,0.769277,6.55191,0.912569,3.13402,0.00227587,-7.45784e-06,-3.39226e-06,0.00127384,-0.00055938,0.000516486,138077,0
55.942,6.67424,0.899749,6.67852,0.769696,6.54227,0.912641,3.13421,0.00230311,-7.59017e-06,-3.43408e-06,0.00128468,-0.000564992,0.000519882,138077,0
55.962,6.66424,0.89975,6.66845,0.770136,6.5322,0.912716,3.13381,0.00233268,-7.73155e-06,-3.47695e-06,0.00129612,-0.000570871,0.000523287,138077,0
55.982,6.65424,0.899751,6.65831,0.770582,6.52204,0.912795,3.13353,0.00236267,-7.88414e-06,-3.52254e-06,0.00130776,-0.000576832,0.000526699,138077,0
56.002,6.64424,0.899752,6.64777,0.771046,6.51149,0.91288,3.13377,0.00239489,-8.05707e-06,-3.57163e-06,0.00132,-0.000583045,0.000530121,138077,0
56.022,6.63424,0.899754,6.63769,0.771502,6.50152,0.912723,3.13126,0.00227113,-7.47111e-06,-3.45695e-06,0.00127435,-0.000559421,0.000516514,138112,0
56.042,6.62424,0.899755,6.62781,0.771962,6.49163,0.912825,3.13148,0.00229971,-7.67462e-06,-3.51399e-06,0.00128548,-0.000565165,0.00051991,138112,0
56.062,6.61424,0.899756,6.61736,0.772444,6.48116,0.912931,3.13191,0.00233142,-7.89809e-06,-3.57327e-06,0.00129736,-0.000571247,0.000523315,138112,0
56.082,6.60424,0.899757,6.60661,0.772934,6.4704,0.913035,3.13266,0.00236486,-8.12333e-06,-3.63219e-06,0.00130973,-0.000577531,0.000526728,138112,0
56.102,6.59424,0.899759,6.59636,0.773389,6.46014,0.913127,3.13433,0.00239542,-8.30566e-06,-3.68488e-06,0.00132163,-0.000583589,0.00053015,138112,0
56.122,6.58424,0.89976,6.58648,0.773818,6.45054,0.912938,3.13473,0.00227056,-7.67591e-06,-3.56159e-06,0.00127565,-0.000559815,0.000516526,138112,0
56.142,6.57424,0.899761,6.57638,0.774256,6.44043,0.913007,3.13455,0.0023003,-7.80481e-06,-3.60173e-06,0.00128702,-0.000565672,0.000519922,138112,0
56.162,6.56424,0.899762,6.56617,0.774706,6.43022,0.913079,3.13343,0.00233062,-7.94046e-06,-3.64348e-06,0.00129863,-0.000571624,0.000523327,138112,0
56.182,6.55424,0.899763,6.55511,0.775193,6.41915,0.913169,3.13458,0.00236586,-8.13564e-06,-3.69522e-06,0.00131135,-0.000578069,0.00052674,138112,0
56.202,6.54424,0.899765,6.54492,0.775643,6.40895,0.913241,3.13308,0.00239612,-8.26846e-06,-3.73739e-06,0.0013232,-0.000584101,0.000530162,138112,0
56.222,6.53424,0.899766,6.53515,0.776084,6.39916,0.913324,3.13293,0.00242411,-8.42111e-06,-3.78607e-06,0.00133469,-0.000589952,0.000533592,138112,0
56.242,6.52424,0.899767,6.52493,0.776546,6.39063,0.913131,3.1328,0.00229749,-7.81719e-06,-3.66381e-06,0.00128807,-0.000565816,0.000519679,138164,0
56.262,6.51424,0.899768,6.51482,0.777008,6.38051,0.91322,3.1322,0.00232731,-7.99146e-06,-3.71449e-06,0.00129958,-0.000571719,0.000523083,138164,0
56.282,6.50424,0.899769,6.50508,0.777452,6.37076,0.913312,3.13319,0.00235513,-8.16378e-06,-3.7669e-06,0.00131078,-0.000577469,0.000526495,138164,0
56.302,6.49424,0.89977,6.4947,0.777915,6.36037,0.913399,3.13398,0.00238644,-8.33691e-06,-3.81745e-06,0.00132284,-0.000583596,0.000529916,138164,0
56.322,6.48424,0.899772,6.48398,0.778393,6.34964,0.913481,3.13344,0.00241968,-8.50098e-06,-3.86539e-06,0.00133543,-0.000589949,0.000533346,138179,0
56.342,6.47424,0.899773,6.47464,0.778812,6.34231,0.913263,3.1334,0.00228897,-7.84777e-06,-3.73226e-06,0.00128777,-0.000565349,0.00051944,138179,0
56.362,6.46424,0.899774,6.46548,0.779219,6.33314,0.913339,3.13452,0.00231379,-7.97423e-06,-3.77578e-06,0.00129818,-0.000570752,0.000522843,138179,0
56.382,6.45424,0.899775,6.45561,0.779649,6.32326,0.913409,3.13522,0.00234231,-8.09838e-06,-3.81687e-06,0.00130951,-0.000576567,0.000526256,138179,0
56.402,6.44424,0.899776,6.44547,0.78009,6.31311,0.913473,3.13448,0.00237227,-8.21292e-06,-3.85548e-06,0.00132127,-0.000582564,0.000529676,138179,0
56.422,6.43424,0.899777,6.43602,0.780505,6.30365,0.91354,3.13461,0.00239862,-8.32426e-06,-3.89578e-06,0.00133235,-0.000588241,0.000533105,138179,0
56.442,6.42424,0.899778,6.42607,0.78094,6.29499,0.91338,3.13502,0.0022737,-7.68737e-06,-3.75605e-06,0.00128562,-0.000564089,0.000519258,138191,0
56.462,6.41424,0.899779,6.41673,0.78135,6.28564,0.913441,3.13427,0.00229944,-7.78642e-06,-3.79244e-06,0.00129621,-0.000569583,0.000522662,138191,0
56.482,6.40424,0.899781,6.40703,0.781781,6.27593,0.913512,3.134,0.00232709,-7.9112e-06,-3.83419e-06,0.00130733,-0.00057531,0.000526073,138191,0
56.502,6.39424,0.899782,6.39695,0.782232,6.26585,0.913589,3.13362,0.00235669,-8.05285e-06,-3.87906e-06,0.00131898,-0.000581268,0.000529493,138191,0
56.522,6.38424,0.899783,6.38708,0.782671,6.25595,0.913429,3.1348,0.00223652,-7.47346e-06,-3.74415e-06,0.0012732,-0.000557647,0.000515959,142894,0
56.542,6.37424,0.899784,6.37847,0.783045,6.24732,0.913487,3.13562,0.00225872,-7.55897e-06,-3.77882e-06,0.00128286,-0.000562728,0.000519354,142894,0
56.562,6.36424,0.899785,6.36823,0.783488,6.23707,0.913549,3.13547,0.00228925,-7.66784e-06,-3.81514e-06,0.00129445,-0.000568693,0.000522757,142894,0
56.582,6.35424,0.899786,6.3583,0.783922,6.22714,0.91361,3.13464,0.00231807,-7.77154e-06,-3.85152e-06,0.00130581,-0.000574534,0.000526169,142894,0
56.602,6.34424,0.899787,6.34802,0.78437,6.21685,0.913681,3.13562,0.00234881,-7.90413e-06,-3.89376e-06,0.00131769,-0.000580603,0.000529589,142894,0
56.622,6.33424,0.899788,6.33823,0.784791,6.20749,0.913496,3.13595,0.00222919,-7.29312e-06,-3.74579e-06,0.00127192,-0.000556993,0.000516073,142883,0
56.642,6.32424,0.899789,6.32822,0.785219,6.19747,0.913552,3.1364,0.00225847,-7.38889e-06,-3.77941e-06,0.00128314,-0.000562799,0.000519468,142883,0
56.662,6.31424,0.89979,6.3176,0.785672,6.18684,0.913607,3.13603,0.0022911,-7.48684e-06,-3.81256e-06,0.00129515,-0.000568959,0.000522872,142883,0
56.682,6.30424,0.899791,6.30747,0.786109,6.1767,0.913664,3.13549,0.00232105,-7.58224e-06,-3.84658e-06,0.00130675,-0.000574911,0.000526284,142883,0
56.702,6.29424,0.899792,6.29773,0.78653,6.16695,0.913723,3.13592,0.00234887,-7.68007e-06,-3.88248e-06,0.00131802,-0.000580698,0.000529705,142883,0
56.722,6.28424,0.899793,6.28734,0.786974,6.15655,0.913782,3.13633,0.00238021,-7.78301e-06,-3.91836e-06,0.00133015,-0.000586867,0.000533134,142883,0
56.742,6.27424,0.899794,6.27679,0.787417,6.14741,0.913581,3.13762,0.00226088,-7.17629e-06,-3.76309e-06,0.00128426,-0.000563127,0.000519329,142928,0
56.762,6.26424,0.899795,6.26726,0.787811,6.13787,0.913619,3.13795,0.00228762,-7.22507e-06,-3.78722e-06,0.00129506,-0.000568722,0.000522733,142928,0
56.782,6.25424,0.899797,6.25784,0.788198,6.12844,0.913653,3.13794,0.00231376,-7.26484e-06,-3.80962e-06,0.00130583,-0.000574297,0.000526144,142928,0
56.802,6.24424,0.899798,6.24767,0.788611,6.11826,0.913691,3.13883,0.00234391,-7.31471e-06,-3.8337e-06,0.00131758,-0.000580309,0.000529565,142928,0
56.822,6.23424,0.899799,6.23802,0.788999,6.10918,0.91351,3.13901,0.00222412,-6.68823e-06,-3.6658e-06,0.00127166,-0.000556641,0.000516058,142949,0
56.842,6.22424,0.8998,6.2273,0.789426,6.09845,0.913538,3.13964,0.00225736,-6.71924e-06,-3.68442e-06,0.00128366,-0.000562813,0.000519453,142949,0
56.862,6.21424,0.899801,6.21753,0.789813,6.08868,0.913557,3.1395,0.0022853,-6.72701e-06,-3.69866e-06,0.00129471,-0.00056853,0.000522857,142949,0
56.882,6.20424,0.899802,6.2074,0.790219,6.07853,0.913579,3.13886,0.00231526,-6.74009e-06,-3.71411e-06,0.0013063,-0.000574484,0.000526269,142949,0
56.902,6.19424,0.899803,6.19689,0.790649,6.06802,0.913607,3.13755,0.00234725,-6.77188e-06,-3.7336e-06,0.00131844,-0.000580671,0.00052969,142949,0
56.922,6.18424,0.899804,6.1868,0.79107,6.05792,0.913648,3.13733,0.00237697,-6.83029e-06,-3.75959e-06,0.00133023,-0.000586685,0.000533118,142949,0
56.942,6.17424,0.899805,6.17722,0.791475,6.04995,0.913442,3.13665,0.00225277,-6.27436e-06,-3.59499e-06,0.00128325,-0.000562452,0.00051932,142972,0
56.962,6.16424,0.899806,6.16739,0.791892,6.04011,0.913491,3.13717,0.0022811,-6.35133e-06,-3.62445e-06,0.00129438,-0.000568206,0.000522723,142972,0
56.982,6.15424,0.899807,6.15728,0.792316,6.03,0.913535,3.1376,0.00231086,-6.42064e-06,-3.65206e-06,0.00130592,-0.000574138,0.000526135,142972,0
57.002,6.14424,0.899807,6.1464,0.792771,6.01911,0.913579,3.13753,0.00234503,-6.49218e-06,-3.67923e-06,0.00131849,-0.000580524,0.000529555,142972,0
57.022,6.13424,0.899808,6.1361,0.7932,6.0088,0.913621,3.13779,0.00237586,-6.55491e-06,-3.70568e-06,0.00133051,-0.000586645,0.000532984,142972,0
57.042,6.12424,0.899809,6.1265,0.793596,6.00105,0.913493,3.13858,0.00225194,-6.01713e-06,-3.53916e-06,0.00128355,-0.000562424,0.00051919,142970,0
57.062,6.11424,0.89981,6.11655,0.793998,5.99109,0.913523,3.13931,0.00228086,-6.05212e-06,-3.55887e-06,0.0012948,-0.000568234,0.000522593,142970,0
57.082,6.10424,0.899811,6.10644,0.794402,5.98097,0.913546,3.13964,0.00231068,-6.07087e-06,-3.57507e-06,0.00130635,-0.000574172,0.000526005,142970,0
57.102,6.09424,0.899812,6.09614,0.794814,5.97067,0.913566,3.13924,0.00234151,-6.08253e-06,-3.58979e-06,0.00131824,-0.000580248,0.000529424,142970,0
57.122,6.08424,0.899813,6.08675,0.795189,5.96165,0.913374,3.13995,0.0022207,-5.56351e-06,-3.41998e-06,0.001272,-0.000556444,0.000515923,147686,0
57.142,6.07424,0.899814,6.07654,0.795599,5.95144,0.913391,3.13879,0.00225103,-5.56901e-06,-3.43258e-06,0.00128342,-0.000562349,0.000519318,147686,0
57.162,6.06424,0.899815,6.06636,0.796015,5.94124,0.91342,3.13852,0.00228125,-5.60247e-06,-3.45138e-06,0.00129494,-0.000568284,0.000522721,147686,0
57.182,6.05424,0.899816,6.05665,0.796412,5.93153,0.91345,3.13883,0.00230891,-5.6368e-06,-3.47098e-06,0.00130603,-0.000574012,0.000526133,147686,0
57.202,6.04424,0.899817,6.04707,0.796802,5.92194,0.913476,3.13896,0.00233587,-5.66263e-06,-3.4889e-06,0.00131708,-0.00057971,0.000529553,147686,0
57.222,6.03424,0.899818,6.0368,0.797218,5.91211,0.91334,3.13918,0.00222043,-5.19838e-06,-3.32346e-06,0.0012719,-0.000556402,0.000516065,147684,0
57.242,6.02424,0.899819,6.02629,0.797643,5.90159,0.913365,3.13929,0.00225246,-5.22638e-06,-3.34036e-06,0.00128367,-0.000562465,0.00051946,147684,0
57.262,6.01424,0.89982,6.01644,0.798035,5.89174,0.913388,3.1402,0.00228083,-5.24581e-06,-3.35595e-06,0.0012948,-0.000568224,0.000522864,147684,0
57.282,6.00424,0.899821,6.00668,0.798413,5.88197,0.913401,-3.14145,0.00230874,-5.24401e-06,-3.36689e-06,0.00130595,-0.000573979,0.000526276,147684,0
57.302,5.99424,0.899822,5.99725,0.798771,5.87254,0.9134,3.14158,0.00233493,-5.20928e-06,-3.37002e-06,0.00131683,-0.000579599,0.000529696,147684,0
57.322,5.98424,0.899822,5.98705,0.799155,5.86273,0.913288,-3.14078,0.00221922,-4.72406e-06,-3.19325e-06,0.00127159,-0.000556265,0.000516207,147686,0
57.342,5.97424,0.899823,5.97722,0.799523,5.8529,0.91328,-3.14092,0.00224749,-4.67417e-06,-3.19274e-06,0.00128258,-0.000561975,0.000519603,147686,0
57.362,5.96424,0.899824,5.9674,0.799885,5.84307,0.913273,-3.13984,0.00227572,-4.6275e-06,-3.19291e-06,0.00129368,-0.000567721,0.000523007,147686,0
57.382,5.95424,0.899825,5.95689,0.800273,5.83255,0.913255,-3.14098,0.00230777,-4.54825e-06,-3.18686e-06,0.00130568,-0.000573873,0.000526419,147686,0
57.402,5.94424,0.899826,5.94722,0.800639,5.82288,0.913249,3.14151,0.00233518,-4.50399e-06,-3.18732e-06,0.00131683,-0.00057962,0.00052984,147686,0
57.422,5.93424,0.899827,5.93707,0.801033,5.8135,0.913102,3.14039,0.00221915,-4.08757e-06,-3.01416e-06,0.00127153,-0.000556255,0.000516346,147770,0
57.442,5.92424,0.899828,5.92662,0.801439,5.80304,0.913115,3.14148,0.00225084,-4.087e-06,-3.02403e-06,0.00128323,-0.00056229,0.000519742,147770,0
57.462,5.91424,0.899829,5.91667,0.801818,5.79308,0.913116,-3.14136,0.00227979,-4.05948e-06,-3.02801e-06,0.00129448,-0.00056811,0.000523147,147770,0
57.482,5.90424,0.899829,5.90655,0.802206,5.78295,0.913114,3.14097,0.00230962,-4.02319e-06,-3.03017e-06,0.00130604,-0.000574055,0.000526559,147770,0
57.502,5.89424,0.89983,5.89634,0.802604,5.77274,0.91312,3.14078,0.00233997,-4.00743e-06,-3.03692e-06,0.00131782,-0.000580092,0.00052998,147770,0
57.522,5.88424,0.899831,5.88657,0.802986,5.76296,0.913128,3.14042,0.00236795,-3.99588e-06,-3.04455e-06,0.00132922,-0.000585938,0.000533409,147770,0
57.542,5.87424,0.899832,5.87628,0.803391,5.75416,0.912959,3.14058,0.00224868,-3.64981e-06,-2.87806e-06,0.00128312,-0.000562123,0.000519626,147781,0
57.562,5.86424,0.899833,5.86729,0.803742,5.74516,0.912968,3.14119,0.00227268,-3.6431e-06,-2.88602e-06,0.00129328,-0.00056744,0.00052303,147781,0
57.582,5.85424,0.899834,5.85802,0.804101,5.73589,0.912972,3.14101,0.00229806,-3.62444e-06,-2.8912e-06,0.00130385,-0.00057294,0.000526442,147781,0
57.602,5.84424,0.899834,5.84836,0.804475,5.72623,0.912978,3.14126,0.00232543,-3.60914e-06,-2.89738e-06,0.00131497,-0.000578681,0.000529863,147781,0
57.622,5.83424,0.899835,5.83841,0.804852,5.71627,0.912981,-3.1405,0.00235436,-3.58794e-06,-2.90235e-06,0.00132655,-0.000584618,0.000533291,147781,0
57.642,5.82424,0.899836,5.82823,0.805232,5.70544,0.912864,-3.14057,0.00223615,-3.22762e-06,-2.72972e-06,0.00128054,-0.000560856,0.000519552,157498,0
57.662,5.81424,0.899837,5.81837,0.8056,5.69558,0.912854,-3.14076,0.00226459,-3.17727e-06,-2.72748e-06,0.00129166,-0.000566621,0.000522956,157498,0
57.682,5.80424,0.899838,5.80877,0.805956,5.68596,0.912846,-3.13969,0.0022917,-3.13299e-06,-2.72629e-06,0.0013026,-0.000572295,0.000526367,157498,0
57.702,5.79424,0.899839,5.79883,0.806317,5.67602,0.912827,-3.13962,0.00232057,-3.06198e-06,-2.71935e-06,0.00131404,-0.000578185,0.000529788,157498,0
57.722,5.78424,0.899839,5.78873,0.806688,5.66474,0.912733,-3.14034,0.00220603,-2.73465e-06,-2.55044e-06,0.0012689,-0.000554908,0.000516339,157520,0
57.742,5.77424,0.89984,5.77898,0.807044,5.65499,0.912721,-3.13917,0.00223385,-2.68175e-06,-2.54692e-06,0.00127977,-0.000560575,0.000519735,157520,0
57.762,5.76424,0.899841,5.7686,0.807419,5.6446,0.912696,-3.13935,0.00226518,-2.59376e-06,-2.53663e-06,0.00129148,-0.000566618,0.000523139,157520,0
57.782,5.75424,0.899842,5.75844,0.807782,5.63444,0.912673,-3.13872,0.00229521,-2.51373e-06,-2.52748e-06,0.00130305,-0.000572581,0.000526551,157520,0
57.802,5.74424,0.899843,5.74856,0.808135,5.62455,0.912645,-3.13921,0.00232375,-2.42316e-06,-2.51525e-06,0.00131442,-0.00057844,0.000529972,157520,0
57.822,5.73424,0.899843,5.7391,0.808473,5.61486,0.912578,-3.13869,0.00220541,-2.15519e-06,-2.35074e-06,0.00126853,-0.000554813,0.00051651,157525,0
57.842,5.72424,0.899844,5.72965,0.808808,5.6054,0.912551,-3.13851,0.00223172,-2.07197e-06,-2.33909e-06,0.00127908,-0.000560331,0.000519906,157525,0
57.862,5.71424,0.899845,5.71971,0.809159,5.59545,0.91252,-3.13862,0.00226062,-1.97692e-06,-2.32563e-06,0.00129028,-0.000566144,0.000523311,157525,0
57.882,5.70424,0.899846,5.71072,0.809482,5.58645,0.912493,-3.13968,0.0022846,-1.89998e-06,-2.31412e-06,0.00130051,-0.000571498,0.000526723,157525,0
57.902,5.69424,0.899847,5.70021,0.809856,5.57594,0.912473,-3.13793,0.00231662,-1.82611e-06,-2.30601e-06,0.00131258,-0.000577691,0.000530144,157525,0
57.922,5.68424,0.899847,5.6899,0.810215,5.56562,0.912436,-3.13812,0.0023475,-1.71111e-06,-2.2884e-06,0.00132456,-0.00058382,0.000533573,157525,0
57.942,5.67424,0.899848,5.68004,0.810558,5.55614,0.912384,-3.13774,0.0022284,-1.47964e-06,-2.12306e-06,0.00127834,-0.00055996,0.000519851,157632,0
57.962,5.66424,0.899849,5.67013,0.810901,5.54622,0.912345,-3.13803,0.00225712,-1.36956e-06,-2.10543e-06,0.0012895,-0.000565756,0.000523254,157632,0
57.982,5.65424,0.89985,5.65996,0.811253,5.53605,0.912309,-3.13767,0.00228721,-1.26171e-06,-2.08868e-06,0.00130106,-0.000571725,0.000526667,157632,0
58.002,5.64424,0.89985,5.65029,0.81158,5.52637,0.912271,-3.13637,0.00231467,-1.15573e-06,-2.07086e-06,0.00131218,-0.000577476,0.000530087,157632,0
58.022,5.63424,0.899851,5.64048,0.81191,5.51656,0.91222,-3.13732,0.00234282,-1.01816e-06,-2.04581e-06,0.00132357,-0.000583338,0.000533516,157632,0
58.042,5.62424,0.899852,5.63061,0.812246,5.50727,0.912125,-3.13737,0.0022243,-8.33735e-07,-1.88455e-06,0.00127743,-0.000559519,0.00051981,157649,0
58.062,5.61424,0.899853,5.6212,0.812569,5.49785,0.912085,-3.13772,0.0022504,-7.28299e-07,-1.86582e-06,0.00128801,-0.000565052,0.000523214,157649,0
58.082,5.60424,0.899853,5.61178,0.812891,5.48842,0.912048,-3.13692,0.00227655,-6.30178e-07,-1.84859e-06,0.00129871,-0.000570631,0.000526626,157649,0
58.102,5.59424,0.899854,5.60168,0.813229,5.47831,0.912001,-3.1365,0.00230631,-4.99689e-07,-1.82559e-06,0.00131031,-0.000576608,0.000530046,157649,0
58.122,5.58424,0.899855,5.59199,0.813545,5.46791,0.911986,-3.13529,0.00219127,-3.50841e-07,-1.67161e-06,0.00126499,-0.00055325,0.000516638,162252,0
58.142,5.57424,0.899855,5.58207,0.813864,5.45798,0.911923,-3.13545,0.00222002,-1.88007e-07,-1.64095e-06,0.00127603,-0.00055901,0.000520034,162252,0
58.162,5.56424,0.899856,5.57191,0.814189,5.44782,0.911861,-3.13522,0.00225005,-2.21725e-08,-1.61012e-06,0.00128744,-0.000564932,0.000523438,162252,0
58.182,5.55424,0.899857,5.56258,0.81449,5.43849,0.911801,-3.13573,0.00227574,1.22713e-07,-1.58052e-06,0.00129804,-0.000570465,0.000526851,162252,0
58.202,5.54424,0.899858,5.55227,0.814827,5.42817,0.911741,-3.1363,0.00230663,2.85434e-07,-1.55014e-06,0.00130986,-0.000576553,0.000530272,162252,0
58.222,5.53424,0.899858,5.54192,0.815173,5.41715,0.911725,-3.13699,0.00219513,3.83136e-07,-1.40229e-06,0.00126531,-0.000553544,0.000516859,162279,0
58.242,5.52424,0.899859,5.53178,0.815514,5.40701,0.911678,-3.13707,0.00222505,5.0904e-07,-1.37948e-06,0.00127659,-0.000559417,0.000520256,162279,0
58.262,5.51424,0.89986,5.52126,0.815863,5.39648,0.911631,-3.1359,0.00225716,6.41784e-07,-1.356e-06,0.00128844,-0.000565536,0.00052366,162279,0
58.282,5.50424,0.89986,5.51092,0.816202,5.38613,0.911572,-3.1361,0.00228822,7.99109e-07,-1.32637e-06,0.0013002,-0.000571601,0.000527073,162279,0
58.302,5.49424,0.899861,5.5012,0.816517,5.37641,0.911519,-3.13544,0.00231588,9.33123e-07,-1.29945e-06,0.00131136,-0.000577378,0.000530494,162279,0
58.322,5.48424,0.899862,5.49123,0.816832,5.36666,0.911478,-3.13449,0.00220116,9.79105e-07,-1.15717e-06,0.00126627,-0.000554107,0.000517051,162379,0
58.342,5.47424,0.899863,5.48079,0.817159,5.35621,0.911404,-3.13485,0.00223278,1.17433e-06,-1.11979e-06,0.0012779,-0.000560141,0.000520447,162379,0
58.362,5.46424,0.899863,5.47085,0.817468,5.34627,0.911337,-3.13419,0.00226163,1.34205e-06,-1.08587e-06,0.00128909,-0.000565957,0.000523852,162379,0
58.382,5.45424,0.899864,5.46073,0.817775,5.33614,0.911262,-3.13306,0.00229148,1.53118e-06,-1.04749e-06,0.00130061,-0.000571909,0.000527265,162379,0
58.402,5.44424,0.899865,5.45041,0.818083,5.32581,0.911174,-3.13338,0.00232242,1.75515e-06,-1.00187e-06,0.00131248,-0.000578008,0.000530687,162379,0
58.422,5.43424,0.899865,5.44001,0.81839,5.31585,0.911225,-3.13266,0.00220928,1.78807e-06,-8.57478e-07,0.00126778,-0.00055491,0.000517219,162390,0
58.442,5.42424,0.899866,5.42983,0.818683,5.30566,0.911134,-3.13183,0.00223946,2.01542e-06,-8.11028e-07,0.00127914,-0.000560814,0.000520616,162390,0
58.462,5.41424,0.899867,5.41962,0.818977,5.29544,0.911034,-3.13277,0.00226981,2.26359e-06,-7.5962e-07,0.00129066,-0.000566775,0.000524021,162390,0
58.482,5.40424,0.899867,5.40949,0.819278,5.28531,0.910945,-3.13378,0.00229967,2.48374e-06,-7.13248e-07,0.0013022,-0.000572732,0.000527435,162390,0
58.502,5.39424,0.899868,5.40061,0.81954,5.27643,0.910875,-3.13219,0.00232312,2.63324e-06,-6.77058e-07,0.00131242,-0.000578073,0.000530857,162390,0
58.522,5.38424,0.899869,5.39091,0.819819,5.26633,0.910897,-3.13241,0.0022061,2.58228e-06,-5.40913e-07,0.00126695,-0.000554612,0.000517382,166998,0
58.542,5.37424,0.899869,5.38125,0.820097,5.25666,0.910808,-3.13243,0.00223347,2.78905e-06,-4.95251e-07,0.00127772,-0.000560245,0.000520779,166998,0
58.562,5.36424,0.89987,5.37173,0.820372,5.24714,0.910721,-3.13261,0.00226011,2.98864e-06,-4.49961e-07,0.00128844,-0.000565846,0.000524184,166998,0
58.582,5.35424,0.899871,5.36168,0.820667,5.23708,0.910631,-3.1333,0.00228957,3.20617e-06,-4.02716e-07,0.00129988,-0.000571764,0.000527598,166998,0
58.602,5.34424,0.899871,5.35217,0.820945,5.22757,0.910552,-3.13222,0.00231616,3.38495e-06,-3.61156e-07,0.0013108,-0.000577438,0.00053102,166998,0
58.622,5.33424,0.899872,5.3419,0.821239,5.2172,0.910613,-3.13243,0.00220307,3.28883e-06,-2.35241e-07,0.00126609,-0.000554326,0.00051756,167032,0
58.642,5.32424,0.899873,5.33157,0.821527,5.20686,0.910518,-3.13093,0.00223406,3.52215e-06,-1.86093e-07,0.00127761,-0.000560308,0.000520958,167032,0
58.662,5.31424,0.899873,5.3218,0.821788,5.19709,0.910414,-3.1301,0.00226198,3.76282e-06,-1.31604e-07,0.00128861,-0.000566038,0.000524364,167032,0
58.682,5.30424,0.899874,5.31173,0.82205,5.18702,0.910298,-3.12931,0.00229153,4.03771e-06,-7.05782e-08,0.00130006,-0.000571968,0.000527778,167032,0
58.702,5.29424,0.899874,5.30203,0.822305,5.17732,0.910179,-3.13075,0.0023191,4.30835e-06,-7.28088e-09,0.00131122,-0.000577743,0.0005312,167032,0
58.722,5.28424,0.899875,5.29147,0.822586,5.16689,0.910229,-3.13031,0.00220727,4.17689e-06,1.15085e-07,0.00126679,-0.000554757,0.000517726,167140,0
58.742,5.27424,0.899876,5.28143,0.822851,5.15685,0.910116,-3.13029,0.00223665,4.44386e-06,1.74342e-07,0.00127799,-0.000560591,0.000521124,167140,0
58.762,5.26424,0.899876,5.27227,0.823096,5.14768,0.910012,-3.13087,0.0022615,4.66451e-06,2.29023e-07,0.00128832,-0.00056601,0.000524529,167140,0
58.782,5.25424,0.899877,5.26151,0.823388,5.13692,0.909897,-3.13135,0.00229489,4.95415e-06,2.9027e-07,0.00130056,-0.000572301,0.000527944,167140,0
58.802,5.24424,0.899878,5.25146,0.823663,5.12687,0.909794,-3.1312,0.00232434,5.19346e-06,3.45473e-07,0.00131212,-0.000578265,0.000531366,167140,0
58.822,5.23424,0.899878,5.24189,0.823918,5.11759,0.909876,-3.13007,0.00220653,4.91757e-06,4.46894e-07,0.00126653,-0.000554733,0.000517872,167150,0
58.842,5.22424,0.899879,5.23254,0.824163,5.10824,0.909768,-3.13055,0.0022323,5.15005e-06,5.03714e-07,0.00127696,-0.00056021,0.00052127,167150,0
58.862,5.21424,0.899879,5.22185,0.824446,5.09755,0.90965,-3.13047,0.00226528,5.44223e-06,5.66322e-07,0.001289,-0.000566422,0.000524676,167150,0
58.882,5.20424,0.89988,5.21194,0.824705,5.08763,0.909539,-3.13002,0.00229399,5.69295e-06,6.25361e-07,0.00130028,-0.000572273,0.00052809,167150,0
58.902,5.19424,0.899881,5.20207,0.824958,5.07777,0.909425,-3.12933,0.00232244,5.95002e-06,6.8689e-07,0.00131163,-0.00057814,0.000531513,167150,0
58.922,5.18424,0.899881,5.19237,0.825198,5.06769,0.90959,-3.12858,0.0022055,5.64932e-06,7.83504e-07,0.00126622,-0.000554684,0.000518018,171740,0
58.942,5.17424,0.899882,5.18216,0.825449,5.05747,0.909457,-3.12917,0.00223584,5.96184e-06,8.53818e-07,0.00127761,-0.000560611,0.000521416,171740,0
58.962,5.16424,0.899882,5.17203,0.825705,5.04735,0.909331,-3.13013,0.00226569,6.25275e-06,9.20911e-07,0.00128903,-0.000566533,0.000524822,171740,0
58.982,5.15424,0.899883,5.16242,0.82595,5.03773,0.909221,-3.12939,0.0022928,6.49168e-06,9.80333e-07,0.00129997,-0.000572227,0.000528237,171740,0
59.002,5.14424,0.899884,5.15232,0.826206,5.02763,0.909097,-3.12997,0.00232254,6.77347e-06,1.04716e-06,0.0013116,-0.000578221,0.00053166,171740,0
59.022,5.13424,0.899884,5.14248,0.826455,5.01765,0.909204,-3.12942,0.00220634,6.39004e-06,1.12679e-06,0.00126634,-0.000554834,0.000518158,171782,0
59.042,5.12424,0.899885,5.13271,0.826698,5.00789,0.909085,-3.1294,0.00223425,6.65218e-06,1.1902e-06,0.00127723,-0.00056053,0.000521557,171782,0
59.062,5.11424,0.899885,5.12309,0.826934,4.99826,0.908968,-3.12861,0.00226143,6.90566e-06,1.25331e-06,0.00128808,-0.000566192,0.000524963,171782,0
59.082,5.10424,0.899886,5.11316,0.827166,4.98832,0.908839,-3.12704,0.00229024,7.19357e-06,1.32303e-06,0.00129938,-0.000572056,0.000528378,171782,0
59.102,5.09424,0.899886,5.10298,0.827397,4.97814,0.90869,-3.1273,0.00232038,7.53317e-06,1.4034e-06,0.00131109,-0.000578091,0.000531801,171782,0
59.122,5.08424,0.899887,5.09245,0.827633,4.96689,0.908852,-3.12688,0.00220821,7.18575e-06,1.48586e-06,0.00126664,-0.000555071,0.000518299,176896,0
59.142,5.07424,0.899888,5.08217,0.827863,4.95661,0.908701,-3.12728,0.00223892,7.5375e-06,1.56655e-06,0.00127811,-0.000561036,0.000521698,176896,0
59.162,5.06424,0.899888,5.07196,0.82809,4.9464,0.908555,-3.12683,0.00226919,7.87204e-06,1.64512e-06,0.00128962,-0.000567002,0.000525105,176896,0
59.182,5.05424,0.899889,5.06188,0.828317,4.93632,0.908406,-3.12775,0.00229879,8.20728e-06,1.72576e-06,0.00130112,-0.000572946,0.00052852,176896,0
59.202,5.04424,0.899889,5.05185,0.828549,4.92628,0.908267,-3.12795,0.00232816,8.51615e-06,1.80178e-06,0.00131268,-0.000578908,0.000531943,176896,0
59.222,5.03424,0.89989,5.0411,0.828798,4.91546,0.908398,-3.12807,0.00221629,8.07224e-06,1.86675e-06,0.00126834,-0.000555936,0.000518412,177028,0
59.242,5.02424,0.89989,5.03182,0.829014,4.90619,0.908272,-3.12853,0.00224169,8.32795e-06,1.93451e-06,0.00127871,-0.000561382,0.000521811,177028,0
59.262,5.01424,0.899891,5.02159,0.82925,4.89595,0.908139,-3.12764,0.00227212,8.62996e-06,2.00708e-06,0.00129026,-0.000567365,0.000525218,177028,0
59.282,5.00424,0.899891,5.01143,0.829475,4.88578,0.907997,-3.1266,0.00230219,8.94793e-06,2.08451e-06,0.00130186,-0.000573355,0.000528633,177028,0
59.302,4.99424,0.899892,5.00166,0.829679,4.87602,0.907851,-3.12527,0.00233008,9.26105e-06,2.1649e-06,0.00131311,-0.000579173,0.000532056,177028,0
59.322,4.98424,0.899893,4.99156,0.829885,4.86591,0.907685,-3.12545,0.00235984,9.62848e-06,2.25585e-06,0.00132488,-0.000585216,0.000535488,177028,0
59.342,4.97424,0.899893,4.98178,0.830088,4.856,0.907865,-3.12628,0.00223873,9.06154e-06,2.30868e-06,0.00127852,-0.000561224,0.000521668,181616,0
59.362,4.96424,0.899894,4.97174,0.830291,4.84596,0.907712,-3.12485,0.00226814,9.40156e-06,2.39221e-06,0.00128986,-0.000567107,0.000525074,181616,0
59.382,4.95424,0.899894,4.96238,0.830477,4.8366,0.907555,-3.12533,0.00229392,9.72142e-06,2.47787e-06,0.00130052,-0.00057267,0.000528489,181616,0
59.402,4.94424,0.899895,4.95197,0.830685,4.82619,0.907386,-3.12526,0.00232533,1.01086e-05,2.57085e-06,0.00131251,-0.000578827,0.000531912,181616,0
59.422,4.93424,0.899895,4.94158,0.830895,4.81532,0.907576,-3.12595,0.00221182,9.56035e-06,2.61346e-06,0.0012678,-0.000555682,0.000518384,181625,0
59.442,4.92424,0.899896,4.93201,0.83109,4.80575,0.907426,-3.12606,0.00223866,9.87147e-06,2.69464e-06,0.00127848,-0.000561274,0.000521782,181625,0
59.462,4.91424,0.899896,4.92148,0.831307,4.79522,0.907262,-3.12629,0.0022708,1.02497e-05,2.78383e-06,0.00129038,-0.000567417,0.000525188,181625,0
59.482,4.90424,0.899897,4.91183,0.831508,4.78557,0.907115,-3.12664,0.00229808,1.05559e-05,2.86522e-06,0.00130138,-0.000573132,0.000528603,181625,0
59.502,4.89424,0.899897,4.90098,0.831732,4.77472,0.906952,-3.12587,0.00233202,1.09384e-05,2.95496e-06,0.00131389,-0.000579526,0.000532026,181625,0
59.522,4.88424,0.899898,4.89085,0.831931,4.7648,0.907139,-3.12486,0.00221624,1.02754e-05,2.97538e-06,0.00126878,-0.000556189,0.000518473,181644,0
59.542,4.87424,0.899898,4.88052,0.832126,4.75447,0.906966,-3.12457,0.00224719,1.06655e-05,3.06904e-06,0.00128033,-0.00056218,0.000521871,181644,0
59.562,4.86424,0.899899,4.87101,0.832297,4.74496,0.906804,-3.12326,0.00227375,1.09967e-05,3.15768e-06,0.00129107,-0.000567786,0.000525278,181644,0
59.582,4.85424,0.899899,4.86119,0.832467,4.73514,0.906624,-3.12296,0.00230198,1.13799e-05,3.2566e-06,0.00130229,-0.000573598,0.000528692,181644,0
59.602,4.84424,0.8999,4.85126,0.832634,4.72521,0.906439,-3.12252,0.00233075,1.17767e-05,3.35886e-06,0.00131374,-0.000579505,0.000532116,181644,0
59.622,4.83424,0.8999,4.84136,0.832799,4.71531,0.90625,-3.12254,0.00235935,1.21784e-05,3.46384e-06,0.00132527,-0.000585435,0.000535547,181644,0
59.642,4.82424,0.899901,4.83154,0.832961,4.70536,0.906524,-3.12252,0.00223856,1.14386e-05,3.4779e-06,0.00127894,-0.000561452,0.000521718,186247,0
59.662,4.81424,0.899901,4.82141,0.833125,4.69523,0.90633,-3.1224,0.00226842,1.18636e-05,3.58341e-06,0.00129038,-0.000567379,0.000525123,186247,0
59.682,4.80424,0.899902,4.81178,0.833284,4.6856,0.906146,-3.12297,0.00229562,1.22453e-05,3.68529e-06,0.00130137,-0.000573087,0.000528538,186247,0
59.702,4.79424,0.899902,4.80172,0.833457,4.67555,0.905958,-3.12407,0.00232508,1.26486e-05,3.78925e-06,0.00131296,-0.000579059,0.00053196,186247,0
59.722,4.78424,0.899903,4.79163,0.833641,4.66528,0.906198,-3.12509,0.00220993,1.18672e-05,3.78153e-06,0.00126788,-0.00055574,0.000518423,186400,0
59.742,4.77424,0.899903,4.78171,0.833823,4.65537,0.906034,-3.12478,0.00223864,1.22119e-05,3.87141e-06,0.00127896,-0.000561517,0.000521821,186400,0
59.762,4.76424,0.899904,4.77138,0.834015,4.64503,0.90586,-3.12555,0.00226964,1.25945e-05,3.96724e-06,0.00129063,-0.000567554,0.000525226,186400,0
59.782,4.75424,0.899904,4.76135,0.834207,4.63501,0.905699,-3.12603,0.00229892,1.29323e-05,4.05693e-06,0.00130206,-0.000573468,0.000528641,186400,0
59.802,4.74424,0.899905,4.75095,0.834413,4.62461,0.905538,-3.12683,0.00233028,1.32846e-05,4.14788e-06,0.00131406,-0.000579624,0.000532063,186400,0
59.822,4.73424,0.899905,4.74087,0.834622,4.61481,0.905832,-3.12819,0.00221442,1.23747e-05,4.10782e-06,0.00126888,-0.000556253,0.000518506,186425,0
59.842,4.72424,0.899906,4.73087,0.834834,4.60481,0.905698,-3.128,0.00224358,1.26493e-05,4.1827e-06,0.00128006,-0.000562076,0.000521903,186425,0
59.862,4.71424,0.899906,4.72186,0.835024,4.5958,0.905575,-3.12791,0.00226767,1.28695e-05,4.25211e-06,0.00129024,-0.000567424,0.000525309,186425,0
59.882,4.70424,0.899907,4.71152,0.83524,4.58545,0.905434,-3.12768,0.00229871,1.31691e-05,4.33201e-06,0.00130204,-0.000573508,0.000528723,186425,0
59.902,4.69424,0.899907,4.70096,0.83546,4.5749,0.905287,-3.12788,0.00233096,1.34871e-05,4.41535e-06,0.00131422,-0.000579749,0.000532146,186425,0
59.922,4.68424,0.899908,4.69,0.835687,4.5637,0.905557,-3.12787,0.00221999,1.259e-05,4.35876e-06,0.00127,-0.000556822,0.000518582,190981,0
59.942,4.67424,0.899908,4.68004,0.835895,4.55373,0.90542,-3.12833,0.00224897,1.28674e-05,4.43536e-06,0.00128115,-0.000562628,0.00052198,190981,0
59.962,4.66424,0.899909,4.66988,0.836108,4.54357,0.905286,-3.12802,0.00227902,1.31442e-05,4.51144e-06,0.00129265,-0.000568578,0.000525386,190981,0
59.982,4.65424,0.899909,4.66029,0.836304,4.53398,0.905155,-3.12754,0.00230601,1.33927e-05,4.58568e-06,0.00130361,-0.000574268,0.0005288,190981,0
60.002,4.64424,0.899909,4.65047,0.836502,4.52416,0.905017,-3.1273,0.0023342,1.36639e-05,4.66459e-06,0.00131494,-0.000580119,0.000532223,190981,0
60.022,4.63424,0.89991,4.64042,0.836708,4.51387,0.90535,-3.12844,0.00221766,1.27048e-05,4.58819e-06,0.00126965,-0.000556691,0.000518645,191035,0
60.042,4.62424,0.89991,4.6306,0.836908,4.50405,0.905221,-3.12754,0.00224589,1.29584e-05,4.66113e-06,0.00128064,-0.000562425,0.000522043,191035,0
60.062,4.61424,0.899911,4.62081,0.837105,4.49426,0.905083,-3.12805,0.00227391,1.32286e-05,4.73893e-06,0.00129171,-0.000568178,0.000525449,191035,0
60.082,4.60424,0.899911,4.61104,0.837305,4.48449,0.904951,-3.12796,0.00230188,1.34851e-05,4.81459e-06,0.00130287,-0.000573966,0.000528863,191035,0
60.102,4.59424,0.899912,4.60066,0.837512,4.4741,0.904809,-3.1271,0.00233314,1.37794e-05,4.89565e-06,0.00131485,-0.000580116,0.000532285,191035,0
60.122,4.58424,0.899912,4.59093,0.837706,4.46437,0.904668,-3.12816,0.00236087,1.4051e-05,4.977e-06,0.0013262,-0.000585961,0.000535716,191035,0
60.142,4.57424,0.899913,4.58123,0.837902,4.45472,0.904979,-3.1277,0.0022392,1.30035e-05,4.87473e-06,0.00127964,-0.00056187,0.000521865,196347,0
60.162,4.56424,0.899913,4.57074,0.83811,4.44423,0.904834,-3.12777,0.0022711,1.33128e-05,4.95705e-06,0.0012915,-0.000567992,0.00052527,196347,0
60.182,4.55424,0.899913,4.56071,0.83831,4.4342,0.904695,-3.12812,0.00230041,1.35888e-05,5.03619e-06,0.00130295,-0.00057391,0.000528684,196347,0
60.202,4.54424,0.899914,4.55039,0.838517,4.42388,0.904556,-3.12774,0.00233133,1.3873e-05,5.11614e-06,0.00131486,-0.000580025,0.000532106,196347,0
60.222,4.53424,0.899914,4.5401,0.838721,4.41328,0.904877,-3.12801,0.00221654,1.29032e-05,5.00883e-06,0.00126985,-0.000556734,0.000518534,196403,0
60.242,4.52424,0.899915,4.53071,0.838904,4.40389,0.904749,-3.12758,0.0022425,1.31372e-05,5.08131e-06,0.00128036,-0.000562242,0.000521931,196403,0
60.262,4.51424,0.899915,4.5202,0.839109,4.39339,0.904602,-3.12787,0.00227444,1.34477e-05,5.16456e-06,0.00129224,-0.000568368,0.000525336,196403,0
60.282,4.50424,0.899916,4.51033,0.839307,4.38351,0.904467,-3.12882,0.00230293,1.371e-05,5.2423e-06,0.00130352,-0.000574207,0.00052875,196403,0
60.302,4.49424,0.899916,4.50055,0.83951,4.37373,0.904342,-3.12916,0.00233094,1.39441e-05,5.315e-06,0.00131481,-0.00058004,0.000532171,196403,0
60.322,4.48424,0.899916,4.48956,0.839736,4.36231,0.904624,-3.12857,0.00222015,1.29743e-05,5.19091e-06,0.00127058,-0.000557106,0.000518597,198797,0
60.342,4.47424,0.899917,4.47972,0.839928,4.35247,0.904496,-3.12752,0.00224846,1.32197e-05,5.26389e-06,0.0012816,-0.000562848,0.000521994,198797,0
60.362,4.46424,0.899917,4.47036,0.840105,4.34311,0.904364,-3.12744,0.00227426,1.34587e-05,5.33924e-06,0.00129218,-0.000568377,0.000525399,198797,0
60.382,4.45424,0.899918,4.46047,0.840292,4.33322,0.904224,-3.12733,0.00230284,1.373e-05,5.4195e-06,0.00130349,-0.000574226,0.000528813,198797,0
60.402,4.44424,0.899918,4.45038,0.840481,4.32313,0.90408,-3.12726,0.00233249,1.40148e-05,5.50244e-06,0.00131513,-0.000580221,0.000532235,198797,0
60.422,4.43424,0.899918,4.43998,0.840675,4.31245,0.904433,-3.12734,0.00221812,1.30514e-05,5.3713e-06,0.00127022,-0.000556968,0.000518653,201159,0
60.442,4.42424,0.899919,4.42997,0.840861,4.30244,0.90429,-3.12739,0.00224734,1.33339e-05,5.45204e-06,0.00128143,-0.000562798,0.00052205,201159,0
60.462,4.41424,0.899919,4.41926,0.841056,4.29173,0.904138,-3.12679,0.00228047,1.36595e-05,5.53827e-06,0.00129356,-0.000569036,0.000525455,201159,0
60.482,4.40424,0.89992,4.40984,0.841231,4.28231,0.903998,-3.12805,0.00230657,1.39136e-05,5.61846e-06,0.00130433,-0.000574636,0.000528868,201159,0
60.502,4.39424,0.89992,4.40004,0.841421,4.27251,0.903866,-3.12841,0.00233469,1.41624e-05,5.69574e-06,0.00131565,-0.000580481,0.00053229,201159,0
60.522,4.38424,0.899921,4.38971,0.841623,4.26133,0.904195,-3.12866,0.00221964,1.31519e-05,5.5455e-06,0.00127062,-0.00055717,0.000518699,203452,0
60.542,4.37424,0.899921,4.37962,0.841815,4.25124,0.904064,-3.12784,0.00224931,1.34063e-05,5.62014e-06,0.00128192,-0.000563044,0.000522095,203452,0
60.562,4.36424,0.899921,4.3698,0.84199,4.24142,0.903929,-3.12598,0.00227748,1.36618e-05,5.6976e-06,0.00129303,-0.000568814,0.000525501,203452,0
60.582,4.35424,0.899922,4.36022,0.842146,4.23184,0.90378,-3.1249,0.00230441,1.39418e-05,5.78327e-06,0.00130398,-0.0005745,0.000528914,203452,0
60.602,4.34424,0.899922,4.34978,0.842307,4.2214,0.903605,-3.12419,0.00233602,1.43079e-05,5.8827e-06,0.00131605,-0.000580683,0.000532336,203452,0
60.622,4.33424,0.899922,4.34034,0.84245,4.21128,0.903955,-3.12479,0.00221609,1.33216e-05,5.73483e-06,0.00127,-0.000556899,0.000518737,205760,0
60.642,4.32424,0.899923,4.32995,0.842607,4.2009,0.90378,-3.12456,0.00224736,1.36895e-05,5.8325e-06,0.00128163,-0.000562924,0.000522133,205760,0
60.662,4.31424,0.899923,4.31984,0.842761,4.19079,0.903608,-3.12492,0.00227713,1.40397e-05,5.92968e-06,0.00129308,-0.00056885,0.000525538,205760,0
60.682,4.30424,0.899924,4.3097,0.842911,4.18065,0.903439,-3.12366,0.00230706,1.43815e-05,6.02592e-06,0.00130468,-0.000574832,0.000528952,205760,0
60.702,4.29424,0.899924,4.29982,0.843045,4.17077,0.903262,-3.12249,0.00233554,1.473e-05,6.1271e-06,0.00131609,-0.000580713,0.000532373,205760,0
60.722,4.28424,0.899924,4.29015,0.843164,4.16082,0.903618,-3.12152,0.00221685,1.37584e-05,5.97754e-06,0.0012703,-0.000557045,0.000518772,205818,0
60.742,4.27424,0.899925,4.27977,0.843285,4.15044,0.903409,-3.12158,0.00224809,1.42064e-05,6.09306e-06,0.00128193,-0.000563068,0.000522169,205818,0
60.762,4.26424,0.899925,4.27003,0.843405,4.1407,0.903215,-3.12265,0.00227585,1.45916e-05,6.20236e-06,0.00129295,-0.000568797,0.000525574,205818,0
60.782,4.25424,0.899926,4.26048,0.84353,4.13115,0.903034,-3.12343,0.00230264,1.49361e-05,6.30517e-06,0.00130388,-0.00057447,0.000528987,205818,0
60.802,4.24424,0.899926,4.25062,0.843661,4.1213,0.902855,-3.12288,0.00233102,1.52859e-05,6.40771e-06,0.00131526,-0.000580342,0.000532408,205818,0
60.822,4.23424,0.899926,4.24109,0.843785,4.11184,0.903254,-3.1233,0.00221218,1.42448e-05,6.24257e-06,0.00126938,-0.000556635,0.000518817,205876,0
60.842,4.22424,0.899927,4.23039,0.843928,4.10115,0.903058,-3.12409,0.0022452,1.46721e-05,6.3518e-06,0.00128135,-0.00056282,0.000522214,205876,0
60.862,4.21424,0.899927,4.22071,0.844066,4.09146,0.902889,-3.12494,0.00227267,1.49953e-05,6.44818e-06,0.00129231,-0.000568522,0.000525619,205876,0
60.882,4.20424,0.899927,4.21096,0.84421,4.08172,0.902726,-3.12504,0.00230049,1.53026e-05,6.54147e-06,0.00130345,-0.000574298,0.000529032,205876,0
60.902,4.19424,0.899928,4.20128,0.844354,4.07203,0.902566,-3.12523,0.00232798,1.56014e-05,6.63439e-06,0.00131464,-0.000580081,0.000532453,205876,0
60.922,4.18424,0.899928,4.19125,0.8445,4.06137,0.902997,-3.12491,0.00221206,1.4516e-05,6.44973e-06,0.00126934,-0.000556646,0.000518869,213017,0
60.942,4.17424,0.899928,4.18052,0.844655,4.05064,0.902818,-3.12529,0.00224533,1.4901e-05,6.55061e-06,0.00128136,-0.000562854,0.000522265,213017,0
60.962,4.16424,0.899929,4.17028,0.844801,4.0404,0.902651,-3.12449,0.00227578,1.52357e-05,6.64586e-06,0.00129294,-0.000568845,0.00052567,213017,0
60.982,4.15424,0.899929,4.16077,0.84493,4.03089,0.902488,-3.12414,0.00230237,1.55337e-05,6.73954e-06,0.00130382,-0.000574497,0.000529083,213017,0
61.002,4.14424,0.89993,4.15047,0.845065,4.02059,0.902308,-3.12343,0.00233316,1.58975e-05,6.84294e-06,0.00131572,-0.000580605,0.000532505,213017,0
61.022,4.13424,0.89993,4.14028,0.845194,4.00975,0.902741,-3.12356,0.00221753,1.48378e-05,6.65699e-06,0.00127053,-0.000557215,0.000518902,215629,0
61.042,4.12424,0.89993,4.12962,0.845331,3.99909,0.902549,-3.12423,0.00225036,1.52507e-05,6.76491e-06,0.00128248,-0.000563385,0.000522299,215629,0
61.062,4.11424,0.899931,4.11942,0.845464,3.98889,0.902372,-3.12409,0.00228062,1.56064e-05,6.86575e-06,0.00129403,-0.000569359,0.000525704,215629,0
61.082,4.10424,0.899931,4.10921,0.845601,3.97868,0.902194,-3.12499,0.0023109,1.59635e-05,6.96808e-06,0.00130572,-0.000575377,0.000529117,215629,0
61.102,4.09424,0.899931,4.09965,0.845734,3.96912,0.902035,-3.12497,0.00233776,1.62506e-05,7.06065e-06,0.00131678,-0.000581097,0.000532538,215629,0
61.122,4.08424,0.899932,4.09045,0.845868,3.95886,0.902372,-3.12659,0.00221638,1.5051e-05,6.84685e-06,0.0012704,-0.000557156,0.00051892,220091,0
61.142,4.07424,0.899932,4.07931,0.846041,3.94772,0.902205,-3.12736,0.00225201,1.54151e-05,6.94193e-06,0.00128289,-0.000563575,0.000522316,220091,0
61.162,4.06424,0.899932,4.06994,0.846187,3.93835,0.902071,-3.1267,0.00227787,1.56423e-05,7.02006e-06,0.0012935,-0.000569115,0.00052572,220091,0
61.182,4.05424,0.899933,4.05986,0.846337,3.92827,0.901921,-3.12588,0.00230745,1.59257e-05,7.10751e-06,0.00130503,-0.000575065,0.000529133,220091,0
61.202,4.04424,0.899933,4.04975,0.846483,3.91816,0.901762,-3.12587,0.00233721,1.62294e-05,7.20027e-06,0.00131672,-0.000581074,0.000532555,220091,0
61.222,4.03424,0.899933,4.03948,0.846628,3.90789,0.901601,-3.12535,0.00236784,1.65424e-05,7.29506e-06,0.00132872,-0.000587211,0.000535984,220091,0
61.242,4.02424,0.899934,4.02985,0.846765,3.89857,0.902051,-3.12628,0.00224502,1.53194e-05,7.06617e-06,0.0012819,-0.000562989,0.000522084,220268,0
61.262,4.01424,0.899934,4.01996,0.846904,3.88868,0.901899,-3.12542,0.0022736,1.5601e-05,7.15383e-06,0.0012931,-0.000568798,0.000525488,220268,0
61.282,4.00424,0.899934,4.00956,0.847046,3.87828,0.901731,-3.12547,0.00230497,1.59373e-05,7.25096e-06,0.00130499,-0.000574916,0.0005289,220268,0
61.302,3.99424,0.899935,3.99895,0.847189,3.86767,0.90156,-3.12524,0.00233751,1.62857e-05,7.35025e-06,0.00131726,-0.000581188,0.000532321,220268,0
61.322,3.98424,0.899935,3.9886,0.847331,3.85732,0.901391,-3.1258,0.00236858,1.66185e-05,7.44931e-06,0.00132935,-0.000587363,0.00053575,220268,0
61.342,3.97424,0.899935,3.97878,0.847466,3.84819,0.901799,-3.1258,0.00224662,1.5391e-05,7.20903e-06,0.00128269,-0.00056322,0.000521851,220249,0
61.362,3.96424,0.899936,3.96906,0.847595,3.83847,0.901645,-3.12509,0.00227428,1.56706e-05,7.29789e-06,0.00129369,-0.000568936,0.000525254,220249,0
61.382,3.95424,0.899936,3.95916,0.847724,3.82857,0.901482,-3.12541,0.00230292,1.59771e-05,7.39259e-06,0.00130502,-0.00057479,0.000528666,220249,0
61.402,3.94424,0.899936,3.94886,0.847858,3.81827,0.901315,-3.12495,0.00233374,1.63028e-05,7.48968e-06,0.00131693,-0.000580896,0.000532085,220249,0
61.422,3.93424,0.899937,3.93851,0.847995,3.80774,0.901685,-3.12635,0.00221889,1.51821e-05,7.25456e-06,0.00127182,-0.000557555,0.000518485,222551,0
61.442,3.92424,0.899937,3.92838,0.848144,3.7976,0.901531,-3.12806,0.00224877,1.54772e-05,7.34345e-06,0.00128318,-0.000563447,0.000521879,222551,0
61.462,3.91424,0.899937,3.91798,0.848304,3.78721,0.90139,-3.12787,0.00228012,1.57451e-05,7.42577e-06,0.00129496,-0.00056952,0.000525282,222551,0
61.482,3.90424,0.899937,3.90772,0.848461,3.77695,0.901249,-3.1279,0.0023107,1.60075e-05,7.50868e-06,0.0013067,-0.000575562,0.000528694,222551,0
61.502,3.89424,0.899938,3.89791,0.848614,3.76713,0.901115,-3.12832,0.00233888,1.62415e-05,7.5888e-06,0.00131806,-0.000581413,0.000532113,222551,0
61.522,3.88424,0.899938,3.88747,0.848775,3.75665,0.901586,-3.12815,0.00222395,1.5045e-05,7.32711e-06,0.00127297,-0.000558079,0.000518496,224952,0
61.542,3.87424,0.899938,3.87753,0.848921,3.74671,0.901452,-3.12705,0.00225277,1.52844e-05,7.40521e-06,0.00128412,-0.000563871,0.00052189,224952,0
61.562,3.86424,0.899939,3.86719,0.84907,3.73637,0.901302,-3.12776,0.00228379,1.55732e-05,7.49259e-06,0.00129584,-0.000569912,0.000525293,224952,0
61.582,3.85424,0.899939,3.85745,0.849214,3.72663,0.901167,-3.12772,0.00231159,1.58072e-05,7.57241e-06,0.001307,-0.000575685,0.000528704,224952,0
61.602,3.84424,0.899939,3.8472,0.849365,3.71638,0.901025,-3.12756,0.00234209,1.60701e-05,7.65666e-06,0.00131886,-0.000581762,0.000532124,224952,0
61.622,3.83424,0.89994,3.83738,0.849505,3.70557,0.901502,-3.12723,0.00222341,1.48714e-05,7.38648e-06,0.00127302,-0.000558082,0.000518495,234620,0
61.642,3.82424,0.89994,3.82685,0.849647,3.69504,0.901351,-3.12642,0.0022555,1.51692e-05,7.47376e-06,0.00128484,-0.000564181,0.00052189,234620,0
61.662,3.81424,0.89994,3.81755,0.84977,3.68574,0.90121,-3.12673,0.00228102,1.54066e-05,7.55641e-06,0.00129538,-0.000569682,0.000525292,234620,0
61.682,3.80424,0.899941,3.80725,0.849913,3.67544,0.901057,-3.1278,0.00231182,1.56985e-05,7.64589e-06,0.00130718,-0.000575746,0.000528703,234620,0
61.702,3.79424,0.899941,3.79734,0.850056,3.66553,0.90092,-3.12781,0.00234049,1.59387e-05,7.72733e-06,0.00131865,-0.000581645,0.000532123,234620,0
61.722,3.78424,0.899941,3.78678,0.850205,3.6546,0.901345,-3.12741,0.00222605,1.47924e-05,7.45415e-06,0.00127365,-0.000558354,0.000518498,234604,0
61.742,3.77424,0.899941,3.77613,0.850353,3.64396,0.901194,-3.12779,0.00225882,1.50926e-05,7.54139e-06,0.00128561,-0.000564515,0.000521892,234604,0
61.762,3.76424,0.899942,3.76612,0.850498,3.63395,0.901056,-3.12865,0.00228801,1.53413e-05,7.62247e-06,0.00129696,-0.000570384,0.000525294,234604,0
61.782,3.75424,0.899942,3.75596,0.850649,3.62379,0.900924,-3.12858,0.00231804,1.55768e-05,7.70067e-06,0.00130861,-0.000576375,0.000528705,234604,0
61.802,3.74424,0.899942,3.74662,0.850791,3.61445,0.900803,-3.12926,0.00234376,1.57689e-05,7.77417e-06,0.00131943,-0.000581975,0.000532125,234604,0
61.822,3.73424,0.899943,3.73662,0.850948,3.60398,0.901195,-3.1299,0.00222581,1.4571e-05,7.48322e-06,0.00127374,-0.000558366,0.000518489,236922,0
61.842,3.72424,0.899943,3.72687,0.851102,3.59423,0.901081,-3.12979,0.00225363,1.47592e-05,7.55125e-06,0.00128468,-0.00056406,0.000521883,236922,0
61.862,3.71424,0.899943,3.71702,0.851248,3.58438,0.900965,-3.12803,0.00228199,1.49533e-05,7.62089e-06,0.00129585,-0.000569847,0.000525285,236922,0
61.882,3.70424,0.899943,3.70712,0.851392,3.57447,0.900831,-3.12912,0.00231063,1.5189e-05,7.70053e-06,0.00130719,-0.000575703,0.000528696,236922,0
61.902,3.69424,0.899944,3.69702,0.851542,3.56437,0.900704,-3.12884,0.00234035,1.54088e-05,7.77635e-06,0.00131888,-0.000581705,0.000532115,236922,0
61.922,3.68424,0.899944,3.68713,0.851693,3.55418,0.901143,-3.13011,0.00222221,1.42504e-05,7.48173e-06,0.00127311,-0.000558058,0.000518488,239245,0
61.942,3.67424,0.899944,3.67714,0.851848,3.54418,0.901028,-3.12983,0.00225136,1.44456e-05,7.55012e-06,0.00128433,-0.000563881,0.000521882,239245,0
61.962,3.66424,0.899945,3.66724,0.851996,3.53428,0.900912,-3.12889,0.00227998,1.46413e-05,7.61986e-06,0.00129555,-0.000569694,0.000525284,239245,0
61.982,3.65424,0.899945,3.65688,0.852153,3.52392,0.90078,-3.13026,0.0023111,1.4882e-05,7.69803e-06,0.00130741,-0.000575787,0.000528695,239245,0
62.002,3.64424,0.899945,3.64685,0.852311,3.51389,0.900667,-3.13004,0.00234044,1.50712e-05,7.76726e-06,0.00131902,-0.000581753,0.000532114,239245,0
62.022,3.63424,0.899945,3.63636,0.852473,3.50337,0.901081,-3.13012,0.00222559,1.39471e-05,7.46579e-06,0.00127391,-0.000558412,0.000518485,239338,0
62.042,3.62424,0.899946,3.62701,0.852618,3.49402,0.900974,-3.13036,0.00225137,1.41125e-05,7.53025e-06,0.0012844,-0.000563901,0.000521879,239338,0
62.062,3.61424,0.899946,3.61684,0.852777,3.48385,0.900859,-3.1304,0.00228143,1.43088e-05,7.59877e-06,0.00129593,-0.000569853,0.000525281,239338,0
62.082,3.60424,0.899946,3.60609,0.852949,3.4731,0.900739,-3.13116,0.0023148,1.45312e-05,7.67096e-06,0.00130825,-0.000576155,0.000528692,239338,0
62.102,3.59424,0.899946,3.59593,0.853111,3.46293,0.900633,-3.13029,0.00234485,1.47051e-05,7.73609e-06,0.00132002,-0.000582189,0.00053211,239338,0
62.122,3.58424,0.899947,3.58606,0.853266,3.45307,0.900522,-3.13068,0.00237331,1.48848e-05,7.80459e-06,0.00133156,-0.000588108,0.000535538,239338,0
62.142,3.57424,0.899947,3.57655,0.853418,3.44421,0.900942,-3.13114,0.00224918,1.3704e-05,7.48422e-06,0.00128439,-0.000563738,0.00052162,243800,0
62.162,3.56424,0.899947,3.56659,0.853578,3.43426,0.900838,-3.13121,0.0022781,1.38725e-05,7.54729e-06,0.00129567,-0.000569576,0.000525022,243800,0
62.182,3.55424,0.899948,3.55671,0.853735,3.42438,0.900736,-3.1308,0.00230661,1.40349e-05,7.61e-06,0.00130698,-0.000575416,0.000528431,243800,0
62.202,3.54424,0.899948,3.54653,0.853895,3.41419,0.900626,-3.13086,0.00233681,1.42194e-05,7.6771e-06,0.00131876,-0.000581461,0.000531849,243800,0
62.222,3.53424,0.899948,3.53699,0.854043,3.40466,0.900523,-3.13053,0.00236349,1.43727e-05,7.74055e-06,0.0013299,-0.000587197,0.000535276,243800,0
62.242,3.52424,0.899948,3.52728,0.854188,3.39506,0.900933,-3.12976,0.00224161,1.32571e-05,7.42086e-06,0.00128308,-0.000563001,0.000521394,248924,0
62.262,3.51424,0.899949,3.51726,0.854331,3.38504,0.900814,-3.12974,0.00227092,1.34622e-05,7.49146e-06,0.00129443,-0.000568874,0.000524795,248924,0
62.282,3.50424,0.899949,3.5074,0.854473,3.37518,0.900697,-3.12995,0.0022993,1.36576e-05,7.56155e-06,0.00130569,-0.000574698,0.000528203,248924,0
62.302,3.49424,0.899949,3.49698,0.854619,3.36476,0.900576,-3.12894,0.00233077,1.38748e-05,7.63451e-06,0.00131773,-0.000580861,0.000531621,248924,0
62.322,3.48424,0.899949,3.48676,0.854752,3.35387,0.901005,-3.12835,0.00221561,1.28829e-05,7.331e-06,0.00127243,-0.000557448,0.000518032,253457,0
62.342,3.47424,0.89995,3.4769,0.854878,3.34401,0.900874,-3.12884,0.00224401,1.31134e-05,7.40726e-06,0.00128347,-0.000563194,0.000521425,253457,0
62.362,3.46424,0.89995,3.46747,0.854992,3.33458,0.900754,-3.12699,0.00227017,1.33087e-05,7.47862e-06,0.00129414,-0.000568755,0.000524825,253457,0
62.382,3.45424,0.89995,3.45737,0.855102,3.32447,0.900607,-3.12634,0.00229991,1.35826e-05,7.56485e-06,0.0013057,-0.000574711,0.000528234,253457,0
62.402,3.44424,0.89995,3.44748,0.855204,3.31459,0.900456,-3.12592,0.00232844,1.38556e-05,7.65338e-06,0.00131712,-0.00058059,0.000531651,253457,0
62.422,3.43424,0.899951,3.43771,0.855305,3.30451,0.900904,-3.12678,0.00221116,1.29103e-05,7.36067e-06,0.00127137,-0.000556971,0.00051807,253597,0
62.442,3.42424,0.899951,3.42776,0.855407,3.29457,0.900757,-3.12608,0.00224003,1.31819e-05,7.44563e-06,0.0012825,-0.000562761,0.000521462,253597,0
62.462,3.41424,0.899951,3.41753,0.855505,3.28434,0.900598,-3.12558,0.00227044,1.34873e-05,7.53713e-06,0.00129408,-0.00056874,0.000524863,253597,0
62.482,3.40424,0.899951,3.4076,0.855595,3.27441,0.900439,-3.12495,0.00229924,1.37823e-05,7.62946e-06,0.00130544,-0.000574605,0.000528272,253597,0
62.502,3.39424,0.899952,3.39786,0.855677,3.26467,0.900277,-3.12449,0.002327,1.4076e-05,7.72403e-06,0.00131668,-0.000580408,0.000531689,253597,0
62.522,3.38424,0.899952,3.38772,0.855761,3.2543,0.900726,-3.12492,0.00221182,1.31685e-05,7.43969e-06,0.00127136,-0.000556988,0.000518112,255846,0
62.542,3.37424,0.899952,3.37717,0.855843,3.24375,0.90055,-3.12399,0.00224401,1.35279e-05,7.53956e-06,0.00128318,-0.000563091,0.000521504,255846,0
62.562,3.36424,0.899952,3.36681,0.855915,3.23339,0.900367,-3.12324,0.00227518,1.38947e-05,7.6436e-06,0.00129492,-0.000569142,0.000524905,255846,0
62.582,3.35424,0.899953,3.35689,0.855982,3.22347,0.900185,-3.12354,0.00230387,1.42411e-05,7.74813e-06,0.00130626,-0.000574997,0.000528314,255846,0
62.602,3.34424,0.899953,3.34683,0.856046,3.21341,0.900004,-3.12252,0.00233339,1.45905e-05,7.85327e-06,0.0013179,-0.000580975,0.000531731,255846,0
62.622,3.33424,0.899953,3.33675,0.856107,3.20304,0.900536,-3.12346,0.00221712,1.36729e-05,7.57516e-06,0.00127243,-0.000557479,0.000518136,260739,0
62.642,3.32424,0.899953,3.32708,0.856167,3.19337,0.900361,-3.12328,0.00224453,1.39981e-05,7.67494e-06,0.00128327,-0.000563128,0.000521528,260739,0
62.662,3.31424,0.899953,3.31751,0.856223,3.1838,0.900185,-3.12284,0.00227142,1.43175e-05,7.7754e-06,0.0012941,-0.000568763,0.000524928,260739,0
62.682,3.30424,0.899954,3.3078,0.856271,3.1741,0.900003,-3.1214,0.002299,1.46548e-05,7.88008e-06,0.0013052,-0.000574508,0.000528337,260739,0
62.702,3.29424,0.899954,3.29718,0.856318,3.16348,0.899789,-3.12187,0.00233159,1.51049e-05,8.00267e-06,0.00131747,-0.000580777,0.000531754,260739,0
62.722,3.28424,0.899954,3.28654,0.85637,3.15285,0.899579,-3.12221,0.00236428,1.55413e-05,8.12365e-06,0.0013299,-0.000587098,0.00053518,272933,0
62.742,3.27424,0.899954,3.27634,0.856418,3.14194,0.900072,-3.12209,0.00224496,1.45361e-05,7.83806e-06,0.00128365,-0.000563165,0.000521303,272933,0
62.762,3.26424,0.899955,3.2669,0.856464,3.13251,0.899888,-3.123,0.00227115,1.48685e-05,7.94323e-06,0.00129433,-0.000568728,0.000524702,272933,0
62.782,3.25424,0.899955,3.25631,0.856523,3.12192,0.899691,-3.12343,0.00230358,1.52742e-05,8.05592e-06,0.00130644,-0.000574937,0.00052811,272933,0
62.802,3.24424,0.899955,3.24636,0.856579,3.11197,0.89951,-3.12321,0.00233248,1.56142e-05,8.16088e-06,0.00131795,-0.000580852,0.000531527,272933,0
62.822,3.23424,0.899955,3.23659,0.856629,3.10131,0.900005,-3.12295,0.00221466,1.45597e-05,7.86866e-06,0.00127212,-0.000557202,0.00051794,275215,0
62.842,3.22424,0.899955,3.22607,0.856682,3.09079,0.899809,-3.12333,0.00224669,1.49638e-05,7.97952e-06,0.00128392,-0.000563289,0.000521332,275215,0
62.862,3.21424,0.899956,3.21614,0.856737,3.08086,0.899628,-3.12411,0.00227547,1.53072e-05,8.0835e-06,0.00129516,-0.000569111,0.000524731,275215,0
62.882,3.20424,0.899956,3.20605,0.856791,3.07078,0.899451,-3.12281,0.0023051,1.56424e-05,8.18556e-06,0.00130671,-0.000575055,0.000528139,275215,0
62.902,3.19424,0.899956,3.19602,0.856841,3.06075,0.899263,-3.12362,0.00233442,1.60016e-05,8.2947e-06,0.0013183,-0.000581011,0.000531556,275215,0
62.922,3.18424,0.899956,3.18524,0.856899,3.04997,0.899069,-3.12345,0.00236795,1.64013e-05,8.40753e-06,0.0013309,-0.000587409,0.000534981,275215,0
62.942,3.17424,0.899957,3.17604,0.856945,3.04081,0.899635,-3.12332,0.00224287,1.52057e-05,8.09667e-06,0.00128343,-0.000562922,0.000521099,277526,0
62.962,3.16424,0.899957,3.16591,0.856994,3.03068,0.89945,-3.12364,0.00227272,1.55639e-05,8.20263e-06,0.0012949,-0.000568843,0.000524498,277526,0
62.982,3.15424,0.899957,3.15576,0.857042,3.02053,0.899268,-3.12321,0.0023027,1.59143e-05,8.30788e-06,0.00130651,-0.000574819,0.000527905,277526,0
63.002,3.14424,0.899957,3.14559,0.857084,3.01036,0.899081,-3.12242,0.00233278,1.62743e-05,8.41637e-06,0.00131827,-0.000580847,0.000531321,277526,0
63.022,3.13424,0.899957,3.13562,0.857112,3.0004,0.89889,-3.12049,0.00236174,1.66338e-05,8.52782e-06,0.0013299,-0.000586806,0.000534745,287127,0
63.042,3.12424,0.899958,3.1259,0.85713,2.99005,0.899477,-3.12116,0.0022401,1.55218e-05,8.23185e-06,0.0012831,-0.000562637,0.000520888,287127,0
63.062,3.11424,0.899958,3.11624,0.857154,2.98039,0.89928,-3.12224,0.00226746,1.58893e-05,8.34441e-06,0.00129403,-0.000568313,0.000524287,287127,0
63.082,3.10424,0.899958,3.10649,0.857186,2.97064,0.899091,-3.12271,0.00229529,1.62383e-05,8.45318e-06,0.00130518,-0.000574076,0.000527693,287127,0
63.102,3.09424,0.899958,3.09643,0.857217,2.96059,0.898901,-3.12195,0.00232476,1.65996e-05,8.56335e-06,0.00131679,-0.000580041,0.000531108,287127,0
63.122,3.08424,0.899958,3.0859,0.857243,2.94856,0.899401,-3.12199,0.00221204,1.55495e-05,8.27057e-06,0.0012719,-0.000556845,0.000517558,294630,0
63.142,3.07424,0.899959,3.07628,0.857264,2.93894,0.899212,-3.12169,0.0022392,1.58964e-05,8.37795e-06,0.00128268,-0.000562462,0.000520948,294630,0
63.162,3.06424,0.899959,3.06593,0.857286,2.9286,0.899006,-3.12217,0.00227023,1.63104e-05,8.49506e-06,0.00129438,-0.000568493,0.000524346,294630,0
63.182,3.05424,0.899959,3.05545,0.857315,2.91811,0.898802,-3.12275,0.00230207,1.67229e-05,8.61188e-06,0.00130637,-0.000574642,0.000527753,294630,0
63.202,3.04424,0.899959,3.04564,0.857346,2.90831,0.898618,-3.12314,0.00233016,1.70607e-05,8.71949e-06,0.00131769,-0.000580472,0.000531168,294630,0
63.222,3.03424,0.89996,3.03554,0.857379,2.89821,0.898431,-3.12289,0.0023599,1.74121e-05,8.82885e-06,0.00132949,-0.000586507,0.000534591,296963,0
63.242,3.02424,0.89996,3.0256,0.857413,2.88794,0.898992,-3.12402,0.00223966,1.61917e-05,8.51207e-06,0.00128297,-0.000562474,0.000520748,296963,0
63.262,3.01424,0.89996,3.01602,0.857449,2.87837,0.898824,-3.12392,0.00226655,1.64874e-05,8.60969e-06,0.00129379,-0.000568102,0.000524145,296963,0
63.282,3.00424,0.89996,3.0057,0.857484,2.86805,0.898642,-3.12346,0.00229749,1.68406e-05,8.71547e-06,0.00130559,-0.000574164,0.000527552,296963,0
63.302,2.99424,0.89996,2.99518,0.85751,2.85753,0.898451,-3.1221,0.00232949,1.72186e-05,8.82631e-06,0.00131773,-0.000580368,0.000530966,296963,0
63.322,2.98424,0.89996,2.98531,0.857529,2.84766,0.898259,-3.12229,0.00235795,1.75735e-05,8.93886e-06,0.00132925,-0.000586274,0.000534389,296963,0
63.342,2.97424,0.899961,2.97487,0.857551,2.83737,0.898846,-3.12311,0.00224071,1.63951e-05,8.62444e-06,0.00128331,-0.000562518,0.000520558,299614,0
63.362,2.96424,0.899961,2.96533,0.857578,2.82784,0.89867,-3.12408,0.00226742,1.67064e-05,8.72632e-06,0.0012941,-0.000568126,0.000523955,299614,0
63.382,2.95424,0.899961,2.95513,0.857607,2.81763,0.898491,-3.1233,0.00229768,1.70449e-05,8.8302e-06,0.00130575,-0.000574122,0.00052736,299614,0
63.402,2.94424,0.899961,2.94479,0.85763,2.8073,0.898302,-3.1227,0.00232867,1.74109e-05,8.94029e-06,0.00131768,-0.000580229,0.000530774,299614,0
63.422,2.93424,0.899961,2.93538,0.857649,2.79689,0.898891,-3.12363,0.00220946,1.6172e-05,8.61552e-06,0.00127149,-0.000556437,0.000517226,367056,0
63.442,2.92424,0.899962,2.92555,0.857675,2.78706,0.898714,-3.12431,0.00223769,1.64953e-05,8.71694e-06,0.00128248,-0.000562156,0.000520615,367056,0
63.462,2.91424,0.899962,2.91583,0.857704,2.77734,0.898546,-3.12436,0.00226537,1.67937e-05,8.81467e-06,0.00129347,-0.000567861,0.000524012,367056,0
63.482,2.90424,0.899962,2.90557,0.85773,2.76708,0.89837,-3.1236,0.00229596,1.7129e-05,8.91768e-06,0.00130519,-0.000573888,0.000527418,367056,0
63.502,2.89424,0.899962,2.89555,0.857751,2.75706,0.898189,-3.1234,0.00232523,1.74618e-05,9.02326e-06,0.00131675,-0.00057983,0.000530832,367056,0
63.522,2.88424,0.899962,2.88494,0.857767,2.74634,0.899021,-3.12293,0.00221285,1.62944e-05,8.70045e-06,0.00127195,-0.000556683,0.000517294,429622,0
63.542,2.87424,0.899963,2.87513,0.857781,2.73653,0.898837,-3.12406,0.00224102,1.66318e-05,8.80542e-06,0.00128294,-0.000562397,0.000520683,429622,0
63.562,2.86424,0.899963,2.86566,0.857802,2.72706,0.898671,-3.12446,0.00226739,1.69164e-05,8.90218e-06,0.00129364,-0.000567971,0.000524081,429622,0
63.582,2.85424,0.899963,2.85533,0.857819,2.71673,0.898494,-3.12295,0.00229836,1.72538e-05,9.00543e-06,0.00130544,-0.000574035,0.000527486,429622,0
63.602,2.84424,0.899963,2.84496,0.857831,2.70636,0.898301,-3.12353,0.00232951,1.76293e-05,9.11794e-06,0.00131741,-0.000580159,0.0005309,429622,0
63.622,2.83424,0.899963,2.83543,0.857844,2.6973,0.899111,-3.12398,0.00221081,1.63595e-05,8.77942e-06,0.00127137,-0.000556436,0.000517351,458557,0
63.642,2.82424,0.899964,2.82518,0.857853,2.68705,0.89893,-3.12332,0.00224131,1.67054e-05,8.88307e-06,0.00128283,-0.000562373,0.00052074,458557,0
63.662,2.81424,0.899964,2.81442,0.857856,2.6763,0.898734,-3.12273,0.00227471,1.71084e-05,8.99588e-06,0.001295,-0.000568619,0.000524137,458557,0
63.682,2.80424,0.899964,2.80491,0.857856,2.66678,0.898554,-3.12273,0.00230131,1.74216e-05,9.1005e-06,0.00130588,-0.000574257,0.000527543,458557,0
63.702,2.79424,0.899964,2.79454,0.857853,2.65642,0.898359,-3.12217,0.00233248,1.78019e-05,9.21436e-06,0.00131785,-0.000580383,0.000530957,458557,0
63.722,2.78424,0.899964,2.78503,0.857846,2.64742,0.89915,-3.12246,0.0022133,1.65415e-05,8.87691e-06,0.00127175,-0.000556629,0.000517399,479745,0
63.742,2.77424,0.899964,2.77453,0.85784,2.63692,0.898949,-3.12313,0.00224522,1.69461e-05,8.99127e-06,0.00128351,-0.000562699,0.000520788,479745,0
63.762,2.76424,0.899965,2.7648,0.85784,2.62719,0.898769,-3.12374,0.00227293,1.72682e-05,9.09535e-06,0.00129451,-0.000568409,0.000524185,479745,0
63.782,2.75424,0.899965,2.75477,0.857846,2.61716,0.89859,-3.12421,0.00230228,1.75981e-05,9.19993e-06,0.00130598,-0.00057432,0.000527591,479745,0
63.802,2.74424,0.899965,2.7449,0.857853,2.60729,0.898419,-3.12419,0.0023307,1.79021e-05,9.30117e-06,0.00131737,-0.000580181,0.000531005,479745,0
63.822,2.73424,0.899965,2.73499,0.857858,2.59743,0.899162,-3.12424,0.00221386,1.66198e-05,8.9528e-06,0.00127176,-0.000556653,0.000517452,505885,0
63.842,2.72424,0.899965,2.72426,0.857863,2.5867,0.898976,-3.12469,0.0022471,1.69958e-05,9.05964e-06,0.00128377,-0.000562842,0.000520841,505885,0
63.862,2.71424,0.899965,2.71375,0.857867,2.57619,0.898798,-3.12434,0.00227908,1.73402e-05,9.16279e-06,0.00129567,-0.00056896,0.000524238,505885,0
63.882,2.70424,0.899966,2.70411,0.857868,2.56656,0.898632,-3.12399,0.00230628,1.76258e-05,9.26062e-06,0.00130668,-0.000574661,0.000527644,505885,0
63.902,2.69424,0.899966,2.69428,0.857871,2.55673,0.898459,-3.1248,0.00233453,1.79316e-05,9.36276e-06,0.00131804,-0.000580505,0.000531058,505885,0
63.922,2.68424,0.899966,2.68439,0.857876,2.54683,0.898293,-3.12438,0.00236313,1.8222e-05,9.462e-06,0.00132959,-0.000586426,0.000534481,505885,0
63.942,2.67424,0.899966,2.67446,0.857879,2.53811,0.899129,-3.12502,0.00224241,1.68862e-05,9.09991e-06,0.00128304,-0.000562389,0.000520642,517574,0
63.962,2.66424,0.899966,2.6642,0.857884,2.52785,0.898958,-3.1254,0.002273,1.72033e-05,9.19911e-06,0.00129465,-0.000568375,0.000524039,517574,0
63.982,2.65424,0.899966,2.65398,0.857886,2.51762,0.898793,-3.12452,0.00230338,1.75062e-05,9.29663e-06,0.00130633,-0.000574383,0.000527444,517574,0
64.002,2.64424,0.899967,2.64456,0.857881,2.50821,0.898632,-3.12392,0.00232944,1.77707e-05,9.39225e-06,0.0013172,-0.000580004,0.000530857,517574,0
64.022,2.63424,0.899967,2.63411,0.85787,2.49795,0.899404,-3.12416,0.00221571,1.65484e-05,9.0413e-06,0.00127219,-0.000556764,0.000517313,538592,0
64.042,2.62424,0.899967,2.62322,0.857851,2.48706,0.899214,-3.12326,0.00224989,1.69391e-05,9.15013e-06,0.00128439,-0.000563036,0.000520702,538592,0
64.062,2.61424,0.899967,2.61332,0.85783,2.47716,0.899032,-3.12319,0.0022785,1.727e-05,9.25531e-06,0.0012956,-0.000568835,0.000524099,538592,0
64.082,2.60424,0.899967,2.60346,0.857812,2.4673,0.898851,-3.12415,0.00230692,1.75973e-05,9.36122e-06,0.00130688,-0.000574654,0.000527504,538592,0
64.102,2.59424,0.899967,2.59353,0.85781,2.45737,0.898678,-3.12629,0.0023357,1.79061e-05,9.46355e-06,0.00131835,-0.00058055,0.000530918,538592,0
64.122,2.58424,0.899968,2.58312,0.857813,2.44696,0.898518,-3.1253,0.00236711,1.81948e-05,9.55915e-06,0.0013305,-0.000586742,0.00053434,538592,0
64.142,2.57424,0.899968,2.57329,0.85781,2.43811,0.899275,-3.12551,0.00224537,1.68332e-05,9.18312e-06,0.00128377,-0.000562625,0.000520495,555070,0
64.162,2.56424,0.899968,2.56356,0.85781,2.42838,0.899118,-3.12653,0.00227311,1.7101e-05,9.27529e-06,0.00129478,-0.000568334,0.000523891,555070,0
64.182,2.55424,0.899968,2.55395,0.85781,2.41877,0.898974,-3.1258,0.00230019,1.73369e-05,9.36192e-06,0.00130576,-0.000574019,0.000527296,555070,0
64.202,2.54424,0.899968,2.54383,0.857809,2.40865,0.898814,-3.1262,0.00232998,1.76201e-05,9.45709e-06,0.00131743,-0.00058001,0.000530709,555070,0
64.222,2.53424,0.899968,2.53454,0.857807,2.39982,0.899613,-3.12602,0.00221001,1.62826e-05,9.07796e-06,0.00127112,-0.000556172,0.000517168,566590,0
64.242,2.52424,0.899969,2.5238,0.857801,2.38908,0.899446,-3.12623,0.0022433,1.66096e-05,9.17503e-06,0.00128314,-0.000562362,0.000520556,566590,0
64.262,2.51424,0.899969,2.51376,0.857799,2.37905,0.899292,-3.12685,0.00227266,1.6881e-05,9.26597e-06,0.00129448,-0.000568231,0.000523953,566590,0
64.282,2.50424,0.899969,2.50375,0.8578,2.36904,0.899144,-3.12683,0.00230184,1.7134e-05,9.35402e-06,0.00130591,-0.000574123,0.000527357,566590,0
64.302,2.49424,0.899969,2.49373,0.8578,2.35902,0.898996,-3.1267,0.00233114,1.73869e-05,9.44294e-06,0.00131748,-0.000580067,0.00053077,566590,0
64.322,2.48424,0.899969,2.48425,0.8578,2.34954,0.898855,-3.12677,0.00235753,1.76077e-05,9.52878e-06,0.00132853,-0.000585759,0.000534192,566590,0
64.342,2.47424,0.899969,2.47366,0.857796,2.33972,0.899624,-3.12671,0.00224118,1.63219e-05,9.14639e-06,0.00128281,-0.000562118,0.000520381,585439,0
64.362,2.46424,0.899969,2.46335,0.857794,2.32942,0.899471,-3.12756,0.00227202,1.65996e-05,9.23683e-06,0.00129446,-0.000568125,0.000523777,585439,0
64.382,2.45424,0.89997,2.4545,0.857799,2.32056,0.899347,-3.12846,0.00229532,1.67736e-05,9.31261e-06,0.00130457,-0.000573412,0.000527181,585439,0
64.402,2.44424,0.89997,2.44454,0.857809,2.3106,0.899216,-3.12838,0.00232429,1.69856e-05,9.39241e-06,0.00131605,-0.000579321,0.000530594,585439,0
64.422,2.43424,0.89997,2.43459,0.857818,2.30095,0.900004,-3.12871,0.00220843,1.57007e-05,9.00377e-06,0.00127058,-0.000555877,0.000517077,604691,0
64.442,2.42424,0.89997,2.4241,0.85783,2.29046,0.899869,-3.12952,0.00224029,1.59409e-05,9.08408e-06,0.0012823,-0.000561936,0.000520465,604691,0
64.462,2.41424,0.89997,2.4136,0.857839,2.27997,0.899742,-3.12835,0.00227219,1.61588e-05,9.16054e-06,0.00129416,-0.000568042,0.000523861,604691,0
64.482,2.40424,0.89997,2.4038,0.857842,2.27017,0.899613,-3.12826,0.00230029,1.63668e-05,9.23914e-06,0.00130535,-0.000573826,0.000527265,604691,0
64.502,2.39424,0.899971,2.39354,0.857846,2.25991,0.899476,-3.12869,0.00233085,1.66003e-05,9.32194e-06,0.00131718,-0.000579891,0.000530678,604691,0
64.522,2.38424,0.899971,2.38331,0.857843,2.24954,0.90032,-3.12728,0.00221573,1.53556e-05,8.93161e-06,0.00127193,-0.000556546,0.000517142,621774,0
64.542,2.37424,0.899971,2.37363,0.857829,2.23987,0.900181,-3.12714,0.00224317,1.55842e-05,9.01355e-06,0.00128276,-0.000562186,0.00052053,621774,0
64.562,2.36424,0.899971,2.36401,0.857813,2.23025,0.900042,-3.12685,0.00227029,1.58105e-05,9.09627e-06,0.00129362,-0.000567834,0.000523926,621774,0
64.582,2.35424,0.899971,2.35432,0.857799,2.22056,0.899899,-3.12764,0.00229781,1.60463e-05,9.18166e-06,0.00130469,-0.000573561,0.00052733,621774,0
64.602,2.34424,0.899971,2.3446,0.857787,2.21084,0.899764,-3.12748,0.00232547,1.62645e-05,9.26376e-06,0.00131589,-0.000579343,0.000530743,621774,0
64.622,2.33424,0.899971,2.33465,0.857776,2.20089,0.899623,-3.12781,0.00235437,1.64981e-05,9.34901e-06,0.00132748,-0.000585288,0.000534164,621774,0
64.642,2.32424,0.899972,2.32465,0.857762,2.19089,0.899485,-3.12691,0.00238352,1.6725e-05,9.43342e-06,0.00133924,-0.000591299,0.000537593,630605,0
64.662,2.31424,0.899972,2.31455,0.857751,2.18235,0.900307,-3.12897,0.00226123,1.54757e-05,9.03628e-06,0.00129214,-0.000566942,0.000523518,630605,0
64.682,2.30424,0.899972,2.30502,0.857745,2.17282,0.900187,-3.12851,0.00228792,1.56576e-05,9.10967e-06,0.001303,-0.00057258,0.000526922,630605,0
64.702,2.29424,0.899972,2.29489,0.857739,2.16269,0.900054,-3.12905,0.0023178,1.58797e-05,9.19005e-06,0.00131466,-0.000578575,0.000530333,630605,0
64.722,2.28424,0.899972,2.28532,0.857727,2.15312,0.899934,-3.12728,0.00234467,1.60587e-05,9.26426e-06,0.00132578,-0.00058431,0.000533753,630605,0
64.742,2.27424,0.899972,2.27535,0.857706,2.14365,0.900711,-3.12793,0.00222644,1.48776e-05,8.87407e-06,0.00127958,-0.000560462,0.000519999,649784,0
64.762,2.26424,0.899972,2.26488,0.857682,2.13317,0.900568,-3.12764,0.00225823,1.51379e-05,8.9587e-06,0.00129139,-0.000566551,0.000523393,649784,0
64.782,2.25424,0.899972,2.25495,0.857659,2.12325,0.900429,-3.12765,0.00228697,1.5371e-05,9.04148e-06,0.00130268,-0.000572392,0.000526796,649784,0
64.802,2.24424,0.899973,2.24511,0.857636,2.1134,0.900292,-3.12771,0.0023153,1.55976e-05,9.12419e-06,0.00131401,-0.000578233,0.000530208,649784,0
64.822,2.23424,0.899973,2.23499,0.857616,2.10316,0.901077,-3.12904,0.00220142,1.44734e-05,8.74131e-06,0.00126888,-0.000554959,0.000516735,663135,0
64.842,2.22424,0.899973,2.22484,0.8576,2.09301,0.90095,-3.12908,0.0022314,1.46897e-05,8.8172e-06,0.0012802,-0.000560838,0.000520121,663135,0
64.862,2.21424,0.899973,2.21414,0.857583,2.08231,0.900816,-3.12916,0.00226449,1.49336e-05,8.89701e-06,0.00129228,-0.000567048,0.000523516,663135,0
64.882,2.20424,0.899973,2.20402,0.857571,2.0722,0.90069,-3.12993,0.00229425,1.51417e-05,8.97305e-06,0.0013038,-0.00057299,0.000526919,663135,0
64.902,2.19424,0.899973,2.19367,0.857562,2.06184,0.900569,-3.1297,0.00232535,1.53418e-05,9.04699e-06,0.00131572,-0.000579101,0.000530331,663135,0
64.922,2.18424,0.899973,2.18341,0.85755,2.05159,0.900447,-3.12946,0.00235591,1.55411e-05,9.12204e-06,0.00132766,-0.000585204,0.00053375,663135,0
64.942,2.17424,0.899974,2.17398,0.857539,2.04239,0.901176,-3.13018,0.00223348,1.43298e-05,8.71835e-06,0.00128071,-0.000561004,0.000519968,688769,0
64.962,2.16424,0.899974,2.16431,0.857536,2.03272,0.901065,-3.13173,0.00226089,1.44959e-05,8.78574e-06,0.00129162,-0.000566674,0.000523363,688769,0
64.982,2.15424,0.899974,2.15403,0.857541,2.02244,0.900964,-3.13189,0.00229161,1.46506e-05,8.84889e-06,0.00130333,-0.000572705,0.000526766,688769,0
65.002,2.14424,0.899974,2.14417,0.857551,2.01258,0.900868,-3.13283,0.00232002,1.47837e-05,8.90939e-06,0.00131468,-0.000578554,0.000530177,688769,0
65.022,2.13424,0.899974,2.13433,0.85757,2.002,0.901606,-3.13421,0.00220405,1.36038e-05,8.50219e-06,0.00126918,-0.000555109,0.000516695,710808,0
65.042,2.12424,0.899974,2.12408,0.8576,1.99175,0.90153,-3.13531,0.00223461,1.36998e-05,8.55101e-06,0.00128062,-0.000561043,0.000520081,710808,0
65.062,2.11424,0.899974,2.11406,0.857631,1.98172,0.901467,-3.13469,0.00226389,1.37624e-05,8.59345e-06,0.00129192,-0.000566897,0.000523475,710808,0
65.082,2.10424,0.899974,2.10465,0.857657,1.97232,0.901402,-3.13449,0.00228993,1.38241e-05,8.63718e-06,0.00130263,-0.000572468,0.000526878,710808,0
65.102,2.09424,0.899975,2.09433,0.857683,1.962,0.901329,-3.13445,0.00232084,1.3912e-05,8.68558e-06,0.00131451,-0.000578561,0.00053029,710808,0
65.122,2.08424,0.899975,2.08418,0.857705,1.95185,0.901256,-3.13371,0.0023508,1.39955e-05,8.73388e-06,0.0013263,-0.000584604,0.000533709,710808,0
65.142,2.07424,0.899975,2.07383,0.857723,1.94106,0.90201,-3.13416,0.00223395,1.28713e-05,8.32043e-06,0.00128049,-0.000560933,0.000519947,737411,0
65.162,2.06424,0.899975,2.06409,0.857745,1.93132,0.901938,-3.13532,0.00226173,1.29558e-05,8.36751e-06,0.00129147,-0.00056664,0.000523341,737411,0
65.182,2.05424,0.899975,2.05443,0.857774,1.92166,0.901877,-3.13571,0.00228908,1.30118e-05,8.40866e-06,0.00130247,-0.000572343,0.000526744,737411,0
65.202,2.04424,0.899975,2.04378,0.857809,1.91101,0.901815,-3.1359,0.00232183,1.30787e-05,8.45116e-06,0.00131472,-0.000578606,0.000530155,737411,0
65.222,2.03424,0.899975,2.03426,0.85784,1.90031,0.902555,-3.13614,0.00220401,1.19848e-05,8.03647e-06,0.00126887,-0.000554997,0.000516672,759936,0
65.242,2.02424,0.899975,2.02416,0.857878,1.89021,0.9025,-3.13728,0.00223374,1.20347e-05,8.07396e-06,0.00128014,-0.000560852,0.000520058,759936,0
65.262,2.01424,0.899976,2.01426,0.85792,1.88031,0.902457,-3.13724,0.00226233,1.2054e-05,8.10524e-06,0.00129129,-0.000566638,0.000523452,759936,0
65.282,2.00424,0.899976,2.00377,0.857963,1.86982,0.902411,-3.13717,0.00229421,1.20816e-05,8.13827e-06,0.00130324,-0.000572779,0.000526855,759936,0
65.302,1.99424,0.899976,1.99449,0.858001,1.86055,0.90237,-3.13717,0.0023196,1.20947e-05,8.16902e-06,0.00131391,-0.000578322,0.000530266,759936,0
65.322,1.98424,0.899976,1.98397,0.858044,1.84864,0.903041,-3.13767,0.00220748,1.10794e-05,7.7572e-06,0.00126924,-0.000555255,0.000516789,785205,0
65.342,1.97424,0.899976,1.97365,0.858088,1.83832,0.903,-3.13801,0.00223841,1.1098e-05,7.78681e-06,0.00128076,-0.000561224,0.000520175,785205,0
65.362,1.96424,0.899976,1.96313,0.858131,1.8278,0.902963,-3.13731,0.00227044,1.11094e-05,7.8151e-06,0.00129262,-0.000567338,0.00052357,785205,0
65.382,1.95424,0.899976,1.95259,0.858178,1.81726,0.902917,-3.13875,0.0023026,1.11389e-05,7.84749e-06,0.00130464,-0.000573506,0.000526973,785205,0
65.402,1.94424,0.899976,1.94251,0.858229,1.80718,0.902889,-3.13873,0.00233218,1.11273e-05,7.87135e-06,0.00131625,-0.000579473,0.000530384,785205,0
65.422,1.93424,0.899977,1.93256,0.858274,1.79562,0.903592,-3.13803,0.00221539,1.01559e-05,7.45613e-06,0.00127077,-0.000556019,0.000516869,817985,0
65.442,1.92424,0.899977,1.92226,0.858311,1.78533,0.903555,-3.13747,0.00224615,1.01681e-05,7.48336e-06,0.00128227,-0.000561974,0.000520255,817985,0
65.462,1.91424,0.899977,1.91246,0.858343,1.77553,0.903515,-3.1372,0.00227424,1.01876e-05,7.51269e-06,0.00129333,-0.000567715,0.00052365,817985,0
65.482,1.90424,0.899977,1.90228,0.85838,1.76534,0.90347,-3.13847,0.0023044,1.02179e-05,7.54446e-06,0.00130495,-0.000573698,0.000527053,817985,0
65.502,1.89424,0.899977,1.89178,0.858421,1.75484,0.903437,-3.13787,0.00233632,1.02193e-05,7.5701e-06,0.00131706,-0.000579888,0.000530465,817985,0
65.522,1.88424,0.899977,1.88234,0.858456,1.74397,0.904134,-3.1384,0.00221635,9.34831e-06,7.16692e-06,0.00127095,-0.000556139,0.000516935,838577,0
65.542,1.87424,0.899977,1.87192,0.858497,1.73355,0.9041,-3.13886,0.00224781,9.35532e-06,7.19202e-06,0.00128259,-0.00056216,0.000520321,838577,0
65.562,1.86424,0.899977,1.86198,0.858539,1.72361,0.904073,-3.13906,0.00227665,9.3472e-06,7.21409e-06,0.00129382,-0.000567976,0.000523716,838577,0
65.582,1.85424,0.899977,1.85183,0.858591,1.71346,0.904048,-3.14071,0.00230665,9.33522e-06,7.23553e-06,0.00130541,-0.000573943,0.00052712,838577,0
65.602,1.84424,0.899978,1.84147,0.858657,1.7031,0.904038,-3.14146,0.00233777,9.28256e-06,7.24834e-06,0.00131735,-0.00058006,0.000530531,838577,0
65.622,1.83424,0.899978,1.83204,0.858725,1.69213,0.904719,3.14021,0.00221753,8.42545e-06,6.83808e-06,0.0012712,-0.000556287,0.000516994,871036,0
65.642,1.82424,0.899978,1.82207,0.858802,1.68216,0.904733,3.14026,0.00224657,8.32492e-06,6.83845e-06,0.00128235,-0.000562081,0.000520381,871036,0
65.662,1.81424,0.899978,1.81184,0.858881,1.67193,0.904747,3.14012,0.00227698,8.22218e-06,6.83883e-06,0.0012939,-0.000568048,0.000523776,871036,0
65.682,1.80424,0.899978,1.80175,0.85896,1.66184,0.904762,3.14001,0.00230662,8.11796e-06,6.83848e-06,0.00130542,-0.000573981,0.000527179,871036,0
65.702,1.79424,0.899978,1.79133,0.859041,1.65142,0.904778,3.14025,0.00233806,8.00653e-06,6.83725e-06,0.00131743,-0.000580129,0.000530591,871036,0
65.722,1.78424,0.899978,1.78144,0.859122,1.64153,0.904792,3.13903,0.00236663,7.90828e-06,6.83763e-06,0.00132896,-0.000586041,0.000534011,871036,0
65.742,1.77424,0.899978,1.77159,0.859207,1.63137,0.905605,3.13901,0.00224514,7.10845e-06,6.41946e-06,0.00128239,-0.000561998,0.000520197,982409,0
65.762,1.76424,0.899978,1.76154,0.859293,1.62132,0.905631,3.13853,0.00227457,6.98273e-06,6.41292e-06,0.00129373,-0.000567869,0.000523591,982409,0
65.782,1.75424,0.899978,1.75246,0.859371,1.61224,0.905658,3.13881,0.00229898,6.86578e-06,6.4053e-06,0.00130409,-0.000573273,0.000526994,982409,0
65.802,1.74424,0.899979,1.74285,0.859451,1.60264,0.905685,3.13921,0.00232605,6.74429e-06,6.39809e-06,0.00131515,-0.00057899,0.000530405,982409,0
65.822,1.73424,0.899979,1.73367,0.85952,1.59346,0.905707,3.1403,0.00235095,6.63895e-06,6.39336e-06,0.00132583,-0.000584522,0.000533825,982409,0
65.842,1.72424,0.899979,1.72302,0.859595,1.58251,0.906623,3.13953,0.00223574,5.97874e-06,5.99773e-06,0.00128039,-0.000561012,0.000520062,1.08015e+06,0
65.862,1.71424,0.899979,1.71249,0.859672,1.57198,0.906645,3.13922,0.00226782,5.86163e-06,5.99283e-06,0.00129226,-0.000567129,0.000523457,1.08015e+06,0
65.882,1.70424,0.899979,1.70232,0.859753,1.56181,0.906669,3.1383,0.00229792,5.74297e-06,5.98657e-06,0.00130385,-0.000573102,0.000526859,1.08015e+06,0
65.902,1.69424,0.899979,1.69173,0.859843,1.55122,0.906704,3.13799,0.00233036,5.59297e-06,5.97458e-06,0.00131605,-0.000579338,0.00053027,1.08015e+06,0
65.922,1.68424,0.899979,1.68181,0.859919,1.54092,0.907673,3.13939,0.00221363,4.99227e-06,5.58691e-06,0.00127055,-0.000555878,0.000516762,1.15452e+06,0
65.942,1.67424,0.899979,1.67165,0.859986,1.53076,0.907695,3.13943,0.00224367,4.88193e-06,5.58127e-06,0.0012819,-0.000561764,0.000520148,1.15452e+06,0
65.962,1.66424,0.899979,1.6612,0.860055,1.52031,0.907718,3.13956,0.00227528,4.7681e-06,5.57542e-06,0.00129369,-0.000567839,0.000523542,1.15452e+06,0
65.982,1.65424,0.89998,1.65169,0.860118,1.5108,0.907737,3.13919,0.00230188,4.67211e-06,5.57119e-06,0.00130454,-0.00057347,0.000526945,1.15452e+06,0
66.002,1.64424,0.89998,1.64155,0.860179,1.50066,0.907761,3.14078,0.00233179,4.55789e-06,5.56424e-06,0.00131623,-0.000579469,0.000530356,1.15452e+06,0
66.022,1.63424,0.89998,1.63164,0.860222,1.49076,0.907769,-3.14086,0.00236044,4.48409e-06,5.56581e-06,0.00132776,-0.000585385,0.000533775,1.15452e+06,0
66.042,1.62424,0.89998,1.62196,0.860257,1.48086,0.908675,-3.14141,0.00223876,4.08537e-06,5.21041e-06,0.00128108,-0.000561302,0.000519988,1.21962e+06,0
66.062,1.61424,0.89998,1.61149,0.860295,1.47038,0.908673,-3.14155,0.00227057,4.03557e-06,5.21689e-06,0.0012929,-0.000567392,0.000523382,1.21962e+06,0
66.082,1.60424,0.89998,1.60194,0.860324,1.46084,0.908673,-3.14014,0.00229734,3.98664e-06,5.22256e-06,0.00130378,-0.000573039,0.000526784,1.21962e+06,0
66.102,1.59424,0.89998,1.59209,0.860355,1.45098,0.908659,3.14125,0.0023257,3.96803e-06,5.23556e-06,0.00131512,-0.000578883,0.000530194,1.21962e+06,0
66.122,1.58424,0.89998,1.58223,0.860395,1.44112,0.908662,3.14115,0.00235411,3.90868e-06,5.23926e-06,0.00132659,-0.000584774,0.000533613,1.21962e+06,0
66.142,1.57424,0.89998,1.57213,0.860438,1.43044,0.90961,3.14014,0.00223542,3.53482e-06,4.89478e-06,0.00128047,-0.000560953,0.000519849,1.28217e+06,0
66.162,1.56424,0.89998,1.56193,0.860486,1.42024,0.909624,3.13987,0.00226568,3.44939e-06,4.89217e-06,0.00129197,-0.000566897,0.000523242,1.28217e+06,0
66.182,1.55424,0.899981,1.55229,0.860534,1.4106,0.909641,3.13939,0.00229291,3.36486e-06,4.88857e-06,0.00130294,-0.000572588,0.000526644,1.28217e+06,0
66.202,1.54424,0.899981,1.5429,0.860583,1.40121,0.909662,3.13937,0.0023189,3.27366e-06,4.88273e-06,0.00131375,-0.000578191,0.000530054,1.28217e+06,0
66.222,1.53424,0.899981,1.53238,0.860639,1.3907,0.909685,3.13906,0.0023509,3.16474e-06,4.87536e-06,0.00132597,-0.000584426,0.000533473,1.28217e+06,0
66.242,1.52424,0.899981,1.52281,0.860693,1.38036,0.910605,3.13826,0.00222986,2.82198e-06,4.53789e-06,0.00127932,-0.000560366,0.000519723,1.33371e+06,0
66.262,1.51424,0.899981,1.51288,0.860749,1.37044,0.910638,3.13854,0.00225861,2.69991e-06,4.52537e-06,0.00129049,-0.000566164,0.000523116,1.33371e+06,0
66.282,1.50424,0.899981,1.50284,0.860799,1.36039,0.910668,3.1394,0.00228801,2.58234e-06,4.51397e-06,0.00130192,-0.000572066,0.000526518,1.33371e+06,0
66.302,1.49424,0.899981,1.49242,0.860848,1.34998,0.910691,3.1391,0.00231944,2.47965e-06,4.50656e-06,0.00131389,-0.000578203,0.000529927,1.33371e+06,0
66.322,1.48424,0.899981,1.48228,0.860892,1.33984,0.910716,3.14024,0.00234938,2.37403e-06,4.49775e-06,0.00132567,-0.00058424,0.000533345,1.39423e+06,0
66.342,1.47424,0.899981,1.47166,0.860934,1.32827,0.911659,3.13896,0.00223421,2.11683e-06,4.18197e-06,0.00128021,-0.000560733,0.000519605,1.39423e+06,0
66.362,1.46424,0.899981,1.4617,0.860974,1.31832,0.911686,3.13973,0.00226313,2.01391e-06,4.17257e-06,0.00129143,-0.000566547,0.000522998,1.39423e+06,0
66.382,1.45424,0.899981,1.45147,0.861016,1.30809,0.911705,3.1387,0.00229356,1.92544e-06,4.16682e-06,0.00130308,-0.000572546,0.000526399,1.39423e+06,0
66.402,1.44424,0.899982,1.44103,0.861068,1.29764,0.911735,3.13788,0.00232518,1.80784e-06,4.15509e-06,0.0013151,-0.000578701,0.000529808,1.39423e+06,0
66.422,1.43424,0.899982,1.43089,0.861127,1.28576,0.912648,3.13656,0.00221023,1.55474e-06,3.84787e-06,0.00126991,-0.000555396,0.000516332,1.45859e+06,0
66.442,1.42424,0.899982,1.42061,0.86119,1.27548,0.9127,3.13651,0.00224091,1.38977e-06,3.82498e-06,0.00128138,-0.000561338,0.000519717,1.45859e+06,0
66.462,1.41424,0.899982,1.41039,0.861254,1.26526,0.912752,3.13648,0.00227127,1.22579e-06,3.80176e-06,0.00129291,-0.000567291,0.00052311,1.45859e+06,0
66.482,1.40424,0.899982,1.40033,0.861318,1.25519,0.912803,3.13607,0.00230078,1.06613e-06,3.7786e-06,0.00130439,-0.000573206,0.000526511,1.45859e+06,0
66.502,1.39424,0.899982,1.39018,0.861386,1.24505,0.912859,3.13581,0.00233072,8.94769e-07,3.75279e-06,0.00131607,-0.000579202,0.000529921,1.45859e+06,0
66.522,1.38424,0.899982,1.38037,0.86145,1.23332,0.913718,3.13592,0.00221336,6.89273e-07,3.4523e-06,0.00127045,-0.000555692,0.000516427,1.53089e+06,0
66.542,1.37424,0.899982,1.37011,0.86152,1.22306,0.913777,3.1348,0.00224395,5.12915e-07,3.42557e-06,0.00128191,-0.000561626,0.000519812,1.53089e+06,0
66.562,1.36424,0.899982,1.35979,0.861593,1.21274,0.913847,3.1353,0.00227486,3.07337e-07,3.39242e-06,0.00129356,-0.000567633,0.000523205,1.53089e+06,0
66.582,1.35424,0.899982,1.34951,0.861669,1.20246,0.913911,3.13403,0.00230556,1.16278e-07,3.3618e-06,0.00130529,-0.000573661,0.000526607,1.53089e+06,0
66.602,1.34424,0.899982,1.33986,0.861743,1.19281,0.913984,3.13459,0.00233287,-8.0434e-08,3.32656e-06,0.00131641,-0.0005794,0.000530017,1.53089e+06,0
66.622,1.33424,0.899982,1.3302,0.861809,1.18071,0.914824,3.1354,0.00221441,-2.15134e-07,3.03816e-06,0.00127059,-0.000555793,0.000516514,1.62137e+06,0
66.642,1.32424,0.899983,1.31976,0.861866,1.17026,0.914889,3.13695,0.00224602,-4.06458e-07,3.00757e-06,0.00128225,-0.000561823,0.000519899,1.62137e+06,0
66.662,1.31424,0.899983,1.30987,0.861909,1.16038,0.914934,3.13744,0.00227455,-5.42574e-07,2.98653e-06,0.00129341,-0.000567604,0.000523293,1.62137e+06,0
66.682,1.30424,0.899983,1.29976,0.86195,1.15027,0.914976,3.13747,0.00230433,-6.72316e-07,2.96734e-06,0.00130495,-0.000573546,0.000526694,1.62137e+06,0
66.702,1.29424,0.899983,1.28996,0.861993,1.14047,0.915017,3.13689,0.00233241,-7.93716e-07,2.94883e-06,0.00131624,-0.000579362,0.000530104,1.62137e+06,0
66.722,1.28424,0.899983,1.27999,0.862042,1.12845,0.91611,3.13547,0.00221569,-8.23903e-07,2.68802e-06,0.00127078,-0.000555922,0.000516601,1.80606e+06,0
66.742,1.27424,0.899983,1.27015,0.862092,1.1186,0.916171,3.13627,0.00224401,-9.8985e-07,2.65933e-06,0.00128177,-0.000561641,0.000519986,1.80606e+06,0
66.762,1.26424,0.899983,1.26017,0.862136,1.10862,0.916224,3.13656,0.00227308,-1.14102e-06,2.6341e-06,0.00129304,-0.000567475,0.00052338,1.80606e+06,0
66.782,1.25424,0.899983,1.2499,0.862181,1.09835,0.916275,3.13623,0.00230369,-1.29238e-06,2.60944e-06,0.00130474,-0.000573496,0.000526782,1.80606e+06,0
66.802,1.24424,0.899983,1.2406,0.862222,1.08905,0.916325,3.1365,0.0023292,-1.42454e-06,2.58551e-06,0.00131546,-0.000579052,0.000530192,1.80606e+06,0
66.822,1.23424,0.899983,1.23054,0.862268,1.079,0.916376,3.13577,0.00235866,-1.57051e-06,2.56067e-06,0.00132716,-0.000585046,0.00053361,1.97043e+06,0
66.842,1.22424,0.899983,1.22062,0.862312,1.06763,0.917632,3.13623,0.00223851,-1.55245e-06,2.30929e-06,0.00128081,-0.000561115,0.000519838,1.97043e+06,0
66.862,1.21424,0.899983,1.21039,0.862352,1.0574,0.917687,3.13608,0.00226892,-1.70807e-06,2.28277e-06,0.00129234,-0.000567074,0.000523231,1.97043e+06,0
66.882,1.20424,0.899984,1.20048,0.862387,1.0475,0.917741,3.13679,0.00229755,-1.85724e-06,2.25617e-06,0.00130363,-0.000572904,0.000526633,1.97043e+06,0
66.902,1.19424,0.899984,1.19013,0.862414,1.03714,0.917791,3.138,0.00232868,-2.0014e-06,2.23187e-06,0.00131555,-0.000579015,0.000530043,1.97043e+06,0
66.922,1.18424,0.899984,1.18049,0.862433,1.0275,0.917826,3.13779,0.0023559,-2.10036e-06,2.21544e-06,0.00132676,-0.000584783,0.000533461,2.14166e+06,0
66.942,1.17424,0.899984,1.17011,0.862457,1.01557,0.919133,3.13676,0.00223857,-1.99757e-06,1.99172e-06,0.00128094,-0.000561107,0.000519701,2.14166e+06,0
66.962,1.16424,0.899984,1.16002,0.862475,1.00548,0.919181,3.13821,0.00226825,-2.13339e-06,1.96801e-06,0.00129233,-0.000566995,0.000523093,2.14166e+06,0
66.982,1.15424,0.899984,1.14997,0.862481,0.995436,0.919215,3.13892,0.00229764,-2.23322e-06,1.95183e-06,0.00130377,-0.000572897,0.000526495,2.14166e+06,0
67.002,1.14424,0.899984,1.13954,0.862483,0.985001,0.919243,3.13884,0.00232919,-2.32168e-06,1.93876e-06,0.00131578,-0.000579047,0.000529904,2.14166e+06,0
67.022,1.13424,0.899984,1.12879,0.862491,0.974256,0.919273,3.13795,0.00236252,-2.41692e-06,1.92465e-06,0.00132829,-0.000585404,0.000533322,2.14166e+06,0
67.042,1.12424,0.899984,1.11868,0.862502,0.962605,0.920555,3.13726,0.00224289,-2.27385e-06,1.71947e-06,0.00128206,-0.000561535,0.000519546,2.27827e+06,0
67.062,1.11424,0.899984,1.10889,0.862517,0.952817,0.920598,3.13644,0.00227092,-2.38801e-06,1.69878e-06,0.0012931,-0.000567262,0.000522939,2.27827e+06,0
67.082,1.10424,0.899984,1.09863,0.862529,0.942557,0.920651,3.13794,0.0023015,-2.53281e-06,1.67241e-06,0.0013048,-0.000573276,0.000526339,2.27827e+06,0
67.102,1.09424,0.899984,1.08811,0.862532,0.93203,0.920689,3.13822,0.00233357,-2.64523e-06,1.65346e-06,0.00131693,-0.000579473,0.000529748,2.27827e+06,0
67.122,1.08424,0.899984,1.0782,0.862529,0.91954,0.921945,3.13816,0.00221635,-2.47303e-06,1.46928e-06,0.00127134,-0.000555985,0.000516251,2.43814e+06,0
67.142,1.07424,0.899985,1.06858,0.862529,0.909919,0.921978,3.13724,0.00224351,-2.56176e-06,1.45331e-06,0.00128209,-0.000561587,0.000519635,2.43814e+06,0
67.162,1.06424,0.899985,1.05871,0.862536,0.900044,0.922021,3.13654,0.002272,-2.67578e-06,1.432e-06,0.00129323,-0.00056736,0.000523028,2.43814e+06,0
67.182,1.05424,0.899985,1.04906,0.862543,0.890399,0.922069,3.13697,0.00229927,-2.79946e-06,1.40752e-06,0.00130422,-0.000573053,0.000526429,2.43814e+06,0
67.202,1.04424,0.899985,1.0389,0.862548,0.880243,0.922116,3.13698,0.00232928,-2.92522e-06,1.3838e-06,0.00131592,-0.000579055,0.000529838,2.43814e+06,0
67.222,1.03424,0.899985,1.02857,0.862552,0.866773,0.923453,3.13671,0.00221493,-2.76873e-06,1.20836e-06,0.00127089,-0.000555823,0.000516351,2.66021e+06,0
67.242,1.02424,0.899985,1.01848,0.862542,0.85668,0.923502,3.13872,0.0022446,-2.89801e-06,1.1837e-06,0.00128216,-0.00056167,0.000519735,2.66021e+06,0
67.262,1.01424,0.899985,1.00858,0.862524,0.846781,0.92353,3.13856,0.00227322,-2.9759e-06,1.16964e-06,0.00129334,-0.000567456,0.000523128,2.66021e+06,0
67.282,1.00424,0.899985,0.998349,0.862498,0.836553,0.923561,3.13996,0.00230362,-3.06223e-06,1.15415e-06,0.001305,-0.000573456,0.000526529,2.66021e+06,0
67.302,0.994237,0.899985,0.98876,0.862464,0.826964,0.923577,3.14046,0.0023306,-3.10835e-06,1.1466e-06,0.00131604,-0.00057916,0.000529939,2.66021e+06,0
67.322,0.984251,0.899983,0.979166,0.86243,0.814552,0.925185,3.13912,0.00221211,-2.84395e-06,1.00458e-06,0.00127018,-0.00055554,0.000516446,2.96081e+06,0
67.342,0.976284,0.899985,0.972397,0.86241,0.807783,0.925202,3.13843,0.00222643,-2.87677e-06,9.96511e-07,0.00127773,-0.000559668,0.00051983,2.96081e+06,0
67.362,0.972234,0.899985,0.969784,0.862404,0.80517,0.92521,3.13766,0.00222934,-2.88394e-06,9.92781e-07,0.00128065,-0.00056166,0.000523223,2.96081e+06,0
67.382,0.971677,0.899985,0.96908,0.862403,0.804466,0.925213,3.13763,0.00222991,-2.88531e-06,9.9189e-07,0.00128145,-0.000562663,0.000526625,2.96081e+06,0
67.402,0.971677,0.899985,0.969164,0.862403,0.80455,0.925213,3.13802,0.0022301,-2.88619e-06,9.92626e-07,0.00128135,-0.000563253,0.000530034,2.96081e+06,0
67.422,0.971677,0.899985,0.968722,0.862402,0.801434,0.9269,3.137,0.00209691,-2.60489e-06,8.77427e-07,0.00122826,-0.000536216,0.000517018,3.06068e+06,0
67.442,0.971677,0.899985,0.968575,0.862401,0.801287,0.926901,3.1368,0.00209713,-2.60569e-06,8.77537e-07,0.00122842,-0.000536894,0.000520404,3.06068e+06,0
67.462,0.971677,0.899985,0.968755,0.862402,0.801468,0.9269,3.13666,0.00209737,-2.60715e-06,8.78447e-07,0.00122822,-0.000537401,0.000523798,3.06068e+06,0
67.482,0.971677,0.899985,0.968129,0.862401,0.800842,0.926903,3.13647,0.00209788,-2.60855e-06,8.77288e-07,0.0012289,-0.000538332,0.000527201,3.06068e+06,0
67.502,0.971677,0.899985,0.968146,0.862401,0.800859,0.926903,3.13606,0.00209805,-2.60943e-06,8.77792e-07,0.00122888,-0.000538925,0.000530612,3.06068e+06,0
67.522,0.971677,0.899985,0.968652,0.862401,0.798939,0.928476,3.13544,0.00197982,-2.37068e-06,7.81902e-07,0.00117905,-0.000513296,0.000518288,3.07395e+06,0
67.542,0.971677,0.899985,0.968934,0.862402,0.799221,0.928474,3.13506,0.00198011,-2.37315e-06,7.83181e-07,0.00117876,-0.00051372,0.000521677,3.07395e+06,0
67.562,0.971677,0.899985,0.968889,0.862402,0.799176,0.928474,3.13488,0.00198029,-2.3742e-06,7.83408e-07,0.0011788,-0.000514315,0.000525074,3.07395e+06,0
67.582,0.971677,0.899985,0.968381,0.862401,0.798668,0.928478,3.13441,0.00198072,-2.37572e-06,7.81992e-07,0.00117932,-0.000515153,0.00052848,3.07395e+06,0
67.602,0.971677,0.899985,0.967689,0.862401,0.797976,0.928483,3.13457,0.00198127,-2.37769e-06,7.79737e-07,0.00118004,-0.00051609,0.000531894,3.07395e+06,0
67.622,0.971677,0.899985,0.967823,0.862401,0.79811,0.928482,3.1337,0.00198149,-2.3796e-06,7.80611e-07,0.0011799,-0.000516591,0.000535317,3.07959e+06,0
67.642,0.971677,0.899985,0.968329,0.862401,0.796466,0.929884,3.13316,0.00187575,-2.17415e-06,6.98689e-07,0.00113389,-0.000492597,0.000523489,3.07959e+06,0
67.662,0.971677,0.899985,0.968221,0.862401,0.796359,0.929885,3.13345,0.00187595,-2.17551e-06,6.98523e-07,0.001134,-0.000493196,0.000526891,3.07959e+06,0
67.682,0.971677,0.899985,0.968479,0.862401,0.796616,0.929883,3.13259,0.00187623,-2.17864e-06,6.99933e-07,0.00113375,-0.000493604,0.000530301,3.07959e+06,0
67.702,0.971677,0.899985,0.968478,0.862401,0.796615,0.929883,3.13194,0.00187639,-2.18008e-06,7.00238e-07,0.00113375,-0.000494147,0.00053372,3.07959e+06,0
67.722,0.971677,0.899985,0.968129,0.862401,0.794313,0.931166,3.13155,0.00178125,-1.99757e-06,6.25262e-07,0.00109205,-0.00047224,0.000522537,3.0875e+06,0
67.742,0.971677,0.899985,0.967294,0.862401,0.793478,0.931174,3.13202,0.00178192,-2.00084e-06,6.21116e-07,0.00109284,-0.000473194,0.000525936,3.0875e+06,0
67.762,0.971677,0.899985,0.967571,0.862401,0.793755,0.931172,3.131,0.00178221,-2.00471e-06,6.22756e-07,0.00109258,-0.000473564,0.000529344,3.0875e+06,0
67.782,0.971677,0.899985,0.967543,0.862401,0.793727,0.931172,3.13252,0.00178238,-2.0064e-06,6.22843e-07,0.00109261,-0.000474096,0.00053276,3.0875e+06,0
67.802,0.971677,0.899985,0.967714,0.862401,0.793898,0.93117,3.13219,0.00178261,-2.00916e-06,6.23907e-07,0.00109245,-0.000474522,0.000536185,3.0875e+06,0
67.822,0.971677,0.899985,0.967515,0.862401,0.793699,0.931172,3.13197,0.00178286,-2.01074e-06,6.2315e-07,0.00109263,-0.000475145,0.000539617,3.0875e+06,0
67.842,0.971677,0.899985,0.967875,0.862401,0.792317,0.932352,3.13156,0.00169678,-1.85288e-06,5.61351e-07,0.00105326,-0.000454148,0.000528763,3.09573e+06,0
67.862,0.971677,0.899985,0.967604,0.862401,0.792046,0.932355,3.13036,0.00169707,-1.85467e-06,5.60107e-07,0.0010535,-0.000454783,0.000532177,3.09573e+06,0
67.882,0.971677,0.899985,0.967898,0.862401,0.79234,0.932352,3.13041,0.00169737,-1.85937e-06,5.62058e-07,0.00105323,-0.000455118,0.0005356,3.09573e+06,0
67.902,0.971677,0.899985,0.968264,0.862401,0.792706,0.932348,3.13142,0.00169771,-1.86483e-06,5.64451e-07,0.0010529,-0.000455413,0.000539031,3.09573e+06,0
67.922,0.971677,0.899985,0.969518,0.862402,0.79396,0.932335,3.13208,0.00169876,-1.88065e-06,5.71532e-07,0.00105176,-0.000455228,0.00054247,3.09573e+06,0
67.942,0.971677,0.899985,0.969072,0.862401,0.791779,0.933388,3.13199,0.00162051,-1.73694e-06,5.1234e-07,0.00101597,-0.000435976,0.00053203,3.07875e+06,0
67.962,0.971677,0.899985,0.968486,0.8624,0.791193,0.933393,3.13319,0.001621,-1.7394e-06,5.09499e-07,0.00101648,-0.000436756,0.000535452,3.07875e+06,0
67.982,0.971677,0.899985,0.967994,0.862398,0.790701,0.933398,3.13491,0.00162141,-1.74135e-06,5.0744e-07,0.00101691,-0.000437487,0.000538883,3.07875e+06,0
68.002,0.971677,0.899985,0.968034,0.862398,0.790741,0.933397,3.13317,0.00162159,-1.74262e-06,5.07734e-07,0.00101687,-0.000437935,0.000542322,3.07875e+06,0
68.022,0.971677,0.899985,0.967543,0.862397,0.788828,0.934506,3.13182,0.0015502,-1.61499e-06,4.55754e-07,0.00098348,-0.000419846,0.000532296,3.07578e+06,0
68.042,0.971677,0.899985,0.966811,0.862396,0.788096,0.934513,3.13147,0.00155079,-1.61804e-06,4.52054e-07,0.000984094,-0.000420683,0.000535719,3.07578e+06,0
68.062,0.971677,0.899985,0.966559,0.862396,0.787844,0.934516,3.13031,0.00155106,-1.61989e-06,4.50788e-07,0.000984307,-0.000421266,0.00053915,3.07578e+06,0
68.082,0.971677,0.899985,0.966017,0.862395,0.787302,0.934522,3.13072,0.00155151,-1.62263e-06,4.47593e-07,0.000984763,-0.000422006,0.000542589,3.07578e+06,0
68.102,0.971677,0.899985,0.965487,0.862394,0.786772,0.934527,3.13138,0.00155196,-1.62524e-06,4.44563e-07,0.000985211,-0.000422742,0.000546037,3.07578e+06,0
68.122,0.971677,0.899985,0.964808,0.862393,0.784917,0.935514,3.13066,0.00148661,-1.51209e-06,3.97391e-07,0.000954031,-0.000405698,0.000536257,3.06073e+06,0
68.142,0.971677,0.899985,0.964725,0.862393,0.784834,0.935515,3.13001,0.0014868,-1.51389e-06,3.96962e-07,0.000954098,-0.000406171,0.000539689,3.06073e+06,0
68.162,0.971677,0.899985,0.964619,0.862393,0.784728,0.935516,3.12893,0.00148701,-1.51581e-06,3.96354e-07,0.000954185,-0.000406657,0.000543129,3.06073e+06,0
68.182,0.971677,0.899985,0.964452,0.862393,0.784561,0.935518,3.12872,0.00148724,-1.51798e-06,3.95263e-07,0.000954321,-0.000407176,0.000546578,3.06073e+06,0
68.202,0.971677,0.899985,0.964427,0.862393,0.784536,0.935519,3.1293,0.00148741,-1.52005e-06,3.9514e-07,0.000954341,-0.000407618,0.000550035,3.06073e+06,0
68.222,0.971677,0.899985,0.964516,0.862393,0.783487,0.936425,3.12965,0.00142698,-1.41825e-06,3.57575e-07,0.000924511,-0.000391072,0.000540478,3.10475e+06,0
68.242,0.971677,0.899985,0.964555,0.862393,0.783527,0.936424,3.12948,0.00142715,-1.42053e-06,3.57859e-07,0.00092448,-0.000391459,0.00054392,3.10475e+06,0
68.262,0.971677,0.899985,0.964164,0.862393,0.783136,0.936429,3.12882,0.00142751,-1.4231e-06,3.55312e-07,0.000924786,-0.000392081,0.00054737,3.10475e+06,0
68.282,0.971677,0.899985,0.963728,0.862392,0.7827,0.936434,3.12966,0.00142789,-1.42595e-06,3.52283e-07,0.000925129,-0.00039273,0.000550828,3.10475e+06,0
68.302,0.971677,0.899985,0.964201,0.862393,0.783173,0.936429,3.12998,0.00142829,-1.43284e-06,3.5542e-07,0.000924757,-0.000392878,0.000554295,3.10475e+06,0
68.322,0.971677,0.899985,0.96383,0.862393,0.782801,0.936433,3.13012,0.00142864,-1.43526e-06,3.53052e-07,0.000925049,-0.000393494,0.000557771,3.10475e+06,0
68.342,0.971677,0.899985,0.963796,0.862392,0.781751,0.937273,3.13005,0.00137278,-1.34189e-06,3.18841e-07,0.000897121,-0.000377803,0.000548297,3.08899e+06,0
68.362,0.971677,0.899985,0.964124,0.862393,0.782079,0.937269,3.12888,0.0013731,-1.34688e-06,3.20916e-07,0.000896874,-0.000378014,0.000551757,3.08899e+06,0
68.382,0.971677,0.899985,0.964493,0.862394,0.782447,0.937265,3.12996,0.00137344,-1.35287e-06,3.23507e-07,0.000896595,-0.000378201,0.000555226,3.08899e+06,0
68.402,0.971677,0.899985,0.964225,0.862393,0.78218,0.937268,3.12889,0.00137373,-1.3551e-06,3.2178e-07,0.000896798,-0.000378741,0.000558703,3.08899e+06,0
68.422,0.971677,0.899985,0.963654,0.862392,0.781609,0.937275,3.12918,0.0013742,-1.3585e-06,3.1773e-07,0.00089723,-0.00037945,0.000562188,3.05243e+06,0
68.442,0.971677,0.899985,0.964463,0.862394,0.781721,0.938071,3.12836,0.00132293,-1.28328e-06,2.92998e-07,0.000870366,-0.000364087,0.000552877,3.05243e+06,0
68.462,0.971677,0.899985,0.964474,0.862394,0.781732,0.938071,3.12775,0.00132309,-1.2855e-06,2.93061e-07,0.000870359,-0.000364455,0.000556348,3.05243e+06,0
68.482,0.971677,0.899985,0.965267,0.862394,0.782524,0.93806,3.12697,0.00132373,-1.29804e-06,2.99158e-07,0.000869781,-0.000364386,0.000559827,3.05243e+06,0
68.502,0.971677,0.899985,0.965299,0.862394,0.782556,0.93806,3.12657,0.0013239,-1.30073e-06,2.99412e-07,0.000869758,-0.000364741,0.000563315,3.05243e+06,0
68.522,0.971677,0.899985,0.965488,0.862394,0.781929,0.938841,3.12651,0.00127589,-1.22489e-06,2.72993e-07,0.000844974,-0.000350548,0.000554264,3.06247e+06,0
68.542,0.971677,0.899985,0.96545,0.862394,0.781892,0.938842,3.12637,0.00127607,-1.22735e-06,2.72657e-07,0.000845,-0.000350924,0.000557738,3.06247e+06,0
68.562,0.971677,0.899985,0.965867,0.862394,0.782309,0.938836,3.127,0.00127644,-1.2351e-06,2.76181e-07,0.000844708,-0.000351047,0.000561219,3.06247e+06,0
68.582,0.971677,0.899985,0.965905,0.862394,0.782346,0.938835,3.12767,0.00127661,-1.23784e-06,2.76467e-07,0.000844682,-0.000351382,0.00056471,3.06247e+06,0
68.602,0.971677,0.899985,0.965076,0.862392,0.781517,0.938847,3.12843,0.00127728,-1.24324e-06,2.69921e-07,0.000845265,-0.000352206,0.000568208,3.06247e+06,0
68.622,0.971677,0.899985,0.965241,0.862393,0.780952,0.939543,3.1269,0.00123254,-1.17264e-06,2.45882e-07,0.000821895,-0.000338688,0.000559256,3.0844e+06,0
68.642,0.971677,0.899985,0.965223,0.862393,0.780934,0.939543,3.12686,0.0012327,-1.17501e-06,2.45692e-07,0.000821907,-0.000339039,0.000562741,3.0844e+06,0
68.662,0.971677,0.899985,0.965103,0.862393,0.780814,0.939545,3.12783,0.00123292,-1.17756e-06,2.4465e-07,0.000821989,-0.000339447,0.000566234,3.0844e+06,0
68.682,0.971677,0.899985,0.965209,0.862393,0.78092,0.939544,3.12779,0.00123312,-1.18086e-06,2.4544e-07,0.000821917,-0.000339727,0.000569735,3.0844e+06,0
68.702,0.971677,0.899985,0.965201,0.862393,0.780912,0.939544,3.12914,0.00123328,-1.18308e-06,2.45329e-07,0.000821923,-0.000340073,0.000573246,3.0844e+06,0
68.722,0.971677,0.899985,0.965197,0.862393,0.780156,0.940234,3.12837,0.00119147,-1.11652e-06,2.22427e-07,0.000799962,-0.000327273,0.00056437,3.0829e+06,0
68.742,0.971677,0.899985,0.96457,0.862391,0.779528,0.940242,3.12862,0.00119198,-1.12068e-06,2.1768e-07,0.000800373,-0.000327953,0.000567866,3.0829e+06,0
68.762,0.971677,0.899985,0.96486,0.862392,0.779818,0.940238,3.12864,0.00119227,-1.12571e-06,2.19759e-07,0.000800183,-0.000328114,0.000571371,3.0829e+06,0
68.782,0.971677,0.899985,0.964679,0.862391,0.779638,0.940241,3.12894,0.00119252,-1.12809e-06,2.18361e-07,0.000800302,-0.000328543,0.000574884,3.0829e+06,0
68.802,0.971677,0.899985,0.964492,0.86239,0.779451,0.940243,3.12873,0.00119276,-1.13044e-06,2.16938e-07,0.000800425,-0.000328977,0.000578406,3.0829e+06,0
68.822,0.971677,0.899985,0.964271,0.86239,0.778545,0.940914,3.12776,0.00115371,-1.06949e-06,1.94783e-07,0.000779761,-0.000316857,0.000569576,3.08717e+06,0
68.842,0.971677,0.899985,0.963767,0.862388,0.778041,0.940921,3.12716,0.00115414,-1.07326e-06,1.90732e-07,0.000780081,-0.000317456,0.000573084,3.08717e+06,0
68.862,0.971677,0.899985,0.964331,0.86239,0.778605,0.940913,3.12694,0.0011546,-1.08245e-06,1.95321e-07,0.000779723,-0.000317445,0.0005766,3.08717e+06,0
68.882,0.971677,0.899985,0.963566,0.862388,0.77784,0.940925,3.12783,0.00115521,-1.08801e-06,1.8877e-07,0.000780209,-0.000318199,0.000580125,3.08717e+06,0
68.902,0.971677,0.899985,0.963578,0.862388,0.777852,0.940924,3.12725,0.00115538,-1.09033e-06,1.88782e-07,0.000780201,-0.000318505,0.000583658,3.08717e+06,0
68.922,0.971677,0.899985,0.96366,0.862388,0.777934,0.940923,3.12866,0.00115557,-1.09347e-06,1.89379e-07,0.000780149,-0.00031877,0.0005872,3.08717e+06,0
68.942,0.971677,0.899985,0.962921,0.862385,0.776623,0.941565,3.12849,0.00111923,-1.03887e-06,1.65323e-07,0.00076086,-0.000307423,0.000578283,3.06244e+06,0
68.962,0.971677,0.899985,0.962539,0.862383,0.776241,0.94157,3.12803,0.00111958,-1.04197e-06,1.62324e-07,0.000761095,-0.000307944,0.000581811,3.06244e+06,0
68.982,0.971677,0.899985,0.961879,0.862381,0.77558,0.941579,3.12793,0.00112011,-1.04655e-06,1.56996e-07,0.000761502,-0.000308628,0.000585347,3.06244e+06,0
69.002,0.971677,0.899985,0.961834,0.862381,0.775536,0.94158,3.12824,0.00112029,-1.0488e-06,1.5653e-07,0.00076153,-0.000308955,0.000588892,3.06244e+06,0
69.022,0.971677,0.899985,0.961719,0.86238,0.775035,0.94217,3.12805,0.00108575,-9.95819e-07,1.39516e-07,0.000742812,-0.000297748,0.000580088,3.05057e+06,0
69.042,0.971677,0.899985,0.961316,0.862378,0.774631,0.942176,3.12783,0.00108612,-9.9915e-07,1.3622e-07,0.000743053,-0.00029827,0.000583619,3.05057e+06,0
69.062,0.971677,0.899985,0.960806,0.862377,0.774121,0.942183,3.12677,0.00108655,-1.00303e-06,1.31991e-07,0.000743357,-0.000298856,0.000587159,3.05057e+06,0
69.082,0.971677,0.899985,0.96024,0.862375,0.773556,0.942191,3.12724,0.00108701,-1.0075e-06,1.26931e-07,0.000743695,-0.000299477,0.000590707,3.05057e+06,0
69.102,0.971677,0.899985,0.959987,0.862374,0.773302,0.942195,3.1267,0.00108729,-1.01043e-06,1.24642e-07,0.000743847,-0.000299915,0.000594263,3.05057e+06,0
69.122,0.971677,0.899985,0.960213,0.862375,0.773528,0.942191,3.12716,0.00108755,-1.01532e-06,1.26501e-07,0.000743712,-0.00030007,0.000597828,3.05057e+06,0
69.142,0.971677,0.899985,0.960734,0.862376,0.773701,0.942739,3.12622,0.00105521,-9.71839e-07,1.16844e-07,0.000725511,-0.000288883,0.000588896,3.06301e+06,0
69.162,0.971677,0.899985,0.960876,0.862377,0.773844,0.942737,3.12642,0.00105544,-9.7587e-07,1.17998e-07,0.000725429,-0.000289075,0.000592446,3.06301e+06,0
69.182,0.971677,0.899985,0.960093,0.862374,0.773061,0.942749,3.12602,0.00105606,-9.82028e-07,1.10812e-07,0.000725882,-0.000289815,0.000596006,3.06301e+06,0
69.202,0.971677,0.899985,0.960103,0.862374,0.77307,0.942748,3.12568,0.00105622,-9.84617e-07,1.10751e-07,0.000725877,-0.000290086,0.000599574,3.06301e+06,0
69.222,0.971677,0.899985,0.961205,0.862377,0.773726,0.94327,3.12569,0.00102619,-9.54998e-07,1.08376e-07,0.000708245,-0.000279041,0.000590744,3.0686e+06,0
69.242,0.971677,0.899985,0.961344,0.862378,0.773865,0.943268,3.12609,0.00102641,-9.59105e-07,1.09546e-07,0.000708167,-0.000279222,0.000594299,3.0686e+06,0
69.262,0.971677,0.899985,0.961348,0.862378,0.773869,0.943268,3.12636,0.00102657,-9.61628e-07,1.09449e-07,0.000708165,-0.000279483,0.000597861,3.0686e+06,0
69.282,0.971677,0.899985,0.96127,0.862378,0.773791,0.943269,3.12599,0.00102676,-9.64241e-07,1.086e-07,0.000708209,-0.000279794,0.000601432,3.0686e+06,0
69.302,0.971677,0.899985,0.960825,0.862376,0.773346,0.943276,3.12568,0.00102715,-9.68389e-07,1.04282e-07,0.000708458,-0.000280325,0.000605012,3.0686e+06,0
69.322,0.971677,0.899985,0.960463,0.862375,0.772539,0.943771,3.12446,0.000998203,-9.25284e-07,8.87265e-08,0.000692477,-0.000270579,0.000596162,3.08477e+06,0
69.342,0.971677,0.899985,0.959988,0.862374,0.772065,0.943779,3.12343,0.000998609,-9.30078e-07,8.37237e-08,0.000692734,-0.000271115,0.000599728,3.08477e+06,0
69.362,0.971677,0.899985,0.959277,0.862373,0.771354,0.943792,3.12429,0.00099918,-9.37001e-07,7.58045e-08,0.00069312,-0.000271795,0.000603302,3.08477e+06,0
69.382,0.971677,0.899985,0.958826,0.862372,0.770903,0.9438,3.12431,0.000999571,-9.41677e-07,7.09283e-08,0.000693366,-0.000272321,0.000606885,3.08477e+06,0
69.402,0.971677,0.899985,0.95883,0.862372,0.770907,0.9438,3.12443,0.000999733,-9.44484e-07,7.07917e-08,0.000693364,-0.000272573,0.000610476,3.08477e+06,0
69.422,0.971677,0.899985,0.959201,0.862373,0.771277,0.943794,3.12512,0.00100008,-9.52069e-07,7.45054e-08,0.000693162,-0.000272601,0.000614076,3.08477e+06,0
69.442,0.971677,0.899985,0.959405,0.862374,0.771209,0.944286,3.12483,0.000972545,-9.12234e-07,6.61178e-08,0.000677587,-0.000262833,0.000605054,3.07124e+06,0
69.462,0.971677,0.899985,0.959709,0.862375,0.771514,0.944281,3.1239,0.00097285,-9.18673e-07,6.90449e-08,0.000677427,-0.000262891,0.000608639,3.07124e+06,0
69.482,0.971677,0.899985,0.959611,0.862375,0.771415,0.944282,3.12378,0.000973052,-9.21793e-07,6.78126e-08,0.000677479,-0.000263194,0.000612233,3.07124e+06,0
69.502,0.971677,0.899985,0.959369,0.862374,0.771173,0.944287,3.12541,0.000973323,-9.25509e-07,6.50021e-08,0.000677606,-0.000263585,0.000615836,3.07124e+06,0
69.522,0.971677,0.899985,0.959288,0.862374,0.771092,0.944288,3.12559,0.000973517,-9.28308e-07,6.40228e-08,0.000677649,-0.000263878,0.000619447,3.07124e+06,0
69.542,0.971677,0.899985,0.958689,0.862371,0.770158,0.944751,3.12541,0.000947661,-8.91104e-07,4.8587e-08,0.000663201,-0.000254974,0.000610378,3.07159e+06,0
69.562,0.971677,0.899985,0.959219,0.862374,0.770688,0.944742,3.12587,0.000948103,-9.00415e-07,5.36448e-08,0.000662932,-0.000254883,0.000613975,3.07159e+06,0
69.582,0.971677,0.899985,0.958856,0.862372,0.770324,0.944748,3.12745,0.000948441,-9.04297e-07,4.99568e-08,0.000663117,-0.000255338,0.00061758,3.07159e+06,0
69.602,0.971677,0.899985,0.958605,0.86237,0.770074,0.944752,3.12709,0.000948717,-9.07306e-07,4.75846e-08,0.000663245,-0.000255726,0.000621194,3.07159e+06,0
69.622,0.971677,0.899985,0.958175,0.862368,0.769347,0.945204,3.12643,0.000924058,-8.70662e-07,3.52684e-08,0.000649354,-0.000247091,0.000612181,3.08274e+06,0
69.642,0.971677,0.899985,0.957855,0.862366,0.769026,0.945209,3.12667,0.000924371,-8.74231e-07,3.20973e-08,0.000649513,-0.000247511,0.000615781,3.08274e+06,0
69.662,0.971677,0.899985,0.957618,0.862365,0.76879,0.945212,3.12641,0.00092464,-8.77373e-07,2.97271e-08,0.00064963,-0.00024788,0.000619389,3.08274e+06,0
69.682,0.971677,0.899985,0.958338,0.862369,0.76951,0.945201,3.12576,0.000925217,-8.88823e-07,3.63091e-08,0.000649274,-0.000247658,0.000623005,3.08274e+06,0
69.702,0.971677,0.899985,0.958124,0.862368,0.769296,0.945205,3.12475,0.000925474,-8.92058e-07,3.40121e-08,0.000649379,-0.000248014,0.00062663,3.08274e+06,0
69.722,0.971677,0.899985,0.958453,0.862369,0.769393,0.945596,3.12395,0.000901952,-8.59795e-07,2.98547e-08,0.000635729,-0.000239236,0.000617545,3.08793e+06,0
69.742,0.971677,0.899985,0.958303,0.862368,0.769243,0.945599,3.12442,0.000902177,-8.63148e-07,2.80257e-08,0.000635801,-0.000239543,0.000621156,3.08793e+06,0
69.762,0.971677,0.899985,0.9585,0.862369,0.76944,0.945595,3.12497,0.000902426,-8.68219e-07,2.99413e-08,0.000635707,-0.000239634,0.000624775,3.08793e+06,0
69.782,0.971677,0.899985,0.95838,0.862368,0.76932,0.945597,3.12626,0.000902637,-8.7126e-07,2.85088e-08,0.000635764,-0.000239922,0.000628403,3.08793e+06,0
69.802,0.971677,0.899985,0.958617,0.86237,0.769557,0.945594,3.12591,0.000902906,-8.76249e-07,3.06097e-08,0.00063565,-0.000239986,0.000632039,3.08793e+06,0
69.822,0.971677,0.899985,0.958746,0.862371,0.769354,0.945998,3.12693,0.000880415,-8.42701e-07,2.4741e-08,0.000622693,-0.000231659,0.000622881,3.09522e+06,0
69.842,0.971677,0.899985,0.958826,0.862371,0.769434,0.945996,3.12689,0.000880609,-8.45808e-07,2.52875e-08,0.000622656,-0.000231813,0.000626503,3.09522e+06,0
69.862,0.971677,0.899985,0.958704,0.86237,0.769312,0.945998,3.12637,0.000880821,-8.48521e-07,2.39753e-08,0.000622713,-0.000232094,0.000630133,3.09522e+06,0
69.882,0.971677,0.899985,0.958289,0.862368,0.768896,0.946005,3.12556,0.000881191,-8.52684e-07,1.97989e-08,0.000622906,-0.00023256,0.000633771,3.09522e+06,0
69.902,0.971677,0.899985,0.957833,0.862366,0.768441,0.946012,3.1254,0.000881584,-8.57308e-07,1.49765e-08,0.000623118,-0.000233053,0.000637419,3.09522e+06,0
69.922,0.971677,0.899985,0.958644,0.86237,0.768999,0.946392,3.12542,0.000860573,-8.35118e-07,1.70609e-08,0.000610383,-0.00022458,0.000628171,3.0884e+06,0
69.942,0.971677,0.899985,0.958867,0.862371,0.769222,0.946389,3.12484,0.000860834,-8.40153e-07,1.91426e-08,0.000610283,-0.000224635,0.000631803,3.0884e+06,0
69.962,0.971677,0.899985,0.957804,0.862366,0.768159,0.946407,3.12498,0.000861702,-8.50695e-07,7.69396e-09,0.000610762,-0.000225502,0.000635444,3.0884e+06,0
69.982,0.971677,0.899985,0.957744,0.862365,0.7681,0.946408,3.12424,0.000861886,-8.5354e-07,6.86822e-09,0.000610788,-0.000225736,0.000639093,3.0884e+06,0
70.002,0.971677,0.899985,0.958176,0.862367,0.768532,0.9464,3.12398,0.000862266,-8.61809e-07,1.14659e-08,0.000610594,-0.000225655,0.000642751,3.0884e+06,0
70.022,0.971677,0.899985,0.958253,0.862368,0.768427,0.946758,3.12418,0.000841726,-8.30332e-07,6.42445e-09,0.000598711,-0.000217934,0.000633416,3.07143e+06,0
70.042,0.971677,0.899985,0.957712,0.862365,0.767886,0.946767,3.12517,0.000842175,-8.36106e-07,2.59491e-10,0.000598947,-0.000218464,0.000637059,3.07143e+06,0
70.062,0.971677,0.899985,0.957828,0.862366,0.768002,0.946765,3.12599,0.000842385,-8.39968e-07,1.27776e-09,0.000598896,-0.000218577,0.00064071,3.07143e+06,0
70.082,0.971677,0.899985,0.957524,0.862364,0.767698,0.94677,3.12551,0.00084269,-8.43684e-07,-1.96216e-09,0.000599029,-0.000218959,0.00064437,3.07143e+06,0
70.102,0.971677,0.899985,0.957591,0.862364,0.767764,0.946769,3.12496,0.000842877,-8.46939e-07,-1.47125e-09,0.000599,-0.000219104,0.000648039,3.07143e+06,0
70.122,0.971677,0.899985,0.958155,0.862368,0.768328,0.94676,3.12656,0.000843342,-8.56722e-07,4.4116e-09,0.000598753,-0.000218926,0.000651716,3.07143e+06,0
70.142,0.971677,0.899985,0.957992,0.862367,0.768032,0.947138,3.12626,0.000823731,-8.25497e-07,-2.59456e-09,0.000587452,-0.0002116,0.000642158,3.0493e+06,0
70.162,0.971677,0.899985,0.957266,0.862362,0.767305,0.947149,3.12451,0.000824314,-8.32065e-07,-9.9515e-09,0.00058776,-0.000212246,0.000645819,3.0493e+06,0
70.182,0.971677,0.899985,0.95709,0.862361,0.76713,0.947152,3.12384,0.000824551,-8.3549e-07,-1.20945e-08,0.000587834,-0.000212539,0.000649489,3.0493e+06,0
70.202,0.971677,0.899985,0.957169,0.862362,0.767209,0.947151,3.12604,0.000824745,-8.39219e-07,-1.13866e-08,0.000587801,-0.000212667,0.000653168,3.0493e+06,0
70.222,0.971677,0.899985,0.956986,0.86236,0.766894,0.947512,3.12624,0.000805999,-8.0965e-07,-1.77786e-08,0.00057694,-0.000205619,0.000643632,3.05442e+06,0
70.242,0.971677,0.899985,0.956869,0.862359,0.766778,0.947514,3.12673,0.000806209,-8.12503e-07,-1.91362e-08,0.000576988,-0.000205866,0.000647295,3.05442e+06,0
70.262,0.971677,0.899985,0.957161,0.862362,0.76707,0.947509,3.12617,0.000806507,-8.17829e-07,-1.65326e-08,0.000576868,-0.000205849,0.000650966,3.05442e+06,0
70.282,0.971677,0.899985,0.957331,0.862363,0.767239,0.947507,3.12605,0.000806742,-8.21992e-07,-1.50342e-08,0.000576799,-0.00020591,0.000654647,3.05442e+06,0
70.302,0.971677,0.899985,0.957386,0.862363,0.767295,0.947506,3.12643,0.000806925,-8.25014e-07,-1.46705e-08,0.000576776,-0.000206046,0.000658336,3.05442e+06,0
70.322,0.971677,0.899985,0.95711,0.862361,0.766884,0.947845,3.12585,0.00078903,-7.97039e-07,-2.15916e-08,0.000566383,-0.000199312,0.000648696,3.0576e+06,0
70.342,0.971677,0.899985,0.956841,0.862359,0.766615,0.947849,3.12558,0.000789316,-8.00686e-07,-2.4547e-08,0.00056649,-0.000199651,0.000652369,3.0576e+06,0
70.362,0.971677,0.899985,0.957083,0.862361,0.766857,0.947845,3.1251,0.000789588,-8.0582e-07,-2.22155e-08,0.000566393,-0.000199657,0.00065605,3.0576e+06,0
70.382,0.971677,0.899985,0.957866,0.862366,0.76764,0.947832,3.12499,0.000790213,-8.18729e-07,-1.39432e-08,0.000566081,-0.000199307,0.000659741,3.0576e+06,0
70.402,0.971677,0.899985,0.957364,0.862363,0.767138,0.94784,3.12468,0.000790637,-8.24092e-07,-1.96391e-08,0.000566282,-0.000199802,0.000663439,3.0576e+06,0
70.422,0.971677,0.899985,0.957608,0.862365,0.767178,0.948154,3.12541,0.000773444,-7.98621e-07,-2.07911e-08,0.000556087,-0.000192967,0.00065369,3.09498e+06,0
70.442,0.971677,0.899985,0.957696,0.862365,0.767266,0.948153,3.12447,0.000773641,-8.0209e-07,-2.00515e-08,0.000556053,-0.000193066,0.000657373,3.09498e+06,0
70.462,0.971677,0.899985,0.958043,0.862367,0.767613,0.948147,3.12485,0.00077397,-8.08867e-07,-1.63394e-08,0.00055592,-0.000192994,0.000661064,3.09498e+06,0
70.482,0.971677,0.899985,0.958037,0.862367,0.767606,0.948147,3.12508,0.000774132,-8.11569e-07,-1.66014e-08,0.000555922,-0.000193154,0.000664764,3.09498e+06,0
70.502,0.971677,0.899985,0.957308,0.862363,0.766877,0.948159,3.12377,0.000774716,-8.18873e-07,-2.48002e-08,0.000556204,-0.000193796,0.000668473,3.09498e+06,0
70.522,0.971677,0.899985,0.956669,0.862359,0.766239,0.94817,3.1228,0.000775234,-8.25865e-07,-3.26153e-08,0.000556452,-0.00019438,0.00067219,3.09397e+06,0
70.542,0.971677,0.899985,0.957665,0.862364,0.767009,0.948453,3.12214,0.00075924,-8.14259e-07,-2.34744e-08,0.000546344,-0.000187231,0.000662192,3.09397e+06,0
70.562,0.971677,0.899985,0.957865,0.862365,0.767209,0.94845,3.12186,0.00075949,-8.19852e-07,-2.10882e-08,0.00054627,-0.000187248,0.000665893,3.09397e+06,0
70.582,0.971677,0.899985,0.958002,0.862365,0.767346,0.948447,3.12189,0.00075971,-8.24693e-07,-1.9471e-08,0.000546218,-0.000187306,0.000669602,3.09397e+06,0
70.602,0.971677,0.899985,0.958145,0.862366,0.767488,0.948444,3.12323,0.000759932,-8.29595e-07,-1.77759e-08,0.000546165,-0.00018736,0.000673319,3.09397e+06,0
70.622,0.971677,0.899985,0.958681,0.862369,0.768025,0.948434,3.12364,0.000760378,-8.39642e-07,-1.13204e-08,0.000545965,-0.000187147,0.000677046,3.06286e+06,0
70.642,0.971677,0.899985,0.959248,0.862373,0.768437,0.948727,3.12341,0.000744677,-8.19526e-07,-8.49564e-09,0.000536423,-0.000180546,0.00066695,3.06286e+06,0
70.662,0.971677,0.899985,0.96001,0.862377,0.769198,0.948713,3.12437,0.000745287,-8.33112e-07,5.88544e-10,0.000536148,-0.000180179,0.000670659,3.06286e+06,0
70.682,0.971677,0.899985,0.959931,0.862377,0.76912,0.948714,3.12353,0.00074548,-8.36191e-07,-4.72192e-10,0.000536176,-0.000180372,0.000674377,3.06286e+06,0
70.702,0.971677,0.899985,0.959563,0.862375,0.768752,0.948721,3.12394,0.000745821,-8.41152e-07,-5.11853e-09,0.000536309,-0.000180761,0.000678103,3.06286e+06,0
70.722,0.971677,0.899985,0.959823,0.862376,0.76882,0.949004,3.12366,0.00073054,-8.16999e-07,-6.12219e-09,0.000527236,-0.000174615,0.000668031,3.07756e+06,0
70.742,0.971677,0.899985,0.960003,0.862377,0.769,0.949001,3.1238,0.00073078,-8.21872e-07,-4.11631e-09,0.000527174,-0.000174629,0.000671741,3.07756e+06,0
70.762,0.971677,0.899985,0.959987,0.862377,0.768984,0.949001,3.12358,0.000730947,-8.24784e-07,-4.46654e-09,0.000527179,-0.000174774,0.000675459,3.07756e+06,0
70.782,0.971677,0.899985,0.959576,0.862375,0.768573,0.949009,3.12327,0.000731313,-8.30087e-07,-9.62459e-09,0.000527323,-0.000175186,0.000679186,3.07756e+06,0
70.802,0.971677,0.899985,0.959944,0.862377,0.768941,0.949002,3.12301,0.000731654,-8.37514e-07,-5.20279e-09,0.000527194,-0.000175071,0.000682922,3.07756e+06,0
70.822,0.971677,0.899985,0.960083,0.862378,0.768857,0.949283,3.12357,0.000716893,-8.12777e-07,-7.38999e-09,0.000518491,-0.000169211,0.000672731,3.09301e+06,0
70.842,0.971677,0.899985,0.96011,0.862378,0.768884,0.949282,3.1229,0.000717064,-8.15944e-07,-7.20964e-09,0.000518482,-0.000169321,0.00067645,3.09301e+06,0
70.862,0.971677,0.899985,0.960122,0.862378,0.768896,0.949282,3.12293,0.000717228,-8.19059e-07,-7.21322e-09,0.000518478,-0.000169441,0.000680177,3.09301e+06,0
70.882,0.971677,0.899985,0.959965,0.862377,0.768739,0.949285,3.12174,0.000717457,-8.22831e-07,-9.35757e-09,0.000518531,-0.000169676,0.000683912,3.09301e+06,0
70.902,0.971677,0.899985,0.959306,0.862374,0.76808,0.949298,3.12025,0.000717989,-8.31164e-07,-1.84721e-08,0.000518755,-0.000170255,0.000687657,3.09301e+06,0
70.922,0.971677,0.899985,0.959034,0.862374,0.767809,0.949304,3.11911,0.000718276,-8.36296e-07,-2.26271e-08,0.000518848,-0.00017057,0.00069141,3.09301e+06,0
70.942,0.971677,0.899985,0.959306,0.862374,0.767879,0.949545,3.11912,0.000704119,-8.1509e-07,-2.16318e-08,0.000510388,-0.000164765,0.000680955,3.06468e+06,0
70.962,0.971677,0.899985,0.959748,0.862376,0.768321,0.949535,3.12021,0.000704504,-8.25389e-07,-1.50303e-08,0.000510242,-0.000164586,0.00068469,3.06468e+06,0
70.982,0.971677,0.899985,0.959768,0.862376,0.76834,0.949535,3.12008,0.000704672,-8.29049e-07,-1.48972e-08,0.000510236,-0.000164695,0.000688434,3.06468e+06,0
71.002,0.971677,0.899985,0.959189,0.862374,0.767762,0.949548,3.1197,0.000705147,-8.37205e-07,-2.36338e-08,0.000510427,-0.000165216,0.000692186,3.06468e+06,0
71.022,0.971677,0.899985,0.959181,0.862374,0.767754,0.949548,3.11971,0.00070531,-8.40748e-07,-2.39218e-08,0.00051043,-0.000165344,0.000695947,3.07191e+06,0
71.042,0.971677,0.899985,0.959334,0.862374,0.767705,0.949799,3.1204,0.000691605,-8.1792e-07,-2.46383e-08,0.0005023,-0.000159806,0.000685373,3.07191e+06,0
71.062,0.971677,0.899985,0.959153,0.862373,0.767524,0.949803,3.12163,0.000691845,-8.22399e-07,-2.74312e-08,0.000502358,-0.000160047,0.000689116,3.07191e+06,0
71.082,0.971677,0.899985,0.958991,0.862372,0.767362,0.949806,3.12208,0.000692076,-8.2649e-07,-2.982e-08,0.00050241,-0.000160276,0.000692868,3.07191e+06,0
71.102,0.971677,0.899985,0.959357,0.862375,0.767728,0.949799,3.12247,0.000692416,-8.34267e-07,-2.50406e-08,0.000502293,-0.000160139,0.000696628,3.07191e+06,0
71.122,0.971677,0.899985,0.958994,0.862372,0.76725,0.950053,3.12207,0.000679321,-8.12019e-07,-3.2606e-08,0.000494601,-0.000155155,0.000686073,3.06578e+06,0
71.142,0.971677,0.899985,0.95911,0.862373,0.767366,0.950051,3.12114,0.000679531,-8.16466e-07,-3.12195e-08,0.000494565,-0.000155187,0.000689815,3.06578e+06,0
71.162,0.971677,0.899985,0.958916,0.862372,0.767173,0.950055,3.12076,0.000679778,-8.20888e-07,-3.41147e-08,0.000494625,-0.000155432,0.000693566,3.06578e+06,0
71.182,0.971677,0.899985,0.959148,0.862373,0.767405,0.95005,3.12076,0.000680044,-8.27193e-07,-3.09264e-08,0.000494553,-0.000155382,0.000697326,3.06578e+06,0
71.202,0.971677,0.899985,0.958528,0.86237,0.766785,0.950063,3.12136,0.000680548,-8.35666e-07,-4.01153e-08,0.000494746,-0.000155927,0.000701094,3.06578e+06,0
71.222,0.971677,0.899985,0.957747,0.862366,0.766004,0.950078,3.12144,0.000681172,-8.45799e-07,-5.13797e-08,0.00049499,-0.000156587,0.000704871,3.06578e+06,0
71.242,0.971677,0.899985,0.95757,0.862365,0.765693,0.95032,3.12157,0.000668407,-8.22569e-07,-5.56392e-08,0.000487473,-0.000151587,0.000694042,3.07492e+06,0
71.262,0.971677,0.899985,0.957195,0.862363,0.765319,0.950327,3.12175,0.000668752,-8.28316e-07,-6.10444e-08,0.000487587,-0.000151955,0.0006978,3.07492e+06,0
71.282,0.971677,0.899985,0.957359,0.862364,0.765483,0.950324,3.12261,0.000668984,-8.33429e-07,-5.89688e-08,0.000487538,-0.000151948,0.000701567,3.07492e+06,0
71.302,0.971677,0.899985,0.956895,0.86236,0.765018,0.950333,3.12247,0.000669384,-8.39648e-07,-6.53603e-08,0.000487679,-0.000152382,0.000705343,3.07492e+06,0
71.322,0.971677,0.899985,0.956895,0.86236,0.764578,0.950571,3.12267,0.000657099,-8.17422e-07,-6.98753e-08,0.000480419,-0.000147599,0.000694529,3.10482e+06,0
71.342,0.971677,0.899985,0.955648,0.862351,0.763584,0.950589,3.12284,0.000657903,-8.29791e-07,-8.3163e-08,0.000480714,-0.000148394,0.000698286,3.10482e+06,0
71.362,0.971677,0.899985,0.955648,0.862351,0.763567,0.95059,3.12284,0.00065807,-8.32871e-07,-8.36038e-08,0.000480719,-0.000148509,0.000702052,3.10482e+06,0
71.382,0.971677,0.899985,0.955263,0.862348,0.763198,0.950597,3.12355,0.000658411,-8.3821e-07,-8.86791e-08,0.000480828,-0.000148872,0.000705826,3.10482e+06,0
71.402,0.971677,0.899985,0.955094,0.862347,0.76303,0.9506,3.12419,0.000658645,-8.41971e-07,-9.105e-08,0.000480879,-0.000149095,0.000709609,3.10482e+06,0
71.422,0.971677,0.899985,0.955816,0.862353,0.763752,0.950587,3.12304,0.000659224,-8.53979e-07,-8.23525e-08,0.000480664,-0.000148686,0.000713401,3.06377e+06,0
71.442,0.971677,0.899985,0.955429,0.86235,0.763306,0.950835,3.12367,0.00064739,-8.32663e-07,-8.79067e-08,0.000473661,-0.000144114,0.000702316,3.06377e+06,0
71.462,0.971677,0.899985,0.954782,0.862345,0.762659,0.950847,3.12269,0.000647912,-8.40303e-07,-9.62732e-08,0.000473848,-0.000144668,0.000706089,3.06377e+06,0
71.482,0.971677,0.899985,0.954708,0.862344,0.762584,0.950848,3.12257,0.000648104,-8.43706e-07,-9.7503e-08,0.00047387,-0.00014482,0.00070987,3.06377e+06,0
71.502,0.971677,0.899985,0.955473,0.862349,0.76335,0.950833,3.12147,0.000648716,-8.57529e-07,-8.73885e-08,0.000473649,-0.000144376,0.00071366,3.06377e+06,0
71.522,0.971677,0.899985,0.955249,0.862348,0.763126,0.950838,3.12062,0.000648978,-8.6213e-07,-9.08242e-08,0.000473714,-0.000144634,0.000717459,3.06683e+06,0
71.542,0.971677,0.899985,0.955042,0.862347,0.762846,0.95105,3.1211,0.000637417,-8.4019e-07,-9.40408e-08,0.000466876,-0.000140079,0.000706251,3.06683e+06,0
71.562,0.971677,0.899985,0.955618,0.862351,0.763423,0.951038,3.12131,0.000637891,-8.51603e-07,-8.59051e-08,0.000466714,-0.000139765,0.000710031,3.06683e+06,0
71.582,0.971677,0.899985,0.955444,0.862349,0.763248,0.951042,3.12061,0.000638128,-8.55905e-07,-8.86299e-08,0.000466763,-0.000139983,0.000713818,3.06683e+06,0
71.602,0.971677,0.899985,0.955367,0.862349,0.763171,0.951043,3.12043,0.000638321,-8.59708e-07,-9.00058e-08,0.000466785,-0.000140132,0.000717615,3.06683e+06,0
71.622,0.971677,0.899985,0.954982,0.862347,0.762786,0.951052,3.12011,0.000638672,-8.6596e-07,-9.60801e-08,0.000466893,-0.000140503,0.00072142,3.06683e+06,0
71.642,0.971677,0.899985,0.954434,0.862344,0.762182,0.951257,3.12099,0.00062768,-8.47692e-07,-1.04264e-07,0.000460358,-0.000136332,0.000710093,3.06806e+06,0
71.662,0.971677,0.899985,0.953875,0.86234,0.761623,0.951269,3.12145,0.000628142,-8.55577e-07,-1.12693e-07,0.000460511,-0.00013682,0.000713879,3.06806e+06,0
71.682,0.971677,0.899985,0.954429,0.862344,0.762178,0.951258,3.12152,0.000628601,-8.66404e-07,-1.04946e-07,0.000460359,-0.000136514,0.000717673,3.06806e+06,0
71.702,0.971677,0.899985,0.954447,0.862344,0.762195,0.951257,3.12164,0.000628768,-8.6981e-07,-1.0492e-07,0.000460355,-0.000136591,0.000721476,3.06806e+06,0
71.722,0.971677,0.899985,0.95429,0.862343,0.762016,0.951464,3.12159,0.0006179,-8.479e-07,-1.06651e-07,0.000453911,-0.000132294,0.000710173,3.06949e+06,0
71.742,0.971677,0.899985,0.953771,0.862339,0.761497,0.951474,3.12213,0.000618335,-8.55169e-07,-1.14265e-07,0.000454049,-0.000132749,0.000713957,3.06949e+06,0
71.762,0.971677,0.899985,0.954025,0.862341,0.761751,0.95147,3.12268,0.000618613,-8.61261e-07,-1.10965e-07,0.000453981,-0.000132653,0.000717749,3.06949e+06,0
71.782,0.971677,0.899985,0.954309,0.862343,0.762035,0.951464,3.12298,0.000618907,-8.67559e-07,-1.07337e-07,0.000453906,-0.000132535,0.000721549,3.06949e+06,0
71.802,0.971677,0.899985,0.95471,0.862347,0.762436,0.951457,3.12228,0.000619267,-8.75299e-07,-1.02174e-07,0.0004538,-0.000132331,0.000725359,3.06949e+06,0
71.822,0.971677,0.899985,0.95391,0.86234,0.761636,0.951472,3.1225,0.000619907,-8.85526e-07,-1.13621e-07,0.000454013,-0.000132997,0.000729177,3.0573e+06,0
71.842,0.971677,0.899985,0.95359,0.862338,0.761313,0.951673,3.12365,0.000609432,-8.64558e-07,-1.17162e-07,0.000447799,-0.000128927,0.000717606,3.0573e+06,0
71.862,0.971677,0.899985,0.953824,0.86234,0.761547,0.951668,3.12425,0.000609699,-8.69919e-07,-1.14383e-07,0.000447739,-0.000128841,0.000721403,3.0573e+06,0
71.882,0.971677,0.899985,0.954075,0.862342,0.761798,0.951664,3.1235,0.000609975,-8.75299e-07,-1.11469e-07,0.000447674,-0.000128741,0.00072521,3.0573e+06,0
71.902,0.971677,0.899985,0.95405,0.862342,0.761774,0.951665,3.1242,0.000610145,-8.78312e-07,-1.12017e-07,0.00044768,-0.00012884,0.000729025,3.0573e+06,0
71.922,0.971677,0.899985,0.954381,0.862345,0.762104,0.951659,3.12305,0.000610465,-8.84643e-07,-1.0805e-07,0.000447595,-0.00012868,0.000732849,3.0573e+06,0
71.942,0.971677,0.899985,0.954324,0.862345,0.76195,0.951848,3.12302,0.000600183,-8.62154e-07,-1.08087e-07,0.000441506,-0.000124569,0.000721165,3.09381e+06,0
